# Source: GeoNames (www.geonames.org), CC BY 4.0. Regenerate with build_places.py.
geonameid	name	state	lat	lon	population	alternates
1275339	Mumbai	Maharashtra	19.0728	72.8826	12691836	Asumumbay|Bombai|Bombaim|Bombaj|Bombay|Bombaya|Bombej|Bombejus|Bumbaj|Dakbayan sa Bombay|Lungsod ng Mumbai|Moembaai
1273294	Delhi	Delhi	28.6519	77.2315	11034555	Daehli|Dehli|Delchi|Delhio|Deli|Delis|Delkhi|Dellium|Dilhi|Dilli|Faritani Delhi|New Delhi
1277333	Bengaluru	Karnataka	12.9719	77.5937	8495492	Ban'nkalor|Bangalor|Bangalore|Bangalore City|Bangalur|Bangaluri|Bengalour|Bengaluras|Bengaluro|Bengalurus
1269843	Hyderabad	Telangana	17.3840	78.4564	6993262	Bhaganagar|Haidarabadas|Haiderabad|Hajdarabad|Hajderabad|Hyderabad AP|Khajdarabad|Khajderabad
1279233	Ahmedabad	Gujarat	23.0258	72.5873	6357693	Achmentampant|Ahmadabad|Ahmadabadas|Ahmadabado|Ahmadobod|Akhmadabad|Akhmadabad shaary|Akhmedabad|Amadavad|Amdavada|Amedabato|Amedebatum
1264527	Chennai	Tamil Nadu	13.0878	80.2785	4681087	Cenaj|Cenajo|Cenajus|Cenay|Cennai|Cennaj|Chehnai|Chenaj|Chennai - cennai|Chennaj|Csennai|Maderaspatanum
1275004	Kolkata	West Bengal	22.5626	88.3630	4631392	Calcuta|Calcutta|Caligardamana|Kaelkuettae|Kal'kuta|Kal'kutta|Kal'kuttae|Kalikata|Kalkata|Kalkota|Kalkouta|Kalkueta
1255364	Surat	Gujarat	21.1959	72.8302	4591246	Suratas|Surate|Surato
1259229	Pune	Maharashtra	18.5196	73.8554	3124458	Poona|Poune|Puna|Punae|Puneo|Puni|Puno
1269515	Jaipur	Rajasthan	26.9196	75.7878	3046163	Caypur|Dzaipur|Dzaipuras|Dzajpur|Dzajpura|Dzhajpur|Dzsaipur|Gajpuro|Iaipura|Jainagar|Jaipur City|Jayapur
1267995	Kanpur	Uttar Pradesh	26.4652	80.3498	2823249	Cawnpore|Cawnporne|Kanpour|Kanpuras|Kanpuro|Kanpwr
6619347	Navi Mumbai	Maharashtra	19.0368	73.0158	2600000	Navi Moembaai|Navi Mumbaj|Navi-Mumbaj|New Bombay|Nova Bombaim|Novmumbajo
1264733	Lucknow	Uttar Pradesh	26.8393	80.9231	2472011	Lakhnau|Lakkhnau|Lakkhnau shaary|Laknaou|Laknau|Laknauo|Laknava|Lucknow City|Luknow
1262180	Nagpur	Maharashtra	21.1463	79.0849	2405665	Ajni|Nagpore|Nagpura|Nagpuras|Nagpuro|Nankpour
1273865	Coimbatore	Tamil Nadu	11.0055	76.9661	2136916	Koimbator|Koimbatore|Koimbatur|Kojambuttur|Kovai|Koyambattur|Koyamuttur
1269743	Indore	Madhya Pradesh	22.7179	75.8333	1994397	Indaur|Indhur|Indor|Indore Madhya Pradesh|Induras|Induro
1254661	Thane	Maharashtra	19.1970	72.9635	1841488	Tane|Tanna|Thana|Tkhana|Tkhane
1253573	Vadodara	Gujarat	22.2994	73.2081	1822221	Baroda|Vadadara|Vadodarae|Vadodaro|Vantontara|Vapadedara
1275841	Bhopal	Madhya Pradesh	23.2547	77.4029	1798218	Bhojpal|Bhopala|Bhopalas|Bhopalo|Bkhapal|Bkhopal|Bopal
1258393	Rasapudipalem	Andhra Pradesh	17.7331	83.3162	1728128	Raspari Palao|Visakhapatnam
7626690	Pimpri-Chinchwad	Maharashtra	18.6187	73.8037	1727692	Pimpri Chinchwad|Pimpri-Chinchvad|Pimpri-Cincvad|Pimpri-Csincsvad|Pimpris-Cincvadas|Pimpry-Chynchvad
1260086	Patna	Bihar	25.5941	85.1356	1684297	New Patna|Patna New City|Patnao
12165956	Kallakurichi	Tamil Nadu	11.7338	78.9592	1682687	Kallakurikkhi
1264728	Ludhiana	Punjab	30.9120	75.8538	1618879	Ludhijana|Ludijana|Ludkhiana|Ludkhijana
1261731	Nashik	Maharashtra	19.9973	73.7910	1486053	Nasik|Nasikas|Nasiko|Naszik
1264521	Madurai	Tamil Nadu	9.9190	78.1195	1465625	Madura|Maduraj|Madurajus|Mathurai
1254361	Tirunelveli	Tamil Nadu	8.7274	77.6838	1435844	Nellai|Tinnevelli|Tinnevelly|Tinnevelly Junction|Tirunelweli
1279259	Agra	Uttar Pradesh	27.1833	78.0167	1430055	Agra - agara|Agro|Aqra|Lungsod ng Agra
1271951	Faridabad	Haryana	28.4112	77.3132	1414050	Faridabadas|Faridabado|Farydabad
1258847	Rajkot	Gujarat	22.2916	70.7932	1390640	Radzhkot|Radzkot|Radzkotas
1262111	Najafgarh	Delhi	28.6092	76.9798	1365000	Nadzhafgarkh|Najafgarli|Najfargharh
1269300	Jamshedpur	Jharkhand	22.8028	86.1855	1339438	Cemsidpur|Dzamsedpur|Dzamsedpura|Dzamsedpuras|Dzamshedpur|Dzhamshedpur|Dzhamshehdpur|Dzsamsedpur|Gamsedpur|Jamsedpur|Jamshidpur|Jarnshedpur
1259652	Pimpri	Maharashtra	18.6229	73.8070	1284606	
1268295	Kalyan	Maharashtra	19.2437	73.1355	1262255	Kal'jan
1272423	Dombivali	Maharashtra	19.2167	73.0833	1247327	Dombivli|Kalyan-Dombivli
1263214	Meerut	Uttar Pradesh	28.9800	77.7064	1223184	Meerut City|Merath|Meratkh|Mirat|Miratas|Mirut
1253133	Virar	Maharashtra	19.4559	72.8114	1222390	Vasai-Virar City
1261162	Nowrangapur	Odisha	19.2311	82.5483	1220946	Nabarangapur|Nabarangpur|Nowrangpur
1255634	Srinagar	Jammu and Kashmir	34.0857	74.8055	1206419	Caspira|Shrinagar|Srinagaras|Srinagaro|Srinankar|Srinigar|Srynagar|Suryanagar|Szrinagar
1271308	Ghaziabad	Uttar Pradesh	28.6654	77.4391	1199191	Gaziabad|Gaziabade|Gazijabad|Ghazibad
1272979	Dhanbad	Jharkhand	23.7976	86.4299	1196214	Dhanabad|Dhanbaid|Dkhanbad
1278149	Aurangabad	Maharashtra	19.8776	75.3423	1175116	Aurangabad - aurangabada|Aurangabadas|Aurangabado|Chhatrapati Sambhaji Nagar
1253405	Varanasi	Uttar Pradesh	25.3167	83.0104	1164404	Banaras|Banares|Benares|Kashi|Kasi|Varanasio|Varanasis|Varanassi|Waranasi
1278710	Amritsar	Punjab	31.6223	74.8753	1159227	Amricar|Amritsara|Amritsaras|Amritszar|Amrytsar
1253184	Vijayawada	Andhra Pradesh	16.5074	80.6466	1143232	Bejawada|Bezawada|Bezwada|Vidzajavada|Vidzhajavada|Vidzsajavada|Vijajauada|Vijayavada|Widzajawada
1258526	Ranchi	Jharkhand	23.3432	85.3094	1120374	Ranci|Rancis|Rancsi
1269633	Jabalpur	Madhya Pradesh	23.1670	79.9501	1081677	Dzabalpur|Dzabalpuras|Dzhabalpur|Dzsabalpur|Gabalpuro|Jubbulpore
1278994	Prayagraj	Uttar Pradesh	25.4448	81.8432	1073438	Alahabadas|Alla Abba Habab|Allahabad|Allahabad - ilahabada|Allakhabad|Ilahabad|Prayag
1253102	Visakhapatnam	Andhra Pradesh	17.6801	83.2016	1063178	Vaisakhapattanam|Visak|Visakha|Visakhapatnamas|Vishakapatnam|Vishakhapatanam|Vishakhapatnam|Vishakkhapatnam|Vizag|Vizag City|Vizagapatam|Vizagapatnam
1268865	Jodhpur	Rajasthan	26.2684	73.0059	1056191	Codpur|Dzhodkhpur|Dzodhpur|Dzodhpura|Dzodhpuras|Dzodpur|Dzsodhpur|Godhpur|Jodhpur City|Tzontchpour
1270583	Gwalior	Madhya Pradesh	26.2298	78.1734	1054420	Gvalior
1254745	Teni	Tamil Nadu	10.0112	77.4777	1034724	Theni|Tkheni
1270396	Howrah	West Bengal	22.5769	88.3186	1027672	Haora|Haura|Hawrah|Khaora
1258980	Raipur	Chhattisgarh	21.2333	81.6333	1027264	Raipura|Raipuras|Rajpur|Rajpuro|Rayapura|Raypur
1254388	Tiruchirappalli	Tamil Nadu	10.8155	78.6965	1022518	Tiruccirappalli|Tiruccsirapalli|Tiruchchinappalli|Tiruchchirappalli|Tiruchi|Tiruchirapali|Tiruchirapalli|Tirucirapali|Trichinapalli|Trichinopoli|Trichinopoly|Trichy
1266049	Kota	Rajasthan	25.1825	75.8391	1001694	Kotah|Kotah City
6943660	Shivaji Nagar	Maharashtra	18.5302	73.8526	1000000	Shivadzhi-Nagar
1256436	Sholapur	Maharashtra	17.6715	75.9104	997281	Solapur
1274746	Chandigarh	Chandigarh	30.7363	76.7884	970602	Candigarchas|Candigarh|Chandigar|Chandigarkh|Czandigarh
1254348	Tiruppur	Tamil Nadu	11.1154	77.3546	963173	Tirupur
1271476	Guwahati	Assam	26.1844	91.7458	962334	Gauhati|Gaukhati|Guvahati|Guvahatis|Guvakhati
1269920	Hubballi	Karnataka	15.3478	75.1338	943788	Hubli|Hubli City|Khubli-Dkharvad
1262321	Mysuru	Karnataka	12.2979	76.6393	920550	Mahisur|Maisur|Maisuru|Majsor|Majsur|Majszur|Mysooru|Mysore
1257629	Salem	Tamil Nadu	11.6538	78.1554	917414	Selam|Szalem
1270642	Gurugram	Haryana	28.4601	77.0263	886519	Guragaona|Gurgaon|Gurgaonas|Gurgaono|Nkournkaon
1275817	Bhubaneswar	Odisha	20.2724	85.8338	885363	Bhubaneshwar|Bkhubaneshvar|Ekamra-Kshetra|Temple City of India
1275901	Bhiwandi	Maharashtra	19.3002	73.0588	874032	Bhivandi|Bhiwndi|Bivandi|Bkhivandi
1268782	Jalandhar	Punjab	31.3256	75.5792	868929	Calandhar|Dzalandar|Dzalandhar|Dzalandhara|Dzalandharas|Dzhalandkhar|Dzsalandhar|Galangar|Jullundur|Jullundur City|Tzalantar
12069922	Rohini	Delhi	28.7432	77.0678	860000	Rokhini
12501153	Kanayannur	Kerala	9.9667	76.2667	851406	Kanajannur
1276014	Bhayandar	Maharashtra	19.3016	72.8511	809378	Bhayander|Bhayndar|Bhayundar|Bkhajandar|Mira-Bhayandar
1261809	Narela	Delhi	28.8527	77.0929	800000	
1254163	Thiruvananthapuram	Kerala	8.4855	76.9492	788271	City of Lord Anantha|Tiruvananantapuram|Tiruvanantapuram|Tiruvanantapuramas|Tkhiruvanantkhapuram|Trivandrum
1279017	Aligarh	Uttar Pradesh	27.8815	78.0746	753207	Aligarkh|Koil
1277013	Bareilly	Uttar Pradesh	28.3668	79.4317	745435	Barejli|Bareli
1262801	Moradabad	Uttar Pradesh	28.8389	78.7768	721139	Muradabad
1252948	Warangal	Telangana	18.0000	79.5833	704570	Ekasila Nagaram|Orugallu|Varangal|Varangalas
1272866	Dharavi	Maharashtra	19.0500	72.8667	700000	Bombay Dharavi|Dkharavi
1270927	Gorakhpur	Uttar Pradesh	26.7663	83.3689	674246	Gorakhpuras|Gorakkhpur|Gorakpur|Gorakpura|Goruckpur|Korakhpur|Nkorakpour
1270668	Guntur	Andhra Pradesh	16.2997	80.4573	670073	Guntura|Gunturas|Gunturu|Nkountour
1259425	Puducherry	Puducherry	11.9338	79.8298	657209	Pondicero|Pondicheri|Pondicherri|Pondicherry|Pondichery|Pondiseri|Pondisheri|Ponducherry|Pondy|Poudhucherry|Puduchcheri|Puducherri
10581114	Jajmau	Uttar Pradesh	26.4304	80.4095	652831	Dzhajmau|Jajesmow
1278718	Amravati	Maharashtra	20.9333	77.7500	647057	
1275665	Bikaner	Rajasthan	28.0176	73.3149	644406	
1273874	Kochi	Kerala	9.9399	76.2602	633553	British Cochin|Cochim|Cochin|Ernakulam|Fort Cochin|Kochin|Koczin|Kuchi Bandar
1275971	Bhilai	Chhattisgarh	21.2092	81.4285	627734	Bhilai Nagar|Bhilaj Nagar|Bhilajus|Bilaj|Bkhilai
1273780	Cuttack	Odisha	20.4650	85.8793	610189	Katak|Kataka|Kattak|Kattake
1275248	Borivli	Maharashtra	19.2350	72.8598	609617	Borivali
1276032	Bhavnagar	Gujarat	21.7629	72.1533	605882	Baunagar|Bharnagar|Bhaunagar|Bhunagar|Bkhavnagarom
1257416	Sangli	Maharashtra	16.8544	74.5642	601214	Sangla|Turmeric city
1269317	Jamnagar	Gujarat	22.4729	70.0667	600943	Camnaqar|Dzamnagar|Dzamnagara|Dzamnagaras|Dzhamnagar|Dzhamnagarom|Dzsamnagar|Gamnagar|Jamnogar|Navanagar|Navangar|Nawanagar
1269321	Jammu	Jammu and Kashmir	32.7353	74.8617	576198	Dzammu|Dzamu|Dzhammu|Dzhamu|Gamu|Jammu City
1275362	Bokaro	Jharkhand	23.6693	86.1516	564319	Bokaro Steel City
1261977	Nanded	Maharashtra	19.1602	77.3150	550564	Nandair|Nander
1265873	Kozhikode	Kerala	11.2480	75.7804	550440	Calecute|Calicut|Calicutium|City of Spices|Kal'kutta|Kalicut|Kalikuto|Kojikode|Kolikod|Kozhikkot|Kozhikod|Kozikkot
1266285	Kolhapur	Maharashtra	16.6956	74.2317	549236	Kolkhapur
1261529	Nellore	Andhra Pradesh	14.4499	79.9870	547621	Nellur|Nelluru|Nelor|Simhapuri
1270752	Kalaburagi	Karnataka	17.3358	76.8376	543147	Gul'barga|Gulbarga|Gulburga|Kalaburgi|Kalburgi|Kulbarga
1279159	Ajmer	Rajasthan	26.4521	74.6387	542321	Acmer|Adzhmer|Adzmer|Adzmera|Adzmeras|Adzsmir|Agmer|Ajmer City
1273313	Dehradun	Uttarakhand	30.3244	78.0339	522081	Degradun|Deharaduna|Dehra|Dehra Dun|Dehradunas|Dekhradun|Dekhradune|Deradun
1272013	Erode	Tamil Nadu	11.3428	77.7274	521891	Brod|Irodu|Periyar
1272175	Durgapur	West Bengal	23.5158	87.3080	518872	
1253894	Ulhasnagar	Maharashtra	19.2167	73.1500	516584	Oulasnankar|Ulasnagar|Ulasnagara|Ulasnagaras|Ulkhasnagar
1264773	Loni	Uttar Pradesh	28.7514	77.2902	516082	Lone
1256525	Siliguri	West Bengal	26.7100	88.4285	515574	Shiliguri|Silguri|Siligun
1253914	Ujjain	Madhya Pradesh	23.1824	75.7764	515215	Outzen|Uddzhajn|Uddzsain|Udzaina|Udzainas|Udzajin|Udzdzain|Udzhdzhajn|Ujjaini|Ujjayn
1275610	Bilimora	Gujarat	20.7696	72.9613	510879	Bilimor|Mora
1267696	Karol Bagh	Delhi	28.6514	77.1907	505241	Karol Bagkh
1278314	Asansol	West Bengal	23.6833	86.9833	504271	Asanol
1263780	Mangaluru	Karnataka	12.9172	74.8560	499487	Kodial|Kudla|Maikala|Mangalooru|Mangalor|Mangalore|Mangaloro|Mangalur|Manglapuram|Tulu Nadu
1276533	Belagavi	Karnataka	15.8521	74.5045	490045	Belagaavi|Belagoavi|Belgaan|Belgaavi|Belgaon|Belgaum|Belgaumas
1257806	Saharanpur	Uttar Pradesh	29.9679	77.5452	484873	Sakharanpur
1253286	Vellore	Tamil Nadu	12.9184	79.1325	484690	Vellor|Velluru|Velur|Veluru
1276058	Bhatpara	West Bengal	22.8664	88.4011	483129	Bkhatpara
1264115	Malegaon	Maharashtra	20.5497	74.5346	481228	
8440756	Modinagar	Uttar Pradesh	28.8306	77.5730	475843	
1271439	Gaya	Bihar	24.7969	85.0038	474093	Gaja
1278840	Ambattur	Tamil Nadu	13.0982	80.1615	466205	
1269407	Jalgaon	Maharashtra	21.0029	75.5660	460228	Dzalgaon|Dzhalgaon|Dzhalgaone|Galgaon
1265491	Kurnool	Andhra Pradesh	15.8289	78.0360	460184	Kandenavolu|Karnul|Karnulis|Karnulu|Kurmul|Kurnul
1258662	Ramgundam	Telangana	18.8008	79.4521	452261	Ramagundam
1253986	Udaipur	Rajasthan	24.5858	73.7135	451100	Oodeypore|Udajpur
1348843	Maheshtala	West Bengal	22.5086	88.2532	448317	Makheshtala
1260107	Patiala	Punjab	30.3362	76.3922	446246	Pat'jala
1256409	Shyamnagar	West Bengal	22.8333	88.3667	441956	Shamnagar|Shamnagore|Shjamnagar|Syamnagar
1273368	Davangere	Karnataka	14.4669	75.9269	435128	Davanagere|Davanagiri|Davangeri|Devangere
1279105	Akola	Maharashtra	20.7096	76.9981	428857	Akula
1255783	Rajpur Sonarpur	West Bengal	22.4382	88.4321	424368	Radzhpur-Sonarpur|Rajpur|Sonarpur|Sonarpur Rajpur
1266122	Korba	Chhattisgarh	22.3458	82.6963	419146	
1269006	Jhansi	Uttar Pradesh	25.4589	78.5799	412927	Dzhkhansi
8629640	Thoothukudi	Tamil Nadu	8.7674	78.1342	410760	Thoothukkudi|Tuticorin|Tutikorin|Tutukudi
1276509	Ballari	Karnataka	15.1420	76.9240	410445	Belari|Belaris|Bellari|Bellary
1276300	Bhagalpur	Bihar	25.2445	86.9718	400146	Bkhagalpur
1279290	Agartala	Tripura	23.8361	91.2794	400004	Agratala|Ajarthala|Ankartala|Aqartala
1268561	Kakinada	Andhra Pradesh	16.9604	82.2381	384182	Cocanada|Coconada|East Godavari|Godavari
1265014	Latur	Maharashtra	18.3972	76.5678	382940	
1260482	Panihati	West Bengal	22.6909	88.3740	378705	Panikhati
1258932	Rajamahendravaram	Andhra Pradesh	17.0052	81.7778	376333	Radzhamandri|Rajahmondry|Rajahmundri|Rajahmundry|Rajamahendri|Rajamandri
1272691	Dhule	Maharashtra	20.9013	74.7774	375559	Dhulia|Dkhule|Dule
1258076	Rohtak	Haryana	28.8945	76.5892	374292	Rokhtak
1279228	Ahilyanagar	Maharashtra	19.0946	74.7384	367140	Ahmednagar|Akhmednagar
1259091	Kollam	Kerala	8.8811	76.5847	367107	Coilum|Coulao|Desinganadu|Kolam|Kolamo|Kullamalai|Kvilon|Quilon
1275637	Bilaspur	Chhattisgarh	22.0800	82.1554	365579	Bilaspura
1275960	Bhilwara	Rajasthan	25.3471	74.6408	359483	Bkhilvara
1275198	Brahmapur	Odisha	19.3115	84.7929	356598	Berhampore|Berhampur|Berkhampur|Brahmapuramu|Brahmapuras|Bramapur|Ganjam
1262330	Muzaffarpur	Bihar	26.1226	85.3906	354462	Mouzafarpour|Muzafarpur|Muzafarpura|Muzafarpuras|Tirhoot
1259239	Punasa	Madhya Pradesh	22.2351	76.3933	350000	
1262332	Muzaffarnagar	Uttar Pradesh	29.4709	77.7033	349706	Muzafarnagar
1278130	Avadi	Tamil Nadu	13.1147	80.1098	345996	
1273800	Kadapa	Andhra Pradesh	14.4800	78.8235	344893	Cuddapah|Kurpah
1265767	Kukatpally	Telangana	17.4849	78.4138	341709	Kukatpalle|Kukatpalli
1268257	Kamarhati	West Bengal	22.6711	88.3747	332965	Kamarhatty|Kamarkhati
1263364	Mathura	Uttar Pradesh	27.5035	77.6722	330511	Madhura|Mandura|Matkhura|Matura|Muttra
1274693	Chanda	Maharashtra	19.9508	79.2952	328351	Candrapur|Candrapura|Candrapuras|Chandrapur|Tsantrapour
1275701	Vijayapura	Karnataka	16.8244	75.7154	327427	Bidzapur|Bidzapuras|Bidzhapur|Bidzsapur|Bijapur|Districte de Bijapur|Vijapura|Vijayapur|Visiapur
1256515	Shivamogga	Karnataka	13.9316	75.5679	322650	Shimoga|Shimogga|Shivamoggi
1278946	Alwar	Rajasthan	27.5625	76.6250	322568	Aluaro|Alvar|Alvara|Alvaras|Alwar City
1256728	Shahjanpur	Uttar Pradesh	27.8817	79.9092	320434	Shahjahanpur|Shakhdzhakhanpur
1268773	Junagadh	Gujarat	21.5197	70.4598	319462	Dzhunagadkh|Junagad|Junagarh|Junaghur
1261481	New Delhi	Delhi	28.6214	77.2148	317797	Dellium Novum|Dilli|N'ju-Deli|Neo Delchi|Neu-Delhi|Nev Deli|New Dilli|Niu Deli|Niw Telhi|Nju Delkhi|Nov-Delhio|Nova Delhi
1254187	Thrissur	Kerala	10.5167	76.2167	315957	Trichur|Trichura
1261258	Nizamabad	Telangana	18.6715	78.0988	311152	
1254089	Tumkur	Karnataka	13.3414	77.1022	307359	Tumakooru|Tumakuru
1260341	Parbhani	Maharashtra	19.2686	76.7708	307170	Parbaini|Parbani|Parbkhani
1270022	Hisar	Haryana	29.1539	75.7229	307024	Hissar|Khisar
1271885	Firozabad	Uttar Pradesh	27.1509	78.3978	306409	
1265711	Kulti	West Bengal	23.7317	86.8437	305405	
1267708	Karnal	Haryana	29.6920	76.9845	302140	
1277029	Barddhaman	West Bengal	23.2557	87.8569	301725	Bardhaman|Bardkhaman|Bordhoman|Burdwan
11679708	Gundupalaiyam	Puducherry	11.9410	79.8029	300104	Gundupalaijam|Ozhukarai|Uzhavarkarai
1277065	Barasat	West Bengal	22.7215	88.4820	298127	
12165955	Mulugu	Telangana	18.1910	79.9430	297671	
1275716	Bihar Sharif	Bihar	25.2008	85.5239	297268	Behar|Bihar|Bikharsharif
1277539	Bali	West Bengal	22.6486	88.3411	296973	Bally
1258599	Rampur	Uttar Pradesh	28.8101	79.0270	296418	
1273491	Darbhanga	Bihar	26.1522	85.8971	296039	Darbanga|Darbkhanga|Ntarmpchan'nka
1260476	Panipat	Haryana	29.3875	76.9682	295970	Panipata
1254360	Tirupati	Andhra Pradesh	13.6355	79.4199	295323	Tirumala - Tirupati|Tirumalai|Tirupathi
6954929	Greater Noida	Uttar Pradesh	28.4962	77.5360	293908	Bol'shaja Nojda|Didzioji Noida|Granda Noida|Velika Nojda
7279746	Noida	Uttar Pradesh	28.5800	77.3300	293908	Naveen|Nojda
1279186	Aizawl	Mizoram	23.7289	92.7179	293416	Ai jal|Aidzhal|Aijal|Aizal|Aizavlis|Aizol|Aizwal|Ajzol
1271715	Gandhinagar	Gujarat	23.2167	72.6833	292797	Gandinagar|Ghandhinagar|Ghandinagar
1272543	Dindigul	Tamil Nadu	10.3690	77.9804	292512	Dhundgal|Dindukkal|Dundigal
1254649	Thanjavur	Tamil Nadu	10.7852	79.1391	291067	Tancavur|Tandzavur|Tandzavura|Tandzavuras|Tandzawur|Tandzsavur|Tangavur|Tanjavur|Tanjor|Tanjore|Tantzavour|Thandzavur
1267755	Karimnagar	Telangana	18.4392	79.1286	289821	
1273066	Dewas	Madhya Pradesh	22.9658	76.0553	289550	Devas
1255744	Sonipat	Haryana	28.9948	77.0194	289333	Sonepat|Sonepat Punjab
1269834	Ichalkaranji	Maharashtra	16.6912	74.4605	287353	Icalkarandzi|Ichokarejndzhi
1276070	Bathinda	Punjab	30.2075	74.9389	285788	Bkhatinda
1269395	Jalna	Maharashtra	19.8410	75.8864	285577	Dzhalna
10263153	Kirari Sulemannagar	Delhi	28.6974	77.0648	283211	
1257022	Satna	Madhya Pradesh	24.5773	80.8272	282977	
1259166	Purnia	Bihar	25.7789	87.4742	282248	Pournia|Purnea|Purnija
1269771	Imphal	Manipur	24.8081	93.9442	277196	Impkhal
1257845	Saugor	Madhya Pradesh	23.8388	78.7387	274556	Sagar
12032137	Kushinagar	Uttar Pradesh	26.7413	83.8869	274403	
1258315	Rourkela	Odisha	22.2250	84.8641	273317	Raurkella|Roukela|Rourella|Rourkera|Rurkela
1272181	Durg	Chhattisgarh	21.1915	81.2762	268806	Drug|Durga|Durgas|Ntarnk
1278672	Anantapur	Andhra Pradesh	14.6778	77.6081	267161	Anantapour|Anantapuramu|Anantapure
1258342	Ratlam	Madhya Pradesh	23.3303	75.0403	264914	Hatlam
1258451	Ranipet	Tamil Nadu	12.9247	79.3333	264330	Ranippettai
7302826	Lal Bahadur Nagar	Telangana	17.3477	78.5576	261987	L.B.Nagar|Lal Bakhadur Nagar|Lalbahadur Nagar
1278483	Arrah	Bihar	25.5563	84.6633	261430	Arrakh|Shahabad
1277082	Baranagar	West Bengal	22.6413	88.3773	260072	Barahanagore|Baranagaras|Baranagore
7302833	Gajuwaka	Andhra Pradesh	17.7000	83.2167	258944	Gajuuaka
1271987	Etawah	Uttar Pradesh	26.7762	79.0213	257448	Ehtavakh
1278903	Ambarnath	Maharashtra	19.2000	73.1667	253475	Amarnath|Amarnatkh
1262131	Naihati	West Bengal	22.8940	88.4152	253221	Naikhati
1276128	Bharatpur	Rajasthan	27.2173	77.4901	252838	Baratpuras|Batarpur|Bcharatpour|Bharatpura|Bkharatpur
1276609	Begusarai	Bihar	25.4185	86.1339	252008	Begusaraj|Begusarajus|Bekousarai
1254320	Tiruvottiyur	Tamil Nadu	13.1582	80.3018	249446	Tiruvattiyur|Tiruvottijur
1271717	Gandhidham	Gujarat	23.0833	70.1333	247992	Gandi Dham|Gandkhidkham
1263311	Mau	Uttar Pradesh	25.9417	83.5611	246050	Mau Nath Bhanjan|Mau Nathbhanjan|Maunath Bhanjan
1256320	Sikar	Rajasthan	27.6121	75.1400	244497	
8347656	Ramagundam	Telangana	18.7550	79.4740	242979	
1270393	Hapur	Uttar Pradesh	28.7298	77.7807	242920	Khapur
1271942	Farrukhabad	Uttar Pradesh	27.3913	79.5793	241152	
1278985	Alappuzha	Kerala	9.4900	76.3264	240991	Alapalli|Alapolai|Alappula|Alapulai|Aleppi|Allapuza|Alleppey|Alleppi|Aulapolai
1267480	Katihar	Bihar	25.5385	87.5704	240838	Hafiz Saifganj|Katikhar
1271685	Sri Ganganagar	Rajasthan	29.9201	73.8750	237780	Ganganagar|Sriganga Najar|Sriganganagar
1258182	Rewa	Madhya Pradesh	24.5326	81.2923	235654	Reva|Rewah
1253880	Uluberiya	West Bengal	22.4756	88.0990	235345	Ulubaria|Uluberia
1255947	Sivakasi	Tamil Nadu	9.4500	77.7980	234704	Shivakasi
1267648	Karur	Tamil Nadu	10.9577	78.0810	234191	
1259012	Raichur	Karnataka	16.2055	77.3557	234073	Rajchur
1260692	Pallavaram	Tamil Nadu	12.9680	80.1502	233984	
1253993	Ooty	Tamil Nadu	11.4134	76.6952	233426	Ootacamund|Udagamandalam|Udakamandalam|Udhagai|Udhagamandalam|Utakamand
1260716	Pali	Rajasthan	25.7728	73.3234	230075	Pali-Marwar
1269934	Hosur	Tamil Nadu	12.7365	77.8326	229528	Khosur|Oossoor
1253084	Vizianagaram	Andhra Pradesh	18.1169	83.4115	228720	Viguyanagram|Vizianagarm|Vizianagram|Vizianagram City|Vizijanagaram
1256422	Shrirampur	West Bengal	22.7528	88.3422	226317	Serampore|Serampur
7302845	Quthbullapur	Telangana	17.5011	78.4582	225816	Kvsbullapur|Qutubullapur
1262292	Nadiad	Gujarat	22.6939	72.8616	225071	Hadiad|Nadiyad|Naidad
1262204	Nagercoil	Tamil Nadu	8.1790	77.4323	224849	Nagarkoil|Nagarkovil|Nagerkojl
10265057	Karawalnagar	Delhi	28.7271	77.2705	224281	Dehroti|Karaualnagar
13353441	Mango	Jharkhand	22.8275	86.2164	223805	
1262395	Murwara	Madhya Pradesh	23.8378	80.3940	221883	Katni
1268159	Kanchipuram	Tamil Nadu	12.8352	79.7001	221715	Conjeeveram|Conjevaram|Conjeveram|Kancheepuram|Kanchi|Kanchipurami|Kancipuram|Kancipuramas|Kancsipuram|Kanjippuram
7279754	Singrauli	Madhya Pradesh	24.1997	82.6753	220257	
1262995	Mirzapur	Uttar Pradesh	25.1449	82.5653	220029	Mirzapur-cum-Vindhyachal|Mirzapuro|Mirzarpur
1266976	Kharagpur	West Bengal	22.3397	87.3250	219665	Khargpur
1272051	Eluru	Andhra Pradesh	16.7131	81.1044	218020	Ehluru|Ellore|Elourou|Eluras|West Godavari
10524295	Raniganj	Telangana	17.4284	78.4936	217910	Raniganij|Secunderabad
1252797	Yamuna Nagar	Haryana	30.1280	77.2837	217071	Abdullahpur|Abdullapur|Jamna Nagar|Jamunanagar|Yamunanagar
13308246	Raurkela Industrial Township	Odisha	22.1999	84.8618	216410	Raurkela Industrial Tounship
1275738	Bidar	Karnataka	17.9080	77.5152	216020	
1262482	Munger	Bihar	25.3746	86.4745	213303	Manger|Monghyr
1261927	Nandyal	Andhra Pradesh	15.4780	78.4836	211424	Nand'jal|Nandial|Nandyala
6690108	Panchkula	Haryana	30.6946	76.8504	211355	Panchkula Urban Estate|Pusat Bandar Panchkula
1275068	Burhanpur	Madhya Pradesh	21.3087	76.2303	210886	Burkhanpur
1262775	Morvi	Gujarat	22.8173	70.8377	210451	Morbi
1278685	Anand	Gujarat	22.5525	72.9552	209410	Aimand|Anaud
1261045	Ongole	Andhra Pradesh	15.5036	80.0445	208344	
1269935	Hosapete	Karnataka	15.2695	76.3871	206167	Hospet|Hoszpet|Khospet
1261913	Nangloi Jat	Delhi	28.6796	77.0680	205596	Nangloi|Nangloi Dzhat
1256922	Secunderabad	Telangana	17.5043	78.5426	204182	Sekunderabad
1273241	Deoghar	Jharkhand	24.4898	86.6990	203123	Deogar|Deogarh|Deogarkh
1274353	Chapra	Bihar	25.7803	84.7471	202352	Chhapra|Chkhapra|Chupra
1267031	Khandwa	Madhya Pradesh	21.8243	76.3509	200738	Kandva
1259184	Puri	Odisha	19.7982	85.8249	200564	Jagannath|Jagannathpur|Puri District
1262771	Morena	Madhya Pradesh	26.4989	77.9953	200482	Pech Morena
1270576	Gyanpur	Uttar Pradesh	25.3327	82.4664	200000	G'janpur
1275120	Bulandshahr	Uttar Pradesh	28.4039	77.8577	198612	Boulantsachr|Buelendsehr|Bulandsahr|Bulandsara|Bulandsaras|Bulandshakhr|Bulandshakhre|Bulandshar
1275926	Bhind	Madhya Pradesh	26.5667	78.7873	197585	Bkhind
10263167	Bhalswa Jahangirpur	Delhi	28.7356	77.1668	197148	Bkhalsua Dzhakhangirpur
1267076	Khammam	Telangana	17.2477	80.1437	196283	Khammamett|Khammamette|Kkhammam
1257540	Sambhal	Uttar Pradesh	28.5850	78.5696	196109	Sambal
1275899	Bhiwani	Haryana	28.7930	76.1397	196057	Bkhivani
1260434	Panvel	Maharashtra	18.9888	73.1101	195373	Navi Mumbai Panvel Raigarh|Panwel
1278860	Ambala	Haryana	30.3610	76.7978	195153	Ambata
8223943	Kumarapalayam	Tamil Nadu	11.4450	77.7110	195071	Komarapalayam|Kumarapalajam
1264637	Machilipatnam	Andhra Pradesh	16.1875	81.1389	192827	Bandar|Kistna|Krishna|Masulipatam|Masulipatao|Masulipatnam
1264389	Mahesana	Gujarat	23.5986	72.3847	190753	Mehsana|Mekhsana|Meusana
1264407	Mahbubnagar	Telangana	16.7438	77.9860	190400	Mahboobnagar|Makhbubnagar
1257542	Sambalpur	Odisha	21.4653	83.9757	189366	Sambalpore
1275778	Bhusawal	Maharashtra	21.0436	75.7851	187421	Bhusaval|Bkhusaval
1259064	Raebareli	Uttar Pradesh	26.2309	81.2331	186433	Rae Bareli|Raj-Bareli|Rajbareli|Rampereli
1270351	Haridwar	Uttarakhand	29.9479	78.1603	186079	Hardwar|Haridvar|Khardvar|Kharidvar
11127930	Phusro	Jharkhand	23.7564	86.0051	185555	Fusro
1279335	Adoni	Andhra Pradesh	15.6279	77.2750	184625	
1255560	Sujangarh	Rajasthan	27.7000	74.4667	183808	Sudzhangarkh
1256052	Sirsa	Haryana	29.5349	75.0290	182534	
13156932	Dinapur Nizamat	Bihar	25.6385	85.0512	182429	
1277799	Bahraigh	Uttar Pradesh	27.5743	81.5947	182218	Baharaich|Bahraich|Bakhrajch
1267885	Karaikkudi	Tamil Nadu	10.0662	78.7678	181851	Karaikudi
13157013	Sultan Pur Majra	Delhi	28.6897	77.0765	181554	
1270711	Guna	Madhya Pradesh	24.6469	77.3113	180935	
1274784	Chandannagar	West Bengal	22.8622	88.3680	180623	Candanagar|Candanagaro|Candarnagar|Chandan Nagar|Chandanagar|Chandernagor|Chandernagore
1277820	Baharampur	West Bengal	24.1047	88.2515	180547	Bahrampur|Bakharampur|Berhampore
12501195	Shahuwadi	Maharashtra	16.9099	73.9465	180322	Shakhuuadi
1264621	Madanapalle	Andhra Pradesh	13.5503	78.5029	180180	
1256451	Shivpuri	Madhya Pradesh	25.4238	77.6622	179977	
1255349	Surendranagar	Gujarat	22.7271	71.6486	179628	Civil Station|Surendranagar Dudhrej|Wadhwan|Wadhwan Camp|Wadhwan City|Wadhwan Civil Station
1261473	Neyveli	Tamil Nadu	11.6088	79.4994	179150	Neiveli|Nejveli
1256287	Silchar	Assam	24.8273	92.7979	178865	
1259312	Proddatur	Andhra Pradesh	14.7502	78.5481	177797	
1269910	Hugli	West Bengal	22.9088	88.3967	177005	Hooghly|Hooghly-Chinsura|Hooghly-Chinsurah|Khugli
10263066	Hashtsal	Delhi	28.6341	77.0577	176877	Khashcal
1278708	Amroha	Uttar Pradesh	28.9031	78.4698	176253	Amrokha
1274304	Chhindwara	Madhya Pradesh	22.0570	78.9396	175052	Chindwara|Chkhindvara|Sindwara
1255062	Tambaram	Tamil Nadu	12.9246	80.1271	174787	
1275984	Bhetia	Jharkhand	22.7932	86.1410	174355	Adityapur|Bkhetia
1260137	Pathankot	Punjab	32.2748	75.6529	174306	Patkhankot|Rathankot
1277976	Badlapur	Maharashtra	19.1552	73.2655	174226	
1273802	Cuddalore	Tamil Nadu	11.7562	79.7669	173636	Gondelour|Gudalur|Kudalur|Kuddalor|Kuddalore
1256237	Shimla	Himachal Pradesh	31.1044	77.1666	173503	Simla
8740017	Gadag-Betageri	Karnataka	15.4167	75.6167	172813	Gadag-Betigeri
1271850	Gadag	Karnataka	15.4298	75.6297	172612	
1253237	Veraval	Gujarat	20.9077	70.3679	171121	
1261653	Navsari	Gujarat	20.9424	72.9247	171109	Nausari|Navasari|Nosari
1277835	Bahadurgarh	Haryana	28.6929	76.9356	170767	Bahadurgarho|Bakhadurgarkh
1344377	Haldia	West Bengal	22.0605	88.1098	170695	Khaldija
1259009	Raiganj	West Bengal	25.6128	88.1245	170252	Rajgandzh|Rayganj
1269723	Malda	West Bengal	25.0045	88.1457	170039	English Bazar
1269135	Jaunpur	Uttar Pradesh	25.7536	82.6869	169572	Caunpur|Dzhaunpur|Jawnpur
10263232	Deoli	Delhi	28.5025	77.2312	169122	
1276100	Bharuch	Gujarat	21.6948	72.9805	169007	Baroach|Bharoch|Bkharuch|Broach
1269937	Hoshiarpur	Punjab	31.5372	75.9127	168653	Hoshiarpur Railroad Station|Hushiarpur|Khoshiarpur
1268907	Jind	Haryana	29.3158	76.3150	167592	Dzhind
1265683	Kumbakonam	Tamil Nadu	10.9621	79.3912	167155	Kudanthai
6992326	Mohali	Punjab	30.6800	76.7221	166864	Mokhali|S.A.S. Nagar
1271912	Fatehpur	Uttar Pradesh	25.9277	80.8127	166480	Fatehpur City|Fatekhpur
1254241	Tonk	Rajasthan	26.1664	75.7882	165294	Ton'k|Tonk City
1253952	Udupi	Karnataka	13.3347	74.7462	165000	Ountoupi|Udipi|Udupis|Udupisa
1254757	Thenali	Andhra Pradesh	16.2425	80.6398	164937	Andhra Paris|Tenali
1255969	Sitapur	Uttar Pradesh	27.5619	80.6826	164435	
1279064	Alandur	Tamil Nadu	13.0025	80.2061	164430	Alandoor
1276321	Bhadravati	Karnataka	13.8485	75.7050	163903	Bkhadravati
7279741	Vapi	Gujarat	20.3717	72.9049	163630	Wapi
1262951	Moga	Punjab	30.8138	75.1688	163397	Mogu
1258831	Raj-Nandgaon	Chhattisgarh	21.0969	81.0289	163114	Radzhnandgaon|Raj Nandga|Raj Nandgaon
1258109	Robertsonpet	Karnataka	12.9563	78.2754	162230	Roberconpet|Robertson Pet
1253747	Unnao	Uttar Pradesh	26.5471	80.4878	161671	Unao
1275163	Budaun	Uttar Pradesh	28.0381	79.1267	161555	Badajun|Badaun
1264543	Madhyamgram	West Bengal	22.6894	88.4459	161126	Maddham Gram|Madkhjamgram
1274033	Chittoor	Andhra Pradesh	13.2105	79.0956	160722	Chittor|Chittur|Chitturu
1269280	Jamuria	West Bengal	23.7047	87.0787	160242	Dzhamuria|Jaykayanagar|Jaykaynagar
7284820	Jaigaon	West Bengal	26.8477	89.3756	158664	Dzhajgaon
1276720	Batala	Punjab	31.8092	75.2029	158621	Butala
1261039	Orai	Uttar Pradesh	25.9902	79.4533	158265	
1257804	Saharsa	Bihar	25.8750	86.5961	156540	Sakharsa
1253200	Vidisha	Madhya Pradesh	23.5260	77.8109	155951	Bhilsa|Vidisa|Vintisa
1270407	Hanumangarh	Rajasthan	29.5818	74.3294	155687	Khanumangarkh|Sadulgarh
1254657	Thanesar	Haryana	29.9732	76.8321	155152	Tannasar
1270239	Hassan	Karnataka	13.0071	76.0962	155006	Gasan|Hasszan|Khasan
1266486	Kishangarh	Rajasthan	26.5901	74.8540	154886	Kishangarkh
10265162	Dalupura	Delhi	28.6057	77.3190	154791	Dallo Pura
8740322	Rudrapur	Uttarakhand	28.9800	79.4000	154554	
1262067	Nalgonda	Telangana	17.0544	79.2671	154326	
1270164	Hazaribagh	Jharkhand	23.9924	85.3616	153595	Hazaribag|Hazarybaugh|Khazaribag
1263220	Medinipur	West Bengal	22.4211	87.3226	153349	Midnapor|Midnapore|Midnapur
1277508	Balurghat	West Bengal	25.2210	88.7773	153279	Balurgkhat
1271976	Fyzabad	Uttar Pradesh	26.7755	82.1502	153047	Faizabad|Fajzabad
1273581	Dinapore	Bihar	25.6370	85.0479	152940	Danapur
1259395	Porbandar	Gujarat	21.6422	69.6093	152760	Poorbunder|Porbandarom|Port Porbandar|Purbandar
1277397	Banda	Uttar Pradesh	25.4776	80.3349	152218	
1270079	Hindupur	Andhra Pradesh	13.8281	77.4914	151677	Khindupur
1276634	Beawar	Rajasthan	26.1012	74.3203	151152	Beavar
1278667	Anantnag	Jammu and Kashmir	33.7307	75.1542	150592	Anantnagas|Islamabad
7302856	Serilingampalle	Telangana	17.4931	78.3020	150525	Serilingampally
1259005	Raigarh	Chhattisgarh	21.8976	83.3966	150019	Rajgarh|Rajgarkh
7302828	Malkajgiri	Telangana	17.4478	78.5263	150000	
1256639	Shantipur	West Bengal	23.2472	88.4330	149983	Santipur
1275812	Bhuj	Gujarat	23.2540	69.6693	148834	Bhooj|Bhug|Bkhudzh
1277100	Barakpur	West Bengal	22.7660	88.3634	148174	Barrackpore|Barrakpor|Chanak|North Barrackpore
1270525	Hajipur	Bihar	25.6854	85.2098	147688	Khadzhipur
1257086	Sasaram	Bihar	24.9494	84.0165	147408	
1275947	Bhimavaram	Andhra Pradesh	16.5408	81.5232	146961	Bheemavaram|Bkhimavaram
1275539	Beed	Maharashtra	18.9892	75.7563	146709	Bhir|Bid Rural|Bidh|Mahboobganj|Mahbubganj
10261509	Burari	Delhi	28.7557	77.1994	146190	
1265859	Krishnanagar	West Bengal	23.4058	88.4907	145926	Krishnagar|Krishnagar City|Krishnagiri|Krishnigar
1274056	Chitradurga	Karnataka	14.2226	76.4004	145853	Chitaldroog|Chitaldrug|Chitaldurg|Chitradurg|Chitrakaldurga|Chitteldrug
1272648	Dibrugarh	Assam	27.4799	94.9084	145488	Dibrugarkh|Lakhinpur
1279403	Abohar	Punjab	30.1445	74.1955	145302	Abokhar
1254327	Tiruvannamalai	Tamil Nadu	12.2266	79.0746	145278	Tirruvannamalai|Tiruvannamalaj
1268593	Kaithal	Haryana	29.8015	76.3996	144915	Kajtkhal
1277599	Balasore	Odisha	21.4927	86.9335	144373	Balasor|Baleshwar|Baleswar
1271107	Godhra	Gujarat	22.7755	73.6149	143644	Godhr|Godkhra|Godkhre
1256523	Shillong	Meghalaya	25.5689	91.8831	143229	Shilong|Silongas
1258178	Rewari	Haryana	28.1990	76.6183	143021	Revari
1276759	Basirhat City	West Bengal	22.6614	88.8548	143007	Basirhat|Basirkhat
1274337	Chhatarpur	Madhya Pradesh	24.9177	79.5887	142128	Catarpur|Chantarpur|Chhattarpur|Chkatarpur|Chkhatarpur
1263834	Mandsaur	Madhya Pradesh	24.0718	75.0699	141667	Mandasor
1274553	Chas	Jharkhand	23.6356	86.1671	141640	
1260777	Palanpur	Gujarat	24.1713	72.4383	141592	
1265242	Lakhimpur	Uttar Pradesh	27.9482	80.7793	140223	Lakkhimpur
1253468	Valsad	Gujarat	20.6101	72.9343	139764	Bulsar|Walsad
1273587	Damoh	Madhya Pradesh	23.8331	79.4419	139561	Damokh
1270498	Haldwani	Uttarakhand	29.2225	79.5286	139497	Chalntvani|Haldvani|Haldvanis|Haldwani-Kathgodam|Haldwani-cum-Kathgodam|Khaldvani
1270568	Habra	West Bengal	22.8420	88.6561	139297	Khabra
1266305	Kolar	Karnataka	13.1377	78.1300	138462	
1255647	Srikakulam	Andhra Pradesh	18.2989	83.8975	137944	Chicacole|Shrikakulam|Srikakoulam|Srikakulama|Srikakulamas
1263814	Mandya	Karnataka	12.5223	76.8975	137358	Mand'ja|Mandja
10834495	Madhurampur Dehri	Bihar	24.9690	84.1964	137231	Dehri|Madkhurampur Dekhri
1268715	Kanchrapara	West Bengal	22.9600	88.4285	136954	Kachrapara|Kancharapara|Kanchrapura
1272552	Dimapur	Nagaland	25.9117	93.7217	135860	Dampur
1264111	Maler Kotla	Punjab	30.5309	75.8795	135424	Malerkotla
1255927	Siwan	Bihar	26.2210	84.3561	135066	Savan|Sivan
1268338	Kalol	Gujarat	23.2466	72.4951	134426	
1277264	Bankura	West Bengal	23.2324	87.0716	133966	
1260173	Patan	Gujarat	23.8507	72.1296	133737	
1270996	Gonda City	Uttar Pradesh	27.1318	81.9533	133583	Gonda|Gonda Oudh
1272805	Dhaulpur	Rajasthan	26.6929	77.8797	133075	Dholpur|Dkholpur
1270990	Gondia	Maharashtra	21.4603	80.1920	132813	Gondija|Gondiya
1260728	Palakkad	Kerala	10.7732	76.6537	132728	Palakad|Palakkat|Palghat
1276393	Bettiah	Bihar	26.8023	84.5031	132209	Betiakh|Bettiakh
1260637	Palwal	Haryana	28.1447	77.3255	131926	Palval
1258470	Raniganj	West Bengal	23.6164	87.1306	131261	Ranigandzhe
1271992	Etah	Uttar Pradesh	27.5588	78.6569	131023	Ehtakh
1259686	Pilibhit	Uttar Pradesh	28.6312	79.8044	131008	Pilibhhit|Pilibkhit
1258916	Rajapalayam	Tamil Nadu	9.4530	77.5533	130442	Rajapalaiyam|Rajapalajam
1275218	Botad	Gujarat	22.1692	71.6667	130327	
1273193	Deoria	Uttar Pradesh	26.5017	83.7794	129570	Deorija
8441115	Nimach	Rajasthan	24.4595	74.8662	128561	Neemuch|Nimakkh
1266945	Khardah	West Bengal	22.7186	88.3781	128346	Khardaha|Khardakh
1252770	Yavatmal	Maharashtra	20.3932	78.1320	128175	Javatmal|Yeotmal
1270484	Halisahar	West Bengal	22.9322	88.4186	128172	Halishahar|Khalisakhar
1267016	Khanna	Punjab	30.7055	76.2220	128137	Hanna|Kkhana
1254309	Titagarh	West Bengal	22.7425	88.3733	127751	Titagarkh
10265061	Mustafabad	Delhi	28.7197	77.2678	127167	
1270216	Hathras	Uttar Pradesh	27.5955	78.0520	126882	Khatkhras
1268820	Jorhat	Assam	26.7575	94.2031	126736	Dzhorkhat|Sibsagar
1265157	Lalitpur	Uttar Pradesh	24.6901	78.4192	126475	
1270670	Guntakal	Andhra Pradesh	15.1711	77.3624	126270	Guntakai|Guntakal Junction|Guntakul
7279595	Pithampur	Madhya Pradesh	22.6020	75.6965	126200	Pisampur
1262710	Mothihari	Bihar	26.6486	84.9166	126158	Motihan|Motihari|Motikhari
1268015	Kanhangad	Kerala	12.3081	75.1063	125564	Kankhangad|Kannangad
1269578	Jagdalpur	Chhattisgarh	19.0814	82.0213	125463	Dzhagdalpur
1269605	Jagadhri	Haryana	30.1672	77.3037	124894	Dzhagadkhari
1273467	Darjiling	West Bengal	27.0333	88.2667	123797	Dardzhiling|Dardzilingas|Dargiling|Darjeeling|Rdorje gling
11500546	Kurichchi	Tamil Nadu	10.9609	76.9738	123667	Kurichi|Kurikkhkkhi
1272243	Dam Dam	West Bengal	22.6334	88.4229	122719	Dum Dum
1270370	Hardoi	Uttar Pradesh	27.3949	80.1316	122635	Khardoj
1259163	Puruliya	West Bengal	23.3306	86.3630	122533	Purulia|Purulija
1272842	Dharmavaram	Andhra Pradesh	14.4144	77.7203	121874	Dkharmavaram
10265070	Gokalpur	Delhi	28.7029	77.2896	121870	Gokal Pur
1276320	Bhadreswar	West Bengal	22.8245	88.3384	121662	Bkhadresuar
1261163	Nagaon	Assam	26.3500	92.6667	121628	Nowgong
1253315	Vejalpur	Gujarat	22.6902	73.5630	121610	
1274220	Chikmagalur	Karnataka	13.3223	75.7740	121484	Chickmagalur|Chikkamagaluru|Chikmanglur|Chikmugalur
1276325	Bhadrak	Odisha	21.0545	86.5156	121338	Bhadrakh|Bkhadrak|Bkhadrakkh
1256949	Sawai Madhopur	Rajasthan	26.0230	76.3441	121106	Savai Madhopur|Savaj-Madkhopur
1278827	Ambikapur	Chhattisgarh	23.1189	83.1954	121071	Surguja|Surquja
10265071	Mandoli	Delhi	28.7028	77.3100	120417	
1257055	Satara	Maharashtra	17.6859	73.9933	120195	
1273892	Churu	Rajasthan	28.3041	74.9672	120157	
1271675	Gangapur	Rajasthan	26.4725	76.7174	120115	
1465594	Madhavaram	Tamil Nadu	13.1482	80.2314	119105	Madavaram|Madkhavaram
1273687	Dohad	Gujarat	22.8328	74.2599	118846	Dahod|Dakhod
1276856	Barshi	Maharashtra	18.2345	75.6928	118722	Barsi
1279344	Adilabad	Telangana	19.6720	78.5359	118526	Edlabad
1268936	Jhunjhunun	Rajasthan	28.1256	75.3980	118473	Dzhkhundzhkhunu|Jhunjhunu
1269065	Jetpur	Gujarat	21.7548	70.6235	118302	Dzhetpur|Jetpur Navagadh
1253744	Uppal Kalan	Telangana	17.4058	78.5591	118259	Oopal|Pedda Uppal|Upal|Uppal
1270801	Gudivada	Andhra Pradesh	16.4355	80.9955	118167	
1277084	Baran	Rajasthan	25.1000	76.5167	117992	
1269939	Narmadapuram	Madhya Pradesh	22.7475	77.7274	117988	Hoshangabad|Husengabad|Khoshangabad
1278715	Amreli	Gujarat	21.5998	71.2117	117967	Amrelis
1259297	Pudukkottai	Tamil Nadu	10.3813	78.8214	117630	Poodoocottah|Puducotai|Pudukattai|Pudukkottai-Trichinopoly|Pudukkottaj|Pudukotah|Pudukottai
1261848	Narasaraopet	Andhra Pradesh	16.2349	80.0493	117489	
1258126	Rishra	West Bengal	22.7239	88.3456	117014	
1276942	Baripada	Odisha	21.9346	86.7285	116849	Mayurbhanj
1262578	Muktsar	Punjab	30.4743	74.5166	116747	Shri-Muktsar-Sakhib
1278083	Azamgarh	Uttar Pradesh	26.0683	83.1836	116644	Azamgarkh
1276895	Barnala	Punjab	30.3745	75.5487	116449	Anahadgarh
1252758	Yelahanka	Karnataka	13.1007	77.5963	116447	Elakhanka
1274040	Chittorgarh	Rajasthan	24.8896	74.6240	116406	Chitor|Chitorgarh|Chittaurgarh|Chittor|Chittorgarkh|Citorgar|Csitorgarh|Tsitornkarth
1254432	Tinsukia	Assam	27.4890	95.3599	116322	Tinsukija
1266928	Khargone	Madhya Pradesh	21.8229	75.6139	116150	Khargon
1277780	Baidyabati	West Bengal	22.7850	88.3259	115504	Baidjabati
1276736	Basti	Uttar Pradesh	26.7882	82.7162	115115	
1271662	Gangavati	Karnataka	15.4313	76.5293	114642	Gangawati
1278815	Ambur	Tamil Nadu	12.7916	78.7164	114608	
1271175	Giridih	Jharkhand	24.1862	86.3088	114533	Giridikh
1252942	Wardha	Maharashtra	20.7393	78.5978	113759	Vardha|Vardkha|Varntcha
1255264	Tadepalligudem	Andhra Pradesh	16.8147	81.5272	112655	Tadepallegudem
1274767	Chanduasi	Uttar Pradesh	28.4518	78.7828	112635	Chandausi|Kkhanduasi
1277939	Bagaha	Bihar	27.0992	84.0900	112634	Bagakha
1279390	Achalpur	Maharashtra	21.2567	77.5101	112311	Acalpur|Ellichpur
1270994	Gondal	Gujarat	21.9607	70.8025	112197	
1261012	Dharashiv	Maharashtra	18.1816	76.0389	112085	Osmanabad|Usmanabad
1259385	Port Blair	Andaman and Nicobar	11.6661	92.7464	112050	Port Bler|Port Bleras|Port-Blehr|Port-Bler|Portus Blairensis|Sri Vijaya Puram
1277936	Bagalkot	Karnataka	16.1867	75.6961	111933	Bagalakote|Bagalkota|Bagalkotas|Bankalkot
1255344	Suriapet	Telangana	17.1405	79.6205	111729	Suryapet
1277324	Bangaon	West Bengal	23.0455	88.8308	111693	Bongaon
7302861	Ashoknagar Kalyangarh	West Bengal	22.8642	88.6370	111475	Ashoknagar Kaljangarkh
1272513	Deesa	Gujarat	24.2561	72.1793	111160	Disa
1261669	Navadwip	West Bengal	23.4067	88.3686	111123	Nabadurip|Nabadwip|Nadia|Navadvip
1261931	Nandurbar	Maharashtra	21.3667	74.2405	111037	
1255491	Sultanpur	Uttar Pradesh	26.2579	82.0727	110368	
1273292	Delhi Cantonment	Delhi	28.6000	77.1333	110351	Delkhi Kantonment|New Cantonment
1271883	Firozpur	Punjab	30.9257	74.6131	110313	Ferozepore|Ferozepur|Feruzpur
1262634	Pandit Deen Dayal Upadhyaya Nagar	Uttar Pradesh	25.2831	83.1197	109650	DDU Nagar|Moghal Sarai|Moghulserdai|Mughal Sarai|Mugkhalsarai
1256913	Sehore	Madhya Pradesh	23.2000	77.0833	109118	Sekhor
13645699	Kanpur Cantonment	Uttar Pradesh	26.4594	80.3751	108534	Kanpur Cantt|Kanpur Kantonment
1277240	Bansbaria	West Bengal	22.9539	88.4010	108474	Bansberia
1255254	Tadpatri	Andhra Pradesh	14.9083	78.0103	108171	
1269388	Jalpaiguri	West Bengal	26.5167	88.7333	107832	Dzhalpajguri|Paiguri
1263797	Mangalagiri	Andhra Pradesh	16.4308	80.5682	107197	
1258474	Ranebennur	Karnataka	14.6224	75.6295	106406	Ranebennuru|Raneebennur|Ranibennur|Renibennur
1266607	Khurja	Uttar Pradesh	28.2538	77.8554	105909	Khurga
1266489	Kishanganj	Bihar	26.1022	87.9553	105782	Kishanganij|Kishanganj Bazar
1259411	Ponnani	Kerala	10.7669	75.9252	105512	Ponani
1270090	Hindaun	Rajasthan	26.7341	77.0352	105452	Hindaun City|Khindaun
1269374	Jamalpur	Bihar	25.3126	86.4889	105434	Dzhamalpur
1262216	Nagaur	Rajasthan	27.2020	73.7339	105218	Nagaur Marwar
13157160	Ambala Sadar	Haryana	30.3354	76.8627	104974	
7279747	Bhiwadi	Rajasthan	28.2102	76.8606	104921	Bhivadi|Bkhiuadi
1275103	Bundi	Rajasthan	25.4385	75.6373	104919	Bundi City
1263012	Miryalaguda	Telangana	16.8722	79.5625	104918	Mir'jalaguda|Mirialguda|Miriyalguda|Miryalguda
1430991	Soyibug	Jammu and Kashmir	34.0768	74.7057	104000	Sojbug
1269562	Jagtial	Telangana	18.7947	78.9166	103930	Dzhagtial
1258044	Roorkee	Uttarakhand	29.8663	77.8912	103894	Rorke|Rourki|Rurke|Rurki
1253958	Udgir	Maharashtra	18.3926	77.1176	103550	
1262209	Nagda	Madhya Pradesh	23.4583	75.4176	103501	Nagda-Dhar
1276389	Betul	Madhya Pradesh	21.9006	77.9023	103330	Badnur
1269557	Jahanabad	Bihar	25.2137	84.9871	103202	Dzhekhanabad|Jehanabad
1267579	Kashipur	Uttarakhand	29.2140	78.9569	103138	
1271306	Ghazipur	Uttar Pradesh	25.5833	83.5853	103095	Gkhazipur
12261477	Amaravati	Andhra Pradesh	16.5140	80.5160	103000	
1262260	Nagapattinam	Tamil Nadu	10.7638	79.8431	102905	Nagapatinam|Nagappattinam|Negapainttam City|Negapatam|Negapattinam
1275019	Buxar	Bihar	25.5755	83.9804	102861	Buksar
1263494	Mormugao	Goa	15.3891	73.8149	102345	Marmagao|Marmagoa|Marmugao|Mermugao|Porio
1256826	Seoni	Madhya Pradesh	22.0850	79.5504	102343	
1278148	Aurangabad	Bihar	24.7520	84.3742	102244	
1270077	Hinganghat	Maharashtra	20.5487	78.8398	101805	Khingangkhat
1272997	Dhamtari	Chhattisgarh	20.7072	81.5487	101677	Dkhamtari
1274213	Chilakalurupet	Andhra Pradesh	16.0899	80.1671	101398	Kkhilakalurupet
1264154	Malappuram	Kerala	11.0420	76.0815	101386	Malapouram|Malapurama|Malapuramas
1277214	Banswara	Rajasthan	23.5411	74.4425	101017	Bansvara
12495083	Chirmiri	Chhattisgarh	23.1907	82.3531	100800	Kkhirmiri
1269653	Itarsi	Madhya Pradesh	22.6148	77.7622	100574	
1253367	Vasco da Gama	Goa	15.3958	73.8157	100485	Vasco|Vasko-da-Gama
1271631	Gangtok	Sikkim	27.3257	88.6122	100286	Gangtoka|Gangtokas
1273403	Datia	Madhya Pradesh	25.6731	78.4591	100284	Datija
1259827	Phagwara	Punjab	31.2245	75.7739	100146	Pkhagvara
7279599	Airoli	Maharashtra	19.1510	72.9963	100000	
1264735	Luckeesarai	Bihar	25.1765	86.0947	99979	Lakhisarai|Luckesserai
1256529	Shikohabad	Uttar Pradesh	27.1080	78.5866	99678	
1267588	Kasganj	Uttar Pradesh	27.8088	78.6458	99462	Kasgandzh|Kasgang
1267090	Khambhat	Gujarat	22.3174	72.6192	99164	Cambay|Kambay|Khambayat
1266366	Kohima	Nagaland	25.6747	94.1110	99039	Kokhima
1260546	Pandharpur	Maharashtra	17.6792	75.3310	98923	Pandkharpur
1267911	Kapurthala Town	Punjab	31.3801	75.3811	98916	Kapurtala|Kapurthala|Kapurtkhala
1264326	Mahuva	Gujarat	21.0901	71.7690	98519	Mahura
1256259	Silvassa	Dadra and Nagar Haveli and Daman and Diu	20.2739	72.9967	98265	Selvasa|Silvasa
1277643	Balangir	Odisha	20.7042	83.4903	98238	Bolangir
1261631	Nawada	Bihar	24.8867	85.5436	98029	
13156961	Bhilai Charoda	Chhattisgarh	21.2231	81.4561	98008	
1256671	Shamli	Uttar Pradesh	29.4497	77.3096	97966	
1268977	Jharsuguda	Odisha	21.8553	84.0070	97730	Dzhkharsuguda|Jharsaguda|Jharsguda|Jharsogra|Jharsugra|Jharsugude
10263300	Sadatpur Gujran	Delhi	28.7283	77.2482	97641	
1274868	Chalisgaon	Maharashtra	20.4578	75.0160	97551	
1253166	Villupuram	Tamil Nadu	11.9398	79.4924	97380	Villapurum|Vizhupparaiyar
1278931	Amalner	Maharashtra	21.0398	75.0589	97369	
1254780	Tellicherry	Kerala	11.7481	75.4929	97201	Talasseri|Teliceri|Tellicherri|Tellichery|Thalassery|Tkhalaserj
1263694	Manjeri	Kerala	11.1202	76.1200	97102	
10448053	Birgaon	Chhattisgarh	21.3076	81.6279	96294	
1276901	Barmer	Rajasthan	25.7457	71.3921	96225	
10263050	Puth Kalan	Delhi	28.7116	77.0789	96002	Pooth Kalan
11500547	Kuniyamuttur	Tamil Nadu	10.9638	76.9525	95924	
1257198	Sardarshahr	Rajasthan	28.4406	74.4910	95911	
1257486	Sanand	Gujarat	22.9923	72.3818	95890	
1257794	Sahibganj	Jharkhand	25.2443	87.6348	95890	
1260387	Paramagudi	Tamil Nadu	9.5463	78.5907	95579	
6989891	Zerakpur	Punjab	30.6562	76.8209	95553	Zirakpur
1254385	Tiruchengode	Tamil Nadu	11.3802	77.8944	95335	
1258744	Closepet	Karnataka	12.7218	77.2815	95167	Ramanagaram
1272045	Emmiganur	Andhra Pradesh	15.7720	77.4835	95149	Emmiganuru|Yemmiganur
1253437	Vaniyambadi	Tamil Nadu	12.6816	78.6201	95061	Vanivambadi
1265891	Kovilpatti	Tamil Nadu	9.1717	77.8699	95057	Koilpatti
1260290	Parli Vaijnath	Maharashtra	18.8506	76.5316	94863	Parli|Purli|Purli Vaijnath
1264292	Mainpuri	Uttar Pradesh	27.2286	79.0288	94619	Majnpuri
1267084	Khamgaon	Maharashtra	20.7074	76.5683	94604	
1264206	Makrana	Rajasthan	27.0436	74.7245	94487	
1278983	Allinagaram	Tamil Nadu	10.0274	77.4781	94453	Theni Allinagaram
1270800	Gudiyatham	Tamil Nadu	12.9460	78.8738	93973	Gudiyattam|Gudiyetram|Gudiyetranallur
1272892	Dhar	Madhya Pradesh	22.5937	75.2977	93917	Dkhar
1277044	Baraut	Uttar Pradesh	29.1020	77.2633	93544	
1268293	Kalyani	West Bengal	22.9757	88.4337	93184	
1272473	Doddaballapura	Karnataka	13.2945	77.5378	93105	Dod Ballapur
1274106	Chirala	Andhra Pradesh	15.8239	80.3522	92942	
1279094	Akot	Maharashtra	21.0963	77.0588	92637	
1271910	Fatehpur	Rajasthan	27.9949	74.9563	92595	
10265220	Gharroli	Delhi	28.6167	77.3321	92540	Gharoli
1258803	Rajpura	Punjab	30.4786	76.5928	92301	Kajpura
1277557	Ballarpur	Maharashtra	19.8470	79.3458	92146	Ballalpur
1265973	Kot Kapura	Punjab	30.5806	74.8261	91979	
1276191	Bhandara	Maharashtra	21.1682	79.6488	91845	Bkhandara
10265190	Molarband	Delhi	28.5029	77.3144	91402	
1277940	Bagaha	Bihar	24.5290	85.0602	91383	Bagaha Division
1258291	Rayachoti	Andhra Pradesh	14.0572	78.7506	91234	
1268707	Kadayanallur	Tamil Nadu	9.0728	77.3415	90364	Kadaiyanallur
1253472	Valparai	Tamil Nadu	10.3269	76.9512	90353	
1259440	Pollachi	Tamil Nadu	10.6583	77.0085	90180	
1267394	Kavali	Andhra Pradesh	14.9163	79.9945	90099	
1258099	Roha	Maharashtra	18.4369	73.1196	90000	Roha-Kolaba
1263936	Mancherial	Telangana	18.8707	79.4286	89935	Mancheral
11664565	Avaniyapuram	Tamil Nadu	9.8818	78.1125	89635	
1262453	Muradnagar	Uttar Pradesh	28.7807	77.4986	89482	Muravnagar
1278553	Ankleshwar	Gujarat	21.6324	72.9900	89457	Anklesvar
1268673	Kadiri	Andhra Pradesh	14.1117	78.1598	89429	
1256739	Shahdol	Madhya Pradesh	23.2936	81.3619	89289	Sahdol
11184435	Shrirampur	Maharashtra	19.6220	74.6570	89282	
1264359	Mahoba	Uttar Pradesh	25.2905	79.8753	89170	
1258686	Ramgarh	Jharkhand	23.6303	85.5216	88781	Ramgarh Cantonment
1344069	Contai	West Bengal	21.7798	87.7489	88702	
1257402	Sangrur	Punjab	30.2451	75.8449	88615	
1261288	Nirmal	Telangana	19.0968	78.3441	88433	Nirmala
1273265	Deoband	Uttar Pradesh	29.6950	77.6796	88171	Deobande
1261470	Neyyattinkara	Kerala	8.3985	77.0859	88104	Neyattinkara
1255024	Tanda	Uttar Pradesh	26.5495	82.6584	88073	
13353619	Kolar	Madhya Pradesh	23.1648	77.4189	87882	
1268775	Jhumri Telaiya	Jharkhand	24.4349	85.5295	87867	Jhumri Tellaya|Jumri Tilaiya|Kodarma
1278340	Aruppukkottai	Tamil Nadu	9.5096	78.0959	87722	
1271949	Faridkot	Punjab	30.6740	74.7558	87695	
1264588	Madgaon	Goa	15.2750	73.9579	87650	Margao
11520178	Velampalaiyam	Tamil Nadu	11.1376	77.3106	87427	
1269291	Jamui	Bihar	24.9261	86.2253	87357	
1278573	Anjar	Gujarat	23.1132	70.0267	87183	Andzharom
1260390	Paralakhemundi	Odisha	18.7762	84.0950	87152	Parala
1268988	Jharia	Jharkhand	23.7408	86.4146	86938	
1267887	Karaikal	Puducherry	10.9167	79.8333	86838	Karikal
1268205	Kamthi	Maharashtra	21.2161	79.1973	86793	Kamptee|Kamtha
1270417	Hansi	Haryana	29.1024	75.9625	86770	Khansi
1263247	Mayiladuthurai	Tamil Nadu	11.1035	79.6550	86660	Mayavaram|Mayaveram|Mayuram
1278688	Anakapalle	Andhra Pradesh	17.6913	83.0040	86519	
9972727	Maduravoyal	Tamil Nadu	13.0675	80.1632	86195	
10209444	Sarni	Madhya Pradesh	22.1032	78.1716	86141	
1273369	Dausa	Rajasthan	26.8900	76.3358	85960	Daosa
1260393	Paradip Garh	Odisha	20.3164	86.6085	85868	Paradeep|Paradip|Paradipur|Paradwip
1270072	Hingoli	Maharashtra	19.7146	77.1424	85103	Khingoli
1276829	Baruni	Bihar	25.4751	85.9681	84888	Barani
1269092	Jeypore	Odisha	18.8563	82.5716	84830	Jaypur|Jeyepore|Jeypur
1275679	Bijnor	Uttar Pradesh	29.3730	78.1364	84593	Bidzhnor
1272720	Dhoraji	Gujarat	21.7336	70.4500	84545	Dhorail
11522311	Virappanchathiram	Tamil Nadu	11.3531	77.7125	84453	Veerappanchatiram
1277661	Balaghat	Madhya Pradesh	21.8156	80.1885	84261	Burha
1253956	Udhampur	Jammu and Kashmir	32.9243	75.1357	84015	Udkhampur
1262109	Najibabad	Uttar Pradesh	29.6119	78.3427	84006	Najibabab
11461652	Idaiyarpalaiyam	Tamil Nadu	11.0394	76.9237	83908	Goundampalayam
1270349	Harihar	Karnataka	14.5129	75.8072	83219	
10265161	Chilla Soroda Bangar	Delhi	28.5957	77.3019	83217	
1256039	Sirsilla	Telangana	18.3886	78.8105	83186	
1267819	Karauli	Rajasthan	26.4983	77.0276	82960	
1263622	Mansa	Punjab	29.9884	75.4017	82956	
1269247	Jangipur	West Bengal	24.4700	88.0766	82548	
10733738	Gobindgarh	Punjab	30.6709	76.3019	82266	
11626023	Saunda	Jharkhand	23.6645	85.3269	81915	
13494723	Maraimalainagar	Tamil Nadu	12.7978	80.0250	81872	
1278297	Ashoknagar	Madhya Pradesh	24.5758	77.7312	81828	Ashok Nagar|Pachhar
13156931	Phulwari Sharif	Bihar	25.5776	85.0725	81740	
1263080	Mhow	Madhya Pradesh	22.5589	75.7654	81702	Mhow Cantonment|Mhow Gaon|Mhowgaon
1264138	Malout	Punjab	30.2112	74.4818	81406	
1268680	Kadi	Gujarat	23.2991	72.3336	81404	
13157141	Vijalpor	Gujarat	20.9221	72.9095	81245	
1260792	Palakollu	Andhra Pradesh	16.5167	81.7300	81199	Palacole|Palakol
1270099	Himatnagar	Gujarat	23.5989	72.9660	81137	Ahmadnagar|Ahmednagar
1272733	Dholka	Gujarat	22.7273	72.4413	80945	
7279734	Kotkapura	Punjab	30.5819	74.8330	80741	
1276988	Bargarh	Odisha	21.3335	83.6191	80625	Baragarh|Bargarkh
8133395	Kharghar	Maharashtra	19.0498	73.0702	80612	
1268601	Kairana	Uttar Pradesh	29.3954	77.2054	80432	
1275194	Brajarajnagar	Odisha	21.8167	83.9167	80403	Brajrajnagar
1268259	Kamareddi	Telangana	18.3200	78.3418	80315	Kamareddipet|Kamaredi
7302847	Palwancha	Telangana	17.5815	80.6765	80199	Paloncha
1263664	Manmad	Maharashtra	20.2533	74.4376	80058	
9408449	Srikalahasti	Andhra Pradesh	13.7551	79.7014	80056	Kalakhasti
1265938	Kottagudem	Telangana	17.5511	80.6178	79819	Kothagudem
1261641	Nawabganj	Uttar Pradesh	26.9313	81.1984	79246	Nawabgang
1271067	Gokak	Karnataka	16.1690	74.8239	79121	
1254534	Tikamgarh	Madhya Pradesh	24.7433	78.8306	79106	
1278471	Arakkonam	Tamil Nadu	13.0845	79.6705	79080	Arkonam
1278446	Araria	Bihar	26.1493	87.5132	79021	Ararija
1266436	Koch Bihar	West Bengal	26.3254	89.4451	78737	Cooch Behar|Kuch Bihar
1266966	Kharakvasla	Maharashtra	18.4400	73.7755	78684	Khadakvaslal|Khadakwasla|Khandakwalsa|Kirkee Cantonment
1276335	Bhadohi	Uttar Pradesh	25.3953	82.5703	78568	
1267457	Katoya	West Bengal	23.6456	88.1326	78408	Katwa
1273626	Medininagar	Jharkhand	24.0397	84.0658	78396	Daltenganj|Daltongandzh|Daltonganj|Daltongganj
1252908	Washim	Maharashtra	20.1113	77.1330	78387	Basim
11184254	Bagbera	Jharkhand	22.7595	86.1905	78356	
11184442	Savarkundla	Gujarat	21.3373	71.3035	78354	
1276752	Basoda	Madhya Pradesh	23.8515	77.9365	78289	
1254953	Tanuku	Andhra Pradesh	16.7544	81.6814	77962	
1270647	Gurdaspur	Punjab	32.0393	75.4032	77928	
11463772	Edattala	Kerala	10.0564	76.3845	77811	Edathala
1275391	Bodhan	Telangana	18.6621	77.8858	77573	
1277525	Balrampur	Uttar Pradesh	27.4295	82.1855	77396	
1277085	Baramula	Jammu and Kashmir	34.2090	74.3428	77276	
1267635	Karwar	Karnataka	14.8136	74.1297	77139	Karvar|Kawar
1272689	Dhulian	West Bengal	24.6813	87.9535	77070	
8740018	Rabkavi-Banhatti	Karnataka	16.4700	75.1200	77004	
1263275	Mawana	Uttar Pradesh	29.1029	77.9220	76973	Mavana
1256475	Shirpur	Maharashtra	21.3482	74.8804	76905	Shirpure
1277723	Budge Budge	West Bengal	22.4827	88.1818	76837	
1265605	Kundla	Gujarat	21.3422	71.3063	76809	
1253095	Visnagar	Gujarat	23.6986	72.5521	76753	
1268011	Kannauj	Uttar Pradesh	27.0552	79.9188	76714	Kanaudzh|Kanauj|Kannaudzh
13157012	Khajoori Khas	Delhi	28.7096	77.2587	76640	
9212568	Neelankarai	Tamil Nadu	12.9495	80.2592	76600	Nelankarai|Nilankaraj|Oggiyamduraipakkam
1262200	Nagina	Uttar Pradesh	29.4443	78.4365	76593	
1278023	Badagara	Kerala	11.5978	75.5814	76493	Vadakara|Vatakara
1271891	Fazilka	Punjab	30.4021	74.0284	76492	Fazika
8335333	Electronic City Phase I	Karnataka	12.8549	77.6633	76348	
1258338	Ratnagiri	Maharashtra	16.9915	73.3102	76229	Rutnagherry
1267227	Keshod	Gujarat	21.3033	70.2486	76193	Kesod
1266179	Konnagar	West Bengal	22.7051	88.3445	76082	
1274129	Chintamani	Karnataka	13.4005	78.0517	76068	
9972720	Pammal	Tamil Nadu	12.9750	80.1347	75870	
1256207	Sindhnur	Karnataka	15.7698	76.7558	75837	
1264555	Madhubani	Bihar	26.3537	86.0717	75736	Madkhubani
1275388	Bodinayakkanur	Tamil Nadu	10.0117	77.3498	75680	Bodinayakanur
1267195	Khadki	Maharashtra	18.5635	73.8521	75654	Kirkee
1272701	Dhrangadhra	Gujarat	22.9917	71.4679	75578	Dhrangadra
1254710	Tezpur	Assam	26.6333	92.8000	75540	Darrang
1255616	Srivilliputhur	Tamil Nadu	9.5127	77.6337	75396	Sriviliputkhur
10400284	Benipur	Bihar	26.0551	86.1456	75317	
1260667	Paloncha	Telangana	17.6018	80.7051	75224	
1269217	Jaora	Madhya Pradesh	23.6378	75.1271	74907	Dzhaora
1254046	Tura	Meghalaya	25.5142	90.2024	74858	
1270791	Gudur	Andhra Pradesh	14.1509	79.8521	74851	
1261772	Narnaul	Haryana	28.0444	76.1083	74581	
1277527	Balotra	Rajasthan	25.8324	72.2400	74496	
1266960	Kharar	Punjab	30.7463	76.6469	74460	Kkharar
1252822	Yadgir	Karnataka	16.7701	77.1376	74294	Jadgir
1270375	Harda	Madhya Pradesh	22.3441	77.0954	74268	Harda Khas
1259680	Pilkhua	Uttar Pradesh	28.7127	77.6560	74212	Pilkhuwa
1278862	Ambajogai	Maharashtra	18.7331	76.3862	74114	Ambe|Ambejogai|Mominabad
10263097	Kapas Herd	Delhi	28.5261	77.0840	74073	
1276574	Bela	Uttar Pradesh	25.9206	81.9963	73992	Bela Partabgarh|Partapgarh|Pratapgarh
1259083	Rabkavi	Karnataka	16.4757	75.1106	73835	
1276663	Bawana	Delhi	28.7982	77.0343	73680	Bawana Delhi
1256755	Shahabad	Uttar Pradesh	27.6431	79.9402	73606	Hardoi
8223970	Virudhachalam	Tamil Nadu	11.5150	79.3282	73585	Thirumudhukundram|Vriddhachalam
1274714	Chandpur	Uttar Pradesh	29.1349	78.2719	73555	Bijnor
11522316	Kasipalaiyam	Tamil Nadu	11.3198	77.7097	73425	
1256329	Sikandarabad	Uttar Pradesh	28.4523	77.7000	73379	Sikandrabad
1253113	Virudunagar	Tamil Nadu	9.5851	77.9579	73273	Virudhupatti|Virudupatti
1260040	Pattukkottai	Tamil Nadu	10.4236	79.3195	73135	Pattukottai|Patukotai
1259154	Pusad	Maharashtra	19.9127	77.5784	73046	
1254444	Tindivanam	Tamil Nadu	12.2340	79.6555	72796	Tindivangam|Tinthirivanam
1273992	Chopda	Maharashtra	21.2458	75.2995	72783	
1255121	Taliparamba	Kerala	12.0416	75.3593	72465	Talipparamba|Tullipurmbu
1257431	Sangareddi	Telangana	17.6248	78.0867	72344	Sangareddipet|Sangareddypeta
1260730	Palghar	Maharashtra	19.6969	72.7654	72335	
1272873	Dharapuram	Tamil Nadu	10.7383	77.5322	72291	
1259994	Payyanur	Kerala	12.0935	75.2025	72111	Payyannur
1256593	Sheopur	Madhya Pradesh	25.6647	76.6962	71951	Sheopur Kalan
1274641	Channapatna	Karnataka	12.6514	77.2067	71942	Cannapatna|Chanapatna|Channapatan
1259093	Koyilandy	Kerala	11.4381	75.6931	71873	Kovilkandi|Koyilandi|Quilandi|Quilandy
1271947	Faridpur	Uttar Pradesh	28.2100	79.5415	71783	Bharatpur
11184261	Barauni	Bihar	25.4709	85.9760	71660	
1265863	Krishnagiri	Tamil Nadu	12.5192	78.2138	71323	
1255714	Sopur	Jammu and Kashmir	34.2867	74.4723	71292	Sopor|Sopore
1258289	Rayagada	Odisha	19.1713	83.4143	71208	
1252699	Zahirabad	Telangana	17.6814	77.6074	71166	
1266666	Khopoli	Maharashtra	18.7856	73.3459	71141	
1258366	Ratangarh	Rajasthan	28.0814	74.6185	71124	
1263504	Markapur	Andhra Pradesh	15.7353	79.2685	71092	
10630431	Kalamassery	Kerala	10.0614	76.3263	71038	
1275346	Bolpur	West Bengal	23.6628	87.6970	70998	
1260607	Panjim	Goa	15.4957	73.8262	70991	Nova Goa|Panadzhi|Panadzi|Panadzis|Panadzsi|Panaji|Pangim
1258546	Ranaghat	West Bengal	23.1762	88.5667	70984	
1271934	Fatehabad	Haryana	29.5153	75.4555	70777	Fatahabad
1277183	Bapatla	Andhra Pradesh	15.9042	80.4674	70777	
1276378	Beypore	Kerala	11.1715	75.8061	70751	Beipur|Beppur|Beypur
1266154	Koppal	Karnataka	15.3452	76.1548	70698	Kappal|Kopbal
1277949	Badvel	Andhra Pradesh	14.7451	79.0629	70626	
1273724	Dadri	Uttar Pradesh	28.5526	77.5540	70609	
1254744	Thenkasi	Tamil Nadu	8.9600	77.3153	70545	Tenkasi
1255361	Suratgarh	Rajasthan	29.3215	73.8998	70536	Suratgarkh
1278152	Auraiya	Uttar Pradesh	26.4652	79.5092	70508	Aurajja|Etawah
1260671	Palani	Tamil Nadu	10.4503	77.5209	70467	Palni
11520454	Nallur	Tamil Nadu	11.1003	77.3914	70115	South Nallur
1274821	Chamrajnagar	Karnataka	11.9231	76.9395	69875	Chamarajanagar
10265943	Mithepur	Delhi	28.4974	77.3186	69837	
1263752	Mangrol	Gujarat	21.1227	70.1148	69779	Mangral|Mungrol
1276783	Basavakalyan	Karnataka	17.8744	76.9497	69717	Basavakal'jan|Kalyani
13157011	Pul Pehlad	Delhi	28.4994	77.2910	69657	
1274928	Chaibasa	Jharkhand	22.5504	85.8025	69565	
1254170	Tripunittura	Kerala	9.9428	76.3333	69390	Thrippunithura|Tripunnittara
1256693	Shajapur	Madhya Pradesh	23.4264	76.2777	69263	
1263103	Mettupalayam	Tamil Nadu	11.2997	76.9348	69213	Mettupalaiyam|Mettupalayam-Coimbatore|Mettuppalaiyam
1255449	Sunam	Punjab	30.1288	75.7994	69069	
1276023	Bhawanipatna	Odisha	19.9072	83.1670	69045	
13157010	Ziauddin Pur	Delhi	28.7087	77.2765	68993	
1269328	Jamkhandi	Karnataka	16.5046	75.2915	68938	
1276757	Basmat	Maharashtra	19.3287	77.1575	68846	Basmath
13157009	Taj Pul	Delhi	28.4948	77.3059	68796	
1267360	Kayamkulam	Kerala	9.1817	76.5009	68634	Kayangulam|Kayankulam
1272847	Dharmapuri	Tamil Nadu	12.1277	78.1579	68619	Dkharmapuri
1275481	Bisalpur	Uttar Pradesh	28.2925	79.8047	68355	
1278178	Attili	Andhra Pradesh	16.7000	81.6000	68196	
1268246	Cumbum	Tamil Nadu	9.7365	77.2847	68090	Kambam
1262463	Munnar	Kerala	10.0882	77.0624	68000	
13157159	Panipat Taraf Makhdum Zadgan	Haryana	29.4161	76.9883	67998	
1262319	Nabha	Punjab	30.3758	76.1529	67972	
10894229	Bihat	Bihar	25.4253	86.0208	67952	
1257551	Samastipur	Bihar	25.8622	85.7795	67925	
1267853	Karanja	Maharashtra	20.4827	77.4886	67907	Karandzha|Karanja Bibi
1255983	Sitamarhi	Bihar	26.5936	85.4906	67818	
1258797	Rajsamand	Rajasthan	25.0714	73.8798	67798	
1264071	Malkapur	Maharashtra	20.8855	76.1993	67740	
1262958	Modasa	Gujarat	23.4625	73.2986	67648	Modassa
1269507	Jaisalmer	Rajasthan	26.9176	70.9039	67604	Dzaisalmer|Dzhajsalmer|Dzsaiszalmer|Jailsamer|Tzaisalmer
1275117	Buldana	Maharashtra	20.5293	76.1846	67431	
1272780	Dhenkanal	Odisha	20.6574	85.5969	67414	
1253676	Urun-Islampur	Maharashtra	17.0500	74.2667	67391	
1270965	Gopalganj	Bihar	26.4673	84.4404	67339	
1275321	Bongaigaon	Assam	26.4770	90.5581	67322	
1257436	Sangamner	Maharashtra	19.5678	74.2115	67309	Sangamnor
1270171	Haveri	Karnataka	14.7935	75.4045	67102	
1263659	Mannargudi	Tamil Nadu	10.6663	79.4506	66999	
1269027	Jhalawar	Rajasthan	24.5963	76.1650	66919	Brijnagar
1254868	Tarn Taran	Punjab	31.4519	74.9278	66847	
1256377	Siddipet	Telangana	18.1048	78.8486	66737	
7302806	Bellampalli	Telangana	19.0558	79.4930	66660	Bellampalle
7279597	Barbil	Odisha	22.1019	85.3775	66540	
1266124	Koratla	Telangana	18.8215	78.7119	66504	
1258128	Rishikesh	Uttarakhand	30.1078	78.2926	66390	Rikhikesh
1270845	Goyerkata	West Bengal	26.6998	89.0256	66358	
7302829	Mandamarri	Telangana	18.9651	79.4748	66176	
1259263	Puliyankudi	Tamil Nadu	9.1749	77.3980	66034	Puliyangudi
1260771	Palasa	Andhra Pradesh	18.7726	84.4101	65833	
1271079	Gohana	Haryana	29.1378	76.7025	65708	
1259264	Pulivendla	Andhra Pradesh	14.4214	78.2250	65706	
1274430	Chengalpattu	Tamil Nadu	12.6918	79.9766	65689	Chengalpat|Chingleput
13353691	Wadgaon Kolhati	Maharashtra	19.8431	75.2360	65620	
1265331	Ladnun	Rajasthan	27.6531	74.3999	65575	Ladnu
1255396	Supaul	Bihar	26.1153	86.5951	65437	
1271670	Gangarampur	West Bengal	25.4014	88.5298	65316	
1258740	Ramanathapuram	Tamil Nadu	9.3716	78.8308	65314	Ramanatkhapuram|Ramanatkhapurama|Ramanthapuram|Ramnad
1269564	Jagraon	Punjab	30.7878	75.4739	65305	
1256119	Sinnar	Maharashtra	19.8451	73.9987	65299	Szinnar
1266162	Kopargaon	Maharashtra	19.8824	74.4761	65273	
1279003	Alipur Duar	West Bengal	26.4835	89.5229	65232	Alipur|Alipur Duars|Alipurduar
1255004	Tandur	Telangana	17.2485	77.5770	65115	
1266849	Khatauli	Uttar Pradesh	29.2784	77.7330	64731	Kkhatauli
1466021	Viraraghavapuram	Tamil Nadu	13.0731	80.1078	64698	Tiruverkadu
1255955	Siuri	West Bengal	23.9081	87.5277	64659	Suri
6990539	Bina	Madhya Pradesh	24.1716	78.1876	64529	Bina Railway Colony
1260707	Palitana	Gujarat	21.5252	71.8231	64497	
1274496	Chaumu	Rajasthan	27.1696	75.7223	64417	Chomu|Chomun
1270474	Halol	Gujarat	22.5032	73.4724	64265	
1266416	Kodar	Telangana	16.9985	79.9656	64234	Kodad
10689545	Bangarda Chhota	Madhya Pradesh	22.7435	75.8145	64213	
1255265	Tadepalle	Andhra Pradesh	16.4833	80.6000	64149	
1254354	Tirupattur	Tamil Nadu	12.4924	78.5680	64125	
7302830	Chinnachowk	Andhra Pradesh	14.4752	78.8354	64053	Chinna Chowk
1275462	Bishnupur	West Bengal	23.0738	87.3199	64041	Vishnupur
1278697	Amur	Telangana	18.7928	78.2767	64023	Armur
1277814	Baheri	Uttar Pradesh	28.7742	79.4974	63953	
1261613	Nawalgarh	Rajasthan	27.8516	75.2738	63948	Navalgarkh
11664525	Anaiyur	Tamil Nadu	9.9615	78.1118	63917	
1265579	Kunnamkulam	Kerala	10.6467	76.0670	63903	Kunamkulam
1259056	Raghogarh	Madhya Pradesh	24.4432	77.1977	63873	Raghugarh
1254274	Tohana	Haryana	29.7133	75.9044	63871	
1269154	Jatani	Odisha	20.1597	85.7074	63697	Jatni
1278454	Arni	Tamil Nadu	12.6677	79.2853	63671	Arani
1274243	Chik Ballapur	Karnataka	13.4351	77.7279	63652	Chikkaballapura
1272694	Dhubri	Assam	26.0186	89.9856	63388	Dhuburi|Dubri
1275230	Borsad	Gujarat	22.4079	72.8982	63377	
1271819	Gadwal	Telangana	16.2350	77.7956	63177	
1259704	Piduguralla	Andhra Pradesh	16.4793	79.8863	63103	Pidugurala
1256698	Sheikhpura	Bihar	25.1399	85.8410	62927	Shaikhpura
1256047	Sirsi	Karnataka	14.6207	74.8355	62882	
1261309	Nipani	Maharashtra	16.3990	74.3829	62865	Nimpani
1274987	Kannur	Kerala	11.8675	75.3576	62836	Cananor|Cannanore|Kananorskom|Kanoor|Kanour|Kanur|Kanura|Kanuras|Thatta|The city of Looms and Lores|The crown of Kerala
1276948	Bari	Rajasthan	26.6466	77.6163	62721	
1261227	Nokha	Rajasthan	27.5616	73.4714	62699	Noka|Nokha mani|Nokhamandi
1253150	Vinukonda	Andhra Pradesh	16.0531	79.7396	62550	
1258207	Renukut	Uttar Pradesh	24.2164	83.0358	62413	Renukoot
1262240	Nagari	Andhra Pradesh	13.3214	79.5856	62253	
1274256	Chidambaram	Tamil Nadu	11.3993	79.6914	62153	Chitdambaram|Cidambaram
1273745	Dabwali	Haryana	29.9491	74.7383	62113	
1256388	Sibsagar	Assam	26.9843	94.6378	62104	Sibsagor Naga Bhumi
1261739	Narwana	Haryana	29.5990	76.1193	62090	Narwanal
1261066	Okha	Gujarat	22.4676	69.0700	62052	Okha Port|Port Okha
13665129	Nani Daman	Dadra and Nagar Haveli and Daman and Diu	20.4143	72.8324	62000	
1265828	Kuchaman	Rajasthan	27.1474	74.8565	61969	Kuchaman City|Kuchawan
1261369	Nimbahera	Rajasthan	24.6217	74.6800	61949	
1256382	Siddhapur	Gujarat	23.9178	72.3721	61867	Sidhpur
1272525	Diphu	Assam	25.8434	93.4312	61797	Diphn
1278173	Attur	Tamil Nadu	11.5941	78.6014	61793	Atur|Atur-Salem
1258290	Rayadrug	Andhra Pradesh	14.6997	76.8524	61749	Rayadurg
1258352	Rath	Uttar Pradesh	25.5947	79.5666	61728	Rata
13353585	Cheruvannur	Kerala	11.1903	75.8283	61614	
1253080	Vriddhachalam	Tamil Nadu	11.5183	79.3241	61498	
1276977	Barh	Bihar	25.4834	85.7093	61470	Barkh
1256750	Shahada	Maharashtra	21.5454	74.4711	61376	
1273751	Dabra	Madhya Pradesh	25.8857	78.3322	61277	
1253944	Udumalaippettai	Tamil Nadu	10.5881	77.2478	61133	Udamalpet
1254420	Tiptur	Karnataka	13.2563	76.4777	60957	
1257800	Sahaswan	Uttar Pradesh	28.0723	78.7508	60953	
1252956	Wanparti	Telangana	16.3674	78.0689	60949	Wanaparthy
1256087	Sirhind	Punjab	30.6432	76.3842	60847	
1277022	Bardoli	Gujarat	21.1230	73.1115	60821	Bardoti
1262852	Mokameh	Bihar	25.3966	85.9219	60678	Mokama|Mokamah
1278466	Arambagh	West Bengal	22.8833	87.7833	60639	
1259400	Poonamalle	Tamil Nadu	13.0489	80.1149	60607	Poonamallee
1267267	Keonjhargarh	Odisha	21.6318	85.5969	60590	Kendujhar|Keonjhar
12503616	Bhadravati	Maharashtra	20.1001	79.1144	60565	
1260448	Panruti	Tamil Nadu	11.7766	79.5527	60323	
1269784	Ilkal	Karnataka	15.9592	76.1135	60242	
1266509	Kiratpur	Uttar Pradesh	29.5067	78.2061	60223	
1253079	Vrindavan	Uttar Pradesh	27.5811	77.6966	60195	Brindaban|Vrindaban
1266385	Kodungallur	Kerala	10.2326	76.1951	60190	Cranganore|Cranganur|Methala|Muchiri|Muchiripattinam|Muyirikkodu|Muziris|Shinkli
1261553	Nedumangad	Kerala	8.6027	77.0014	60161	
1277322	Bangaon	Bihar	25.8673	86.5115	60000	
1261754	Narsimhapur	Madhya Pradesh	22.9494	79.1836	59966	Narsimahpur|Narsinghpur
7302844	Ponnur	Andhra Pradesh	16.0711	80.5494	59913	
1267486	Kathua	Jammu and Kashmir	32.3694	75.5254	59866	Katkhua
1261181	North Lakhimpur	Assam	27.2352	94.1036	59841	Lakhimpur|Severnyj Lakkhimpur
1263427	Masaurhi Buzurg	Bihar	25.3542	85.0319	59803	Masaurhi|Masaurki
1466012	Nerkunram	Tamil Nadu	13.0619	80.2094	59790	
1256620	Shegaon	Maharashtra	20.7932	76.6992	59672	
7279752	Mandideep	Madhya Pradesh	23.0817	77.5333	59654	Manideep
1260959	Pachora	Maharashtra	20.6673	75.3530	59609	
1270947	Gobichettipalayam	Tamil Nadu	11.4550	77.4422	59523	Gobichettipalaiyam|Gobichettipalyam|Gopichettipalaiyam
1271644	Gangoh	Uttar Pradesh	29.7800	77.2635	59519	
1269655	Itanagar	Arunachal Pradesh	27.0869	93.6099	59490	Kalyanpur
10265191	Jaitpur	Haryana	28.5065	77.3298	59330	Jait Pur
1261852	Narasapur	Andhra Pradesh	16.4342	81.6984	59306	Narasapuram|Narsapur
1272722	Dhone	Andhra Pradesh	15.3952	77.8715	59272	
1258868	Rajgarh	Rajasthan	28.6420	75.3861	59193	Sadulpur
1253888	Ullal	Karnataka	12.8057	74.8606	59116	Ulaul|Ullai
1260454	Panna	Madhya Pradesh	24.7209	80.1877	59091	
1271049	Gola Gokarannath	Uttar Pradesh	28.0784	80.4705	58986	Gola
1271083	Gohad	Madhya Pradesh	26.4328	78.4420	58939	Gohadi|Gokhad
1252960	Wani	Maharashtra	20.0551	78.9531	58840	Vanja
1254589	Thiruvarur	Tamil Nadu	10.7727	79.6368	58777	Tirnvalur|Tiruvalur|Tiruvarur
1253736	Upleta	Gujarat	21.7401	70.2826	58775	
1261110	Nuzvid	Andhra Pradesh	16.7885	80.8459	58590	
1264793	Lonavla	Maharashtra	18.7527	73.4057	58562	Lonauli|Lonavala
1253783	Una	Gujarat	20.8232	71.0379	58528	
1256269	Sillod	Maharashtra	20.3030	75.6528	58230	Silod
1256104	Sira	Karnataka	13.7416	76.9043	57928	
1274237	Chikhli	Maharashtra	20.3505	76.2577	57889	Chikkhli
1268990	Jhargram	West Bengal	22.4538	86.9950	57796	Jharagram
8541672	Kagaznagar	Telangana	19.3316	79.4660	57583	
1276084	Bhatapara	Chhattisgarh	21.7350	81.9471	57537	
1267573	Kasibugga	Andhra Pradesh	18.7593	84.4161	57507	Palasa Kasibugga
1270251	Hasanpur	Uttar Pradesh	28.7225	78.2844	57481	
1264839	Lohardaga	Jharkhand	23.4331	84.6799	57411	
1269551	Jahangirabad	Uttar Pradesh	28.4055	78.1059	57363	
1256569	Sherkot	Uttar Pradesh	29.3270	78.5743	57361	Bijnor
1267439	Katras	Jharkhand	23.7975	86.2983	57349	
1264647	Macherla	Andhra Pradesh	16.4764	79.4353	57290	
1262092	Naksalbari	West Bengal	26.6827	88.2200	57283	Nakalbari|Naxalbari
1257379	Sankarankovil	Tamil Nadu	9.1705	77.5411	57277	Sankaranainer Koil|Sankaranayinarkovil|Sankaranayinarkovyil
1262562	Mulbagal	Karnataka	13.1635	78.3935	57276	
1268111	Kandukur	Andhra Pradesh	15.2154	79.9039	57246	
1254335	Tiruvalla	Kerala	9.3816	76.5749	57223	Thiruvalla
1443381	Roshanpura	Delhi	28.6006	76.9892	57217	
1259408	Ponnuru	Andhra Pradesh	16.0655	80.5520	57170	
1266267	Kollegal	Karnataka	12.1545	77.1105	57149	Collegal|Kollegalam
10263165	Mukandpur	Delhi	28.7394	77.1831	57135	Mukand Pur
1253750	Unjha	Gujarat	23.8037	72.3910	57108	
1274315	Chhibramau	Uttar Pradesh	27.1487	79.5008	57071	
1254481	Tilhar	Uttar Pradesh	27.9628	79.7383	57043	
1264688	Lunglei	Mizoram	22.8925	92.7422	57011	Lungleh|Lungliah
1269936	Hoskote	Karnataka	13.0707	77.7981	56980	Hosakote|Khoskote
12522807	Byasanagar	Odisha	20.9557	86.1264	56946	
1278026	Bada Barabil	Odisha	22.1119	85.3868	56870	Barabil
1257565	Samalkot	Andhra Pradesh	17.0568	82.1764	56864	
1267758	Karimganj	Assam	24.8692	92.3554	56854	
1275406	Bobbili	Andhra Pradesh	18.5737	83.3593	56819	
1263101	Mettur	Tamil Nadu	11.7880	77.8008	56743	
1257001	Sattenapalle	Andhra Pradesh	16.3938	80.1522	56721	
1254345	Tirurangadi	Kerala	11.0432	75.9234	56632	
10929901	Tennala	Kerala	10.9934	75.9350	56546	Thennala
1274890	Chakradharpur	Jharkhand	22.6761	85.6289	56531	Chakardharpore|Chakardharpur
1256854	Sendhwa	Madhya Pradesh	21.6856	75.0962	56485	Sendhawa|Sendkhva
1255134	Talegaon Dabhade	Maharashtra	18.7350	73.6756	56435	Dabhade|Talegaon-Dabhada
1270032	Hiriyur	Karnataka	13.9445	76.6172	56416	
1278580	Anjangaon	Maharashtra	21.1652	77.3091	56380	
1274571	Charkhi Dadri	Haryana	28.5917	76.2716	56337	Charki Dadrai|Charki Dadri|Dadri
1253918	Ujhani	Uttar Pradesh	28.0031	79.0082	56309	
1348747	Bankra	West Bengal	22.6029	88.2775	56273	
1273766	Dabhoi	Gujarat	22.1833	73.4333	56253	
1254813	Teghra	Bihar	25.4904	85.9400	56234	
1261086	Obra	Uttar Pradesh	24.4186	82.9880	56110	
1254331	Tiruvallur	Tamil Nadu	13.1438	79.9089	56074	Thiruvallur|Tiruvellore
1263898	Mandapeta	Andhra Pradesh	16.8625	81.9292	56063	
1254346	Tirur	Kerala	10.9137	75.9212	56058	Tirur Station
1257951	Ropar	Punjab	30.9690	76.5269	56038	Rupar|Rupnagar
1262039	Namakkal	Tamil Nadu	11.2213	78.1652	55997	
1278432	Arcot	Tamil Nadu	12.9057	79.3190	55955	Arkota
1265310	Laharpur	Uttar Pradesh	27.7083	80.9026	55911	
1253143	Viramgam	Gujarat	23.1256	72.0501	55821	
1269665	Islampur	West Bengal	26.2654	88.1898	55691	
1267904	Karad	Maharashtra	17.2894	74.1818	55663	
1252795	Yanam	Andhra Pradesh	16.7331	82.2136	55626	Janam|Yanaon
1279394	Abu Road	Rajasthan	24.4801	72.7819	55599	
1258294	Raxaul	Bihar	26.9798	84.8507	55536	Raksaul|Rasaul|Raxaul Bazar
13353584	Moonniyur	Kerala	11.0597	75.9031	55535	
1276810	Barwani	Madhya Pradesh	22.0323	74.8998	55504	
1265911	Kottayam	Kerala	9.5869	76.5213	55374	Kotayam|Kottajam
1254343	Tiruttangal	Tamil Nadu	9.4833	77.8333	55362	Thiruthangal
1259841	Petlad	Gujarat	22.4768	72.7999	55330	
1269422	Jalaun	Uttar Pradesh	26.1451	79.3366	55299	
11522307	Periya Semur	Tamil Nadu	11.3609	77.6895	55282	
1264551	Madhupur	Jharkhand	24.2742	86.6393	55238	
1272670	Dhuri	Punjab	30.3685	75.8679	55225	
1274862	Challakere	Karnataka	14.3180	76.6517	55194	
1275582	Etawa	Madhya Pradesh	24.1835	78.2029	55185	Bina-Etawa|Etawah
1274119	Chiplun	Maharashtra	17.5334	73.5093	55139	
1263852	Mandla	Madhya Pradesh	22.5988	80.3712	55133	
1275930	Bhimunipatnam	Andhra Pradesh	17.8902	83.4520	55082	Bheemunipatnam|Bimlipatam
12523250	Mawlai-Mawiong	Meghalaya	25.6232	91.8817	55012	Mawlai
1465873	Kavanur	Tamil Nadu	12.9962	80.0751	54986	Kovur|Kundrathur
1259508	Pithapuram	Andhra Pradesh	17.1168	82.2528	54859	
1268135	Kandi	West Bengal	23.9595	88.0402	54848	
1269819	Idappadi	Tamil Nadu	11.5862	77.8389	54823	Edapadi|Edappadi
10263162	Sahibabad Daulotpur	Delhi	28.7471	77.1146	54773	
1259228	Punganuru	Andhra Pradesh	13.3667	78.5719	54746	Punganur
1271346	Ghatal	West Bengal	22.6624	87.7340	54658	
10265094	Jafarabad	Delhi	28.6787	77.2712	54601	Jaffrabad
1257851	Sagar	Karnataka	14.1650	75.0290	54550	
1256343	Sihor	Gujarat	21.7113	71.9618	54547	Shihor|Sihara
10263053	Mundka	Delhi	28.6801	77.0298	54541	
1272606	Deglur	Maharashtra	18.5483	77.5769	54493	Diglur
1264570	Madhepura	Bihar	25.9213	86.7927	54472	Madhipura|Madhupura
1277091	Baramati	Maharashtra	18.1517	74.5777	54415	
1264414	Mahasamund	Chhattisgarh	21.1074	82.0948	54413	
1256369	Sidhi	Madhya Pradesh	24.4038	81.8795	54331	Sidi|Sidkhi
1267616	Kasaragod	Kerala	12.4984	74.9896	54172	Kasaragod Fort
1271558	Garhchiroli	Maharashtra	20.1806	80.0052	54152	Gadchiroli|Garhchiroh
1259123	Puttur	Andhra Pradesh	13.4419	79.5531	54092	
1269392	Jalor	Rajasthan	25.3456	72.6156	54081	Granite City|Jabalipura|Jalore|Suvarngiri
1257559	Samana	Punjab	30.1539	76.1985	54072	
1258922	Razampeta	Andhra Pradesh	14.1954	79.1590	54050	Rajampet
10469921	Wari	Maharashtra	21.1531	79.0076	54048	Wadi
8430980	Shella	Meghalaya	25.1786	91.6395	54039	
1260674	Palmaner	Andhra Pradesh	13.2000	78.7472	54035	
1273232	Deolali	Maharashtra	19.9440	73.8344	54027	Deolali Cantonment
1268189	Kanakapura	Karnataka	12.5465	77.4201	54014	Kanakpura|Kankanhalli
1252840	Wokha	Nagaland	26.0972	94.2582	54010	
1253807	Umred	Maharashtra	20.8540	79.3247	53971	Umrer
1268341	Kalna	West Bengal	23.2194	88.3629	53964	Ambika Kalna|Koalna
13353583	Pallichal	Kerala	8.4498	77.0257	53861	
11657313	Tandoni	Tamil Nadu	10.9261	78.0941	53854	Thanthoni
1260222	Parvatipuram	Andhra Pradesh	18.7839	83.4257	53844	
1265989	Kotharia	Gujarat	22.2344	70.8190	53794	
1261008	Ottapalam	Kerala	10.7735	76.3776	53792	Ottappalam
1272640	Didwana	Rajasthan	27.4010	74.5754	53749	
10263049	Begampur	Delhi	28.7265	77.0669	53682	Begum Pur
7302810	Gaddi Annaram	Telangana	17.3669	78.5242	53622	Gaddiannaram
1272225	Dumraon	Bihar	25.5526	84.1515	53618	
11520202	Nerupperichchal	Tamil Nadu	11.1610	77.3740	53579	Neripperichal
13156777	Jaggaiahpet	Andhra Pradesh	16.8915	80.0955	53530	
1258581	Rampur Hat	West Bengal	24.1774	87.7827	53468	
13494731	Khanapuram Haveli	Telangana	17.2624	80.1681	53442	
1271151	Goalpara	Assam	26.1767	90.6263	53430	
1254054	Tuni	Andhra Pradesh	17.3590	82.5461	53425	
1265354	Laxmangarh	Rajasthan	27.8229	75.0275	53392	Lachhmangarh|Lachhmangarh Sikar|Lachmangarh
1256722	Shahpur	Karnataka	16.6960	76.8422	53366	Shakhpura
1275848	Bhongir	Telangana	17.5154	78.8856	53339	
1259124	Puttur	Karnataka	12.7598	75.2017	53331	
1465826	Ullagaram	Tamil Nadu	12.9790	80.1970	53322	Puzhithivakkam
1255654	Sri Dungargarh	Rajasthan	28.0962	74.0087	53294	Dungargarh|Shri Dungargarh
1278094	Ayodhya	Uttar Pradesh	26.7991	82.2047	53293	Ajodhija|Ajodhjo|Ajodhya|Ajodkh'e|Ajodkh'ja|Ajodkhja|Oudh
1262678	Mubarakpur	Uttar Pradesh	26.0887	83.2909	53263	Azamgarh
1278935	Amalapuram	Andhra Pradesh	16.5787	82.0061	53231	
1278354	Arsikere	Karnataka	13.3145	76.2570	53216	
1259811	Phaltan	Maharashtra	17.9911	74.4318	53202	
1278294	Ashta	Madhya Pradesh	23.0175	76.7221	53184	
1257459	Sandila	Uttar Pradesh	27.0699	80.5150	53182	
1253182	Vikarabad	Telangana	17.3381	77.9044	53143	Vicarabad
1276832	Baruipur	West Bengal	22.3654	88.4325	53128	
10281812	Choudwar	Odisha	20.5392	85.9151	52999	
1256759	Shahabad	Karnataka	17.1307	76.9436	52952	Shahabad Deccan
8439888	Sultanganj	Bihar	25.2383	86.7356	52892	
1263859	Mandi Dabwali	Haryana	29.9663	74.7002	52873	Mandi Dabwal
1266217	Konch	Uttar Pradesh	25.9945	79.1513	52773	Kunch
10263061	Baprola	Delhi	28.6413	77.0142	52744	Bapraula
1253251	Venkatagiri	Andhra Pradesh	13.9601	79.5803	52688	Venkatagiri Town
1273770	Dabhel	Dadra and Nagar Haveli and Daman and Diu	20.4095	72.8834	52578	Dabel|Dadhel
1275435	Biswan	Uttar Pradesh	27.4958	80.9962	52516	
1256029	Siruguppa	Karnataka	15.6300	76.8922	52492	
1266073	Kosi	Uttar Pradesh	27.7945	77.4368	52492	
1256064	Sironj	Madhya Pradesh	24.1031	77.6906	52460	
1269256	Jangaon	Telangana	17.7260	79.1524	52394	Jangoon
1273390	Daudnagar	Bihar	25.0347	84.4009	52364	
1273574	Dandeli	Karnataka	15.2667	74.6167	52295	
13494722	Ramapuram	Tamil Nadu	13.0318	80.1824	52295	
1262663	Mudhol	Karnataka	16.3335	75.2831	52199	Mudkhol
9072827	Thodupuzha	Kerala	9.8939	76.7222	52045	
1273128	Devakottai	Tamil Nadu	9.9470	78.8233	51865	Devakotai
1278334	Arwal	Bihar	25.2428	84.6657	51849	
1268383	Kaliyaganj	West Bengal	25.6344	88.3267	51748	Kaliaganj|Kaliyagan
1261727	Nasirabad	Rajasthan	26.3047	74.7336	51747	
1267187	Khagaul	Bihar	25.5790	85.0456	51577	Kkhagaul
1274664	Changanacheri	Kerala	9.4420	76.5360	51430	Changanacherry|Changanasseri|Changanassery
1256431	Shorapur	Karnataka	16.5210	76.7574	51398	Shoratur|Surapur|Suratur
1263824	Mandvi	Gujarat	22.8328	69.3524	51376	Cutch Mandi|Cutch-Mandvi
8741053	Rajgangpur	Odisha	22.2000	84.5830	51362	Rajagangapur
1261068	Ozar	Maharashtra	20.0947	73.9282	51297	Ojhai|Ojhar
1259892	Peranampattu	Tamil Nadu	12.9343	78.7189	51271	Peranambattu|Pernambut
1270722	Gumla	Jharkhand	23.0427	84.5443	51264	
1258637	Ramnagar	Uttarakhand	29.3925	79.1283	51244	
13353582	Vazhakkala	Kerala	10.0124	76.3263	51242	
1256418	Shujalpur	Madhya Pradesh	23.4067	76.7098	51225	
1254372	Tirumangalam	Tamil Nadu	9.8231	77.9838	51194	Thirumangalam
1256363	Sidlaghatta	Karnataka	13.3890	77.8644	51159	Sidlagkhatta
1266620	Khurai	Madhya Pradesh	24.0437	78.3301	51108	
1270102	Hilsa	Bihar	25.3164	85.2823	51052	
11184474	Rampura Phul	Punjab	30.2756	75.2425	51023	
1271892	Fatwa	Bihar	25.5096	85.3050	50961	Fatwah
1254069	Tundla	Uttar Pradesh	27.2146	78.2368	50939	
1263661	Mannarakkat	Kerala	10.9922	76.4642	50921	
7302835	Metpalle	Telangana	18.8472	78.6256	50902	Metpalli
13494597	Naya Gaon	Punjab	30.7752	76.7931	50869	
1258201	Repalle	Andhra Pradesh	16.0184	80.8296	50866	
1269873	Hunsur	Karnataka	12.3036	76.2927	50865	Khunsur
1261910	Nanjangud	Karnataka	12.1176	76.6840	50598	Nanjangud Town
1271874	Forbesganj	Bihar	26.3025	87.2656	50475	
13157008	Nithari	Delhi	28.7049	77.0529	50464	
8741024	Sunabeda	Odisha	18.7284	82.8293	50394	
1271780	Gajraula	Uttar Pradesh	28.8457	78.2396	50380	
11520375	Virapandi	Tamil Nadu	11.0625	77.3508	50301	Veerapandi
1273708	Dahanu	Maharashtra	19.9678	72.7126	50287	
1258386	Rasipuram	Tamil Nadu	11.4601	78.1864	50244	Rasipur
1257587	Salur	Andhra Pradesh	18.5172	83.2055	50206	
1276371	Bhabhua	Bihar	25.0405	83.6075	50179	Bhabua
1270000	Hodal	Haryana	27.8920	77.3674	50143	
1276328	Bhadrachalam	Telangana	17.6685	80.8889	50087	Bhadrachellam Road
1278498	Aonla	Uttar Pradesh	28.2740	79.1652	50011	Aonla Kila
1254356	Tirupparangunram	Tamil Nadu	9.8815	78.0731	50004	Thiruparangundram|Thirupparankundram|Tiruparankundram|Tirupparankunram
1274536	Chatra	Jharkhand	24.2065	84.8709	49985	
1267189	Khagaria	Bihar	25.5022	86.4671	49982	
1273002	Dhampur	Uttar Pradesh	29.3088	78.5108	49973	
1259813	Phalodi	Rajasthan	27.1310	72.3683	49914	Pkhalodi
1271688	Gangakher	Maharashtra	18.9696	76.7495	49891	
1257196	Sardhana	Uttar Pradesh	29.1455	77.6143	49857	Sardkhana
1261234	Nohar	Rajasthan	29.1829	74.7706	49835	Nohor Tehsils|Nokhar
1252738	Yeola	Maharashtra	20.0424	74.4894	49826	Eola|Jeola|Yevale|Yevla|Yewle
1276249	Bhaisa	Telangana	19.1129	77.9634	49764	Bhainsa
1259881	Perintalmanna	Kerala	10.9772	76.2254	49723	Perintalmana|Perinthalmanna|Peritalmanna
1268799	Jugsalai	Jharkhand	22.7767	86.1835	49660	Tatanagar
1259896	Perambalur	Tamil Nadu	11.2333	78.8833	49648	
1277950	Baduria	West Bengal	22.7443	88.7866	49547	Badurii
1270819	Gudalur	Tamil Nadu	11.5207	76.4814	49535	
1266452	Kizhake Chalakudi	Kerala	10.3007	76.3376	49525	Chalakudi
1261784	Narkatiaganj	Bihar	27.1038	84.4618	49507	
1259954	Peddapuram	Andhra Pradesh	17.0770	82.1384	49477	Peddapuram Town
1263684	Majalgaon	Maharashtra	19.1551	76.2099	49453	Manjlegaon
1273374	Daund	Maharashtra	18.4652	74.5837	49450	Dhond
1267939	Kapadvanj	Gujarat	23.0230	73.0711	49308	Kapadranj
1265961	Kotputli	Rajasthan	27.7021	76.1991	49202	
10688519	Dyane	Maharashtra	20.5674	74.5285	49192	
1277765	Bail-Hongal	Karnataka	15.8137	74.8589	49182	Bail Hongal
1275762	Biaora	Madhya Pradesh	23.9205	76.9107	49093	
1261696	Naugachhia	Bihar	25.3881	87.0991	49069	Naugachia
10778953	Kanuru	Andhra Pradesh	16.4985	80.6914	49006	
13353690	Dehu Road	Maharashtra	18.6821	73.7316	48961	
1259602	Piparia	Madhya Pradesh	22.7570	78.3550	48826	Piparla
1276867	Barpeta	Assam	26.3229	91.0063	48824	
1270974	Gooty	Andhra Pradesh	15.1184	77.6378	48658	
1255046	Tamluk	West Bengal	22.3008	87.9259	48646	
13353581	Vengara	Kerala	11.0508	75.9781	48600	
1269502	Jaisingpur	Maharashtra	16.7764	74.5536	48510	Jayasingpar|Jaysingpur
1261922	Nangal	Punjab	31.3897	76.3757	48497	Nangal Township
1269179	Jasdan	Gujarat	22.0371	71.2079	48483	
1271113	Godda	Jharkhand	24.8270	87.2125	48480	
1275655	Bikramganj	Bihar	25.2107	84.2551	48465	
1262783	Morar	Madhya Pradesh	26.2264	78.2248	48464	Morar Cantonment
1269042	Jhajjar	Haryana	28.6063	76.6565	48424	Dzhadzhar
1258639	Ramnagar	Bihar	27.1637	84.3234	48411	
1261415	Nihtaur	Uttar Pradesh	29.3242	78.3872	48389	Nehtaur
10400295	Mahnar Bazar	Bihar	25.6096	85.4808	48293	
1253091	Vite	Maharashtra	17.2734	74.5379	48289	Vita
1270723	Gumia	Jharkhand	23.7975	85.8252	48141	
9972722	Anakaputhur	Tamil Nadu	12.9828	80.1264	48050	Paraniputhur
10930101	Tanalur	Kerala	10.9515	75.9096	47976	
1275920	Bhinmal	Rajasthan	24.9994	72.2714	47932	
1257890	Sadasivpet	Telangana	17.6193	77.9526	47920	Sadaseopet|Sadashivpet
7626561	Bakhtiarpur	Bihar	25.4560	85.5329	47897	
8541484	Jalandhar Cantonment	Punjab	31.2942	75.6197	47845	Jullundur Cantonment
1278208	Athani	Karnataka	16.7261	75.0642	47842	Athni
1252919	Warud	Maharashtra	21.4710	78.2696	47817	Varud
1252958	Wankaner	Gujarat	22.6120	70.9438	47814	Vankaner Kathiawar
1273909	Churachandpur	Manipur	24.3335	93.6700	47774	
1272201	Dungarpur	Rajasthan	23.8431	73.7147	47706	
13157140	Chhaya	Gujarat	21.6288	69.6339	47699	
1272237	Dumka	Jharkhand	24.2678	87.2485	47663	
1271847	Gadarwara	Madhya Pradesh	22.9235	78.7849	47604	
1259503	Pithoragarh	Uttarakhand	29.5835	80.2095	47571	Pathorgarh|Pithoragari
1277552	Ballia	Bihar	25.4214	86.3144	47550	Balia
1275712	Bihta	Bihar	25.5588	84.8714	47549	
1278190	Atrauli	Uttar Pradesh	28.0296	78.2857	47512	Aligarh
1252997	Walajapet	Tamil Nadu	12.9251	79.3663	47498	Walaja
1266128	Koraput	Odisha	18.8120	82.7105	47468	
1253861	Umarkhed	Maharashtra	19.6014	77.6888	47458	
1270820	Gudalur	Tamil Nadu	9.6783	77.2495	47419	
1265580	Kunnamangalam	Kerala	11.3046	75.8777	47396	
9972726	Valasaravakkam	Tamil Nadu	13.0439	80.1725	47378	
1268866	Jodhpur	Gujarat	21.9017	70.0327	47329	
11184118	Alangad	Kerala	10.1019	76.2910	47329	
11463700	Alengad	Kerala	10.1190	76.3023	47329	
1259243	Punalur	Kerala	9.0196	76.9226	47263	
1253180	Vikramasingapuram	Tamil Nadu	8.7148	77.3903	47241	
11487540	Vattiyurkavu	Kerala	8.5247	76.9889	47187	Vattiyoorkaavu|Vattiyoorkavu|Vattiyurkaavu
1260909	Padrauna	Uttar Pradesh	26.9040	83.9809	47181	Padarauna
1278868	Ambah	Madhya Pradesh	26.7042	78.2268	47177	
13353580	Komalapuram	Kerala	9.5419	76.3424	47126	
1263331	Mattanur	Kerala	11.9302	75.5715	47078	Mattannur
1270287	Harpanahalli	Karnataka	14.7877	75.9886	47039	
1267283	Kendraparha	Odisha	20.5017	86.4223	47006	Kendrapara
10263233	Tighri	Delhi	28.5123	77.2408	46974	Tigri
13353579	Pallikal	Kerala	11.1372	75.9257	46962	
1257762	Selu	Maharashtra	19.4551	76.4407	46915	Sailu
1263230	Medak	Telangana	18.0453	78.2608	46880	
1260168	Patancheru	Telangana	17.5333	78.2645	46821	Patancheroo
1274336	Chhatarpur	Delhi	28.4985	77.1825	46776	Chatarpur|Chattarpur|Chhattarpur
1272411	Dondaicha	Maharashtra	21.3236	74.5680	46767	
1269315	Jamner	Maharashtra	20.8095	75.7777	46762	
1275050	Burla	Odisha	21.5098	83.8726	46698	
1465622	Porur	Tamil Nadu	13.0357	80.1582	46690	
1261532	Nellikkuppam	Tamil Nadu	11.7755	79.6702	46678	Nellikuppami
1260911	Padra	Gujarat	22.2398	73.0845	46660	
1267369	Kawardha	Chhattisgarh	22.0085	81.2315	46657	
1270759	Gulaothi	Uttar Pradesh	28.5894	77.7932	46647	
9063948	Joda	Odisha	22.0170	85.4220	46631	
1256832	Seohara	Uttar Pradesh	29.2090	78.5884	46546	
1252925	Warora	Maharashtra	20.2289	79.0028	46532	Varora
1263594	Manvi	Karnataka	15.9913	77.0503	46465	
1267675	Kurseong	West Bengal	26.8825	88.2773	46427	Karsiyang|Kharasana
1263761	Manglaur	Uttarakhand	29.7909	77.8784	46395	Manglaur Town
1261398	Nilambur	Kerala	11.2727	76.2257	46366	Nilambur Taluk
1272207	Ganj Dundwara	Uttar Pradesh	27.7331	78.9412	46314	Dundwaraganj
1261901	Nanpara	Uttar Pradesh	27.8646	81.5004	46280	
1266616	Khordha	Odisha	20.1827	85.6163	46205	Khurda|Khurdha|Kkhurda
1278228	Atarra	Uttar Pradesh	25.2862	80.5716	46168	Atarra Buzurg
9036524	Barbigha	Bihar	25.2167	85.7333	46075	
1263120	Merta	Rajasthan	26.6486	74.0341	46070	Merta City
1269323	Jammalamadugu	Andhra Pradesh	14.8468	78.3831	46069	
1271493	Garhwa	Jharkhand	24.1600	83.8076	46059	Garwa
1261598	Nawanshahr	Punjab	31.1245	76.1161	46024	Nawashahr
1258534	Ranavav	Gujarat	21.6873	69.7448	46018	Ranawao
1277289	Banka	Bihar	24.8809	86.9226	45977	Bhagalpur
1254570	Thoubal	Manipur	24.6388	93.9964	45947	
1264363	Mahmudabad	Uttar Pradesh	27.2919	81.1178	45921	
13494721	Milavittan	Tamil Nadu	8.8193	78.0909	45863	
1260824	Pakur	Jharkhand	24.6393	87.8424	45840	Pakaur
10792588	Cherthala	Kerala	9.6844	76.3356	45827	Chertala|Chertkhala
1261567	Nayudupet	Andhra Pradesh	13.9074	79.8946	45769	Nayudupeta
1271940	Farrukhnagar	Telangana	17.0779	78.2034	45675	Farooqnagar
1258584	Rampura	Punjab	30.2560	75.2412	45639	
10910176	Chirakkal	Kerala	11.9126	75.3610	45601	
11184827	Chirkunda	Jharkhand	23.7477	86.7880	45508	
1273833	Coonoor	Tamil Nadu	11.3498	76.7938	45494	
1260543	Pandhurna	Madhya Pradesh	21.5956	78.5263	45479	
1256558	Shertallai	Kerala	9.6858	76.3400	45474	Shertalla|Shertally
11452749	Kodur	Kerala	11.0153	76.0701	45459	
1271212	Giddarbaha	Punjab	30.1995	74.6663	45370	
1465870	Meddappakkam	Tamil Nadu	12.9166	80.1938	45356	Madambakkam|Medavakkam|Sembakkam
1261957	Nandikotkur	Andhra Pradesh	15.8567	78.2657	45343	
1267115	Khalilabad	Uttar Pradesh	26.7727	83.0718	45321	
1274043	Chittaranjan	West Bengal	23.8568	86.9032	45305	Chittarandzhan|Mihijam|Mihijan
1260134	Pathardih	Jharkhand	23.6658	86.4317	45276	Pathardihi
1274837	Champa	Chhattisgarh	22.0353	82.6423	45256	
1263195	Mehkar	Maharashtra	20.1505	76.5684	45248	Mehekar|Mekhekar|Mekhkar
13353618	Dhanpuri	Madhya Pradesh	23.1854	81.5551	45156	
1255437	Sundergarh	Odisha	22.1167	84.0333	45036	Sundargarh|Sundargarkh
1272639	Dig	Rajasthan	27.4719	77.3256	44999	Deeg
1254080	Tumsar	Maharashtra	21.3833	79.7333	44869	
1258698	Rameswaram	Tamil Nadu	9.2885	79.3127	44856	Rameshvaram|Ramesvaram
1277320	Bangarapet	Karnataka	12.9912	78.1780	44849	Bowringpet
1255023	Tanda	Uttar Pradesh	28.9762	78.9419	44822	
1253098	Visharam	Tamil Nadu	12.9181	79.2776	44786	Melvisharam
1254342	Thiruthani	Tamil Nadu	13.1759	79.6164	44781	Tirutani|Tiruttani
1272596	Digras	Maharashtra	20.1035	77.7185	44767	
11185833	Maradu	Kerala	9.9365	76.3238	44704	
1277362	Bandikui	Rajasthan	27.0509	76.5733	44664	
13156776	Dowleswaram	Andhra Pradesh	16.9476	81.7799	44637	
1277636	Balapur	Maharashtra	20.6661	76.7739	44594	
11453263	Tondalam	Tamil Nadu	11.5014	76.3498	44590	Nelliyalam|Tondivala
13494730	Jawaharnagar	Telangana	17.5100	78.5656	44562	
1269979	Homnabad	Karnataka	17.7707	77.1252	44483	Hominabad
1263148	Memari	West Bengal	23.1765	88.0975	44448	
1261932	Nandura	Maharashtra	20.8342	76.4592	44419	Nandur Buzruk|Nandura Buzruk|Nandura Buzurg
11502085	Kottangara	Kerala	8.9241	76.6467	44402	Kottamkara
1278593	Angul	Odisha	20.8409	85.1019	44386	Anugul|Ungul
1265932	Kottakkal	Kerala	11.0009	76.0062	44382	
10261507	Libaspur	Delhi	28.7509	77.1465	44375	
1333526	Dalli Rajhara	Chhattisgarh	20.5857	81.0750	44363	Dalli-Rajhara
1268325	Kalpi	Uttar Pradesh	26.1167	79.7333	44339	
1268896	Jintur	Maharashtra	19.6119	76.6874	44291	
1273618	Daman	Dadra and Nagar Haveli and Daman and Diu	20.4143	72.8324	44282	Damanas|Damanum|Damao|Damaun
1258642	Ramnagar	Uttar Pradesh	25.2691	83.0297	44277	
1278609	Anekal	Karnataka	12.7111	77.6956	44260	
7302805	Akkarampalle	Andhra Pradesh	13.6500	79.4200	44219	
1261446	Nidadavole	Andhra Pradesh	16.9057	81.6722	44173	Nidadavol
1258952	Raisen	Madhya Pradesh	23.3303	77.7811	44162	
1270787	Guduvancheri	Tamil Nadu	12.8452	80.0606	44098	Nandivaram - Guduvancheri
1253403	Varangaon	Maharashtra	21.0177	75.9104	44067	
1256340	Sihora	Madhya Pradesh	23.4871	80.1040	44048	
1274102	Chidawa	Rajasthan	28.2394	75.6403	43953	Chirawa
1279227	Ahmadpur	Maharashtra	18.7062	76.9373	43936	Ahmedpur|Rajura
13353577	Olavanna	Kerala	11.2184	75.8325	43895	
1271142	Gobardanga	West Bengal	22.8774	88.7548	43808	
11664489	Melmadai	Tamil Nadu	9.9264	78.1503	43797	
1257749	Saint Thomas Mount	Tamil Nadu	13.0033	80.1961	43795	Madras Saint Thomas Mount|Parangimalai|Paranginealai|Saint Thomas's Mount|St. Thomas Mount-cum-Pallavaram
1252745	Yellandu	Telangana	17.5906	80.3215	43787	Yellandlapad|Yellandrapad
1270543	Haflong	Assam	25.1648	93.0174	43756	Haflang
1259444	Polavaram	Andhra Pradesh	17.2475	81.6437	43710	Polarvaram
7302825	Kanuru	Andhra Pradesh	16.2858	81.2546	43696	
11038551	Bodupal	Telangana	17.4188	78.5843	43692	
1258756	Ramachandrapuram	Andhra Pradesh	16.8364	82.0287	43657	
13353576	Panachikkad	Kerala	9.5297	76.5406	43595	
1256432	Shoranur	Kerala	10.7618	76.2708	43533	
9972729	Pallikaranai	Tamil Nadu	12.9377	80.2153	43493	
1268138	Kandhla	Uttar Pradesh	29.3210	77.2710	43387	
1276815	Barwala	Haryana	29.3675	75.9081	43384	
10263055	Nilithi	Delhi	28.6520	77.0564	43371	Nilothi
1269350	Jambusar	Gujarat	22.0524	72.8007	43344	
1253392	Varkala	Kerala	8.7333	76.7167	43276	
1267461	Katol	Maharashtra	21.2739	78.5858	43267	
13353440	Kopali	Jharkhand	22.8372	86.1916	43256	
1257751	Sainthia	West Bengal	23.9483	87.6804	43221	
13353575	Choornikkara	Kerala	10.0879	76.3411	43207	
1465828	Perungudi	Tamil Nadu	12.9610	80.2409	43111	
13157007	Kamal Pur Majra Burari	Delhi	28.7467	77.1935	43086	
10265066	Jiwanpur	Uttar Pradesh	28.7145	77.2849	43054	Jauhripur|Jiwan Pur
1276954	Barhiya	Bihar	25.2881	86.0206	43045	
1255860	Sojat	Rajasthan	25.9249	73.6663	43023	Sodzhat
1268403	Kalimpong	West Bengal	27.0346	88.6308	43000	Kalimpang
1259879	Periyakulam	Tamil Nadu	10.1227	77.5437	42976	
1256246	Simdega	Jharkhand	22.6152	84.5021	42944	
1275446	Bishrampur	Jharkhand	24.2530	83.9250	42925	Bisrampur
11463108	Kottuvalli	Kerala	10.1112	76.2463	42922	
1277748	Bairagnia	Bihar	26.7406	85.2732	42895	Bairgania
1272607	Diglipur	Andaman and Nicobar	13.2667	93.0000	42877	Adakamaranahalli
13157158	Panipat Taraf Ansar	Haryana	29.4122	76.9547	42877	
13353689	Ranjangaon S	Maharashtra	19.8440	75.2148	42877	
13353574	Kakkodi	Kerala	11.3197	75.8015	42866	
1264409	Mahbubabad	Telangana	17.5973	80.0021	42851	Mahboobabad
13353573	Perumbaikad	Kerala	9.6183	76.5313	42839	
1278335	Arvi	Maharashtra	20.9959	78.2291	42822	
1260368	Parasia	Madhya Pradesh	22.1913	78.7590	42786	Dongar Parasia
1255953	Sivaganga	Tamil Nadu	9.8470	78.4836	42785	Shivaganga
1264912	Limbdi	Gujarat	22.5651	71.8108	42769	Limri
1274466	Chavara	Kerala	8.9673	76.5419	42655	
1273704	Dahegam	Gujarat	23.1690	72.8216	42632	Dehgam
1256752	Shahabad	Haryana	30.1678	76.8705	42607	Shahbad
1269168	Jaspur	Uttarakhand	29.2792	78.8280	42524	
1254675	Than	Gujarat	22.5742	71.1994	42508	Thangadh
1277196	Baola	Gujarat	22.8284	72.3636	42458	Bavla
1266794	Khekra	Uttar Pradesh	28.8659	77.2841	42408	
12522576	Bhupalpally	Telangana	18.4287	79.8638	42387	
1272532	Dinhata	West Bengal	26.1353	89.4613	42381	
1279068	Aland	Karnataka	17.5643	76.5685	42371	Alland|Keregadde
7731699	Kumbalangy	Kerala	9.8798	76.2835	42367	
1262117	Naini Tal	Uttarakhand	29.3974	79.4469	42309	Nainital
1269818	Idar	Gujarat	23.8414	73.0007	42306	
1274151	Chinnamanur	Tamil Nadu	9.8400	77.3811	42305	Chinnammanur
1276027	Bhawani Mandi	Madhya Pradesh	24.4158	75.8355	42283	
7302832	Kyathampalle	Telangana	19.6678	78.5289	42275	
1256322	Sikandra Rao	Uttar Pradesh	27.6886	78.3799	42229	
1260697	Palladam	Tamil Nadu	10.9917	77.2863	42225	
1258270	Razam	Andhra Pradesh	18.4491	83.6596	42197	Rajam
1269477	Jajpur	Odisha	20.8485	86.3373	42157	Gaypur
1268823	Jora	Madhya Pradesh	26.3421	77.8092	42153	Joura|Zhora
1274984	Canning	West Bengal	22.3140	88.6651	42132	Canning Town|Port Canning
1267175	Khairabad	Uttar Pradesh	27.5270	80.7546	42125	
1259338	Pratapgarh	Rajasthan	24.0322	74.7816	42079	Partabgarh|Partapgarh|Pratabgarh
1273043	Dhaka	Bihar	26.6748	85.1670	42063	
1268020	Kannad	Maharashtra	20.2568	75.1379	42056	
1261711	Nathdwara	Rajasthan	24.9381	73.8239	42016	Nathwara
13353572	Abdu Rahiman Nagar	Kerala	11.0698	75.9388	41993	
1271050	Golaghat	Assam	26.5117	93.9595	41989	
1267336	Kekri	Rajasthan	25.9713	75.1499	41890	
1277053	Barauli	Bihar	26.3811	84.5865	41877	
1264403	Mahe	Kerala	11.7017	75.5347	41816	Makh|Mayyazhi
1272657	Diamond Harbour	West Bengal	22.1927	88.1895	41802	Hajipur
11522317	Surampatti	Tamil Nadu	11.3273	77.7112	41782	
1277882	Baghpat	Uttar Pradesh	28.9448	77.2186	41766	Bagpat
1277038	Bar Bigha	Bihar	25.2186	85.7332	41758	
1261823	Narayanpet	Telangana	16.7480	77.4954	41752	
1267091	Khambhaliya	Gujarat	22.2068	69.6503	41734	Khambhalia|Khambhaliva
1275647	Bilara	Rajasthan	26.1807	73.7055	41710	
11502168	Trikonavattam	Kerala	8.8899	76.6659	41609	Thrikkovilvattom
1258864	Rajgir	Bihar	25.0283	85.4208	41587	Radzhgir|Rajagriha|Rajgriha
13353571	Kudappanakkunnu	Kerala	8.5514	76.9608	41583	
1260833	Paithan	Maharashtra	19.4751	75.3856	41536	Paitkhan|Pajtkhan
1266397	Kodinar	Gujarat	20.7939	70.7022	41492	Kodina|Korinar
1259689	Pileru	Andhra Pradesh	13.6558	78.9385	41489	Piler
11477647	Pirayiri	Kerala	10.7652	76.6318	41359	
1258692	Ramganj Mandi	Rajasthan	24.6465	75.9433	41328	
1253545	Vaijapur	Maharashtra	19.9267	74.7275	41296	
13353532	Kannamangalam	Kerala	11.0754	75.9852	41260	
1256983	Saundatti	Karnataka	15.7661	75.1178	41215	Saundatti Yellamma|Soundatti
1269570	Jaggayyapeta	Andhra Pradesh	16.8938	80.0981	41180	
1259961	Peddapalli	Telangana	18.6136	79.3744	41171	
1272674	Dhupgari	West Bengal	26.5890	89.0073	41168	Dhupguri
10930089	Triprangod	Kerala	10.8422	75.9486	41167	Triprangode
1274914	Chakan	Maharashtra	18.7606	73.8635	41113	
1276103	Bharthana	Uttar Pradesh	26.7523	79.2218	41055	Bkhartkhana
1260045	Patti	Punjab	31.2809	74.8585	40976	
1268834	Jalarpet	Tamil Nadu	12.5702	78.5732	40959	Jolarpettai
10214681	Vadgaon	Maharashtra	20.3759	78.1126	40884	Wadgaon Road
1255143	Talcher	Odisha	20.9493	85.2335	40841	Talchar
7660032	Thottada	Kerala	11.8385	75.4208	40818	
13353570	Kalliyoor	Kerala	8.4313	77.0129	40816	
1278448	Arantangi	Tamil Nadu	10.1723	78.9912	40814	Arrantangy
13353569	Athiyannur	Kerala	8.3930	77.0637	40712	
10929640	Icchannur	Kerala	11.3615	75.7782	40697	Chelannur
1256572	Sherghati	Bihar	24.5595	84.7916	40666	
1276330	Bhadra	Rajasthan	29.1030	75.1714	40662	Bkhadra
1269046	Jhajha	Bihar	24.7711	86.3789	40646	Dzhadzha|Jha Jha|Jha-Jha|Nawadih
1271319	Ghatsila	Jharkhand	22.5853	86.4768	40624	Ghatshila
1272852	Dharmanagar	Tripura	24.3667	92.1667	40595	
1267361	Kayalpattinam	Tamil Nadu	8.5714	78.1199	40588	Aramaganori|Coilnapatam|Kajalpatinam|Kayalpatnam|Kayalpatuam
1261164	Nowgong	Madhya Pradesh	25.0614	79.4412	40580	
1256967	Savanur	Karnataka	14.9733	75.3372	40567	
10707024	Naila	Chhattisgarh	22.0207	82.5666	40561	Naila-Janjgir
8441929	Nannambra	Kerala	10.9921	75.9080	40543	
1263952	Manapparai	Tamil Nadu	10.6077	78.4258	40510	Manaparai
11520198	Boyampalaiyam	Tamil Nadu	11.1487	77.3537	40503	Thottipalayam
1268376	Kallakkurichchi	Tamil Nadu	11.7404	78.9590	40449	Kallakirichi
13353568	Kulathummal	Kerala	8.5073	77.0815	40448	
1271982	Ettumanur	Kerala	9.6690	76.5592	40438	Athirampuzha
1271345	Ghatampur	Uttar Pradesh	26.1527	80.1680	40435	
1274640	Channarayapatna	Karnataka	12.9064	76.3877	40417	Chanzarayapatna
1279123	Akividu	Andhra Pradesh	16.5822	81.3811	40413	
1265886	Kovvur	Andhra Pradesh	17.0162	81.7293	40379	Kovur
1253296	Vellakkovil	Tamil Nadu	10.9463	77.7124	40359	Vellakoil
1257928	Sabalgarh	Madhya Pradesh	26.2492	77.4079	40333	Sabalgarkh
1276219	Bhalki	Karnataka	18.0435	77.2060	40333	
11462028	Kattipparutti	Kerala	10.8738	76.0535	40318	Kattipparuthi
1262410	Murtajapur	Maharashtra	20.7330	77.3669	40295	Murtazapur
13353567	Peringathur	Kerala	11.7137	75.5860	40292	
1255850	Solan	Himachal Pradesh	30.9091	77.1087	40283	Solana|Solon
1262302	Nadapuram	Kerala	11.6846	75.6549	40230	Kummankod
1270619	Gursahaiganj	Uttar Pradesh	27.1152	79.7317	40214	
1264317	Maihar	Madhya Pradesh	24.2659	80.7606	40192	
1277201	Bantval	Karnataka	12.8905	75.0349	40155	Bantwall|Bantyal|Bartval
8223942	Pallipalayam	Tamil Nadu	11.3652	77.7623	40140	Pallipalayam Agraharam|Pudupalayam Agraharam
1263580	Mapusa	Goa	15.5915	73.8090	40122	Mapuca
1255211	Taki	West Bengal	22.5887	88.9325	40113	Takoj
1279147	Akalkot	Maharashtra	17.5253	76.2061	40103	
1263807	Maner	Bihar	25.6460	84.8729	40068	Maner Sharif|Manera
1264010	Malur	Karnataka	13.0032	77.9380	40050	
1277688	Bakhri	Bihar	25.5989	86.2607	40043	Bahadurpur|Bakhri Bazar
11502105	Mayyanad	Kerala	8.8373	76.6450	40039	
13494720	Mappilaiurani	Tamil Nadu	8.8359	78.1352	40035	
1263151	Melur	Tamil Nadu	10.0324	78.3393	40017	Mailore
1270245	Hasimara	West Bengal	26.7469	89.3538	40000	Hashimara
7302851	Sathupalli	Telangana	17.2497	80.8690	40000	Sathupalle|Sathupally
1259190	Puranpur	Uttar Pradesh	28.5128	80.1483	39988	
1279113	Akluj	Maharashtra	17.8924	75.0214	39972	Aklui
1277232	Bansi	Uttar Pradesh	27.1775	82.9344	39926	
1275634	Bilaspur	Uttar Pradesh	28.8865	79.2703	39873	
11185892	Vadavalli	Tamil Nadu	11.0247	76.8973	39873	
1254695	Thakurdwara	Uttar Pradesh	29.1920	78.8615	39860	
1278698	Amudalavalasa	Andhra Pradesh	18.4103	83.9030	39799	
1253074	Vyara	Gujarat	21.1108	73.3936	39789	Vvara
1276037	Bhavani	Tamil Nadu	11.4455	77.6821	39744	
1257566	Samalkha	Haryana	29.2355	77.0127	39710	
11344163	Lakkanahalli	Tamil Nadu	12.1120	78.1538	39697	Lakkiampatti
1259388	Porsa	Madhya Pradesh	26.6744	78.3708	39669	
11463715	Kadungalur	Kerala	10.0948	76.3211	39666	Kadungalloor
11488244	Kalappatti	Tamil Nadu	11.0794	77.0371	39586	
1278681	Anandpur	Odisha	21.2141	86.1249	39585	
1274896	Chaklasi	Gujarat	22.6532	72.9450	39581	
1259069	Radhanpur	Gujarat	23.8324	71.6047	39558	
1262412	Murshidabad	West Bengal	24.1839	88.2717	39557	
13353566	Manakunnam	Kerala	9.8857	76.3733	39538	
1276370	Bhachau	Gujarat	23.2986	70.3428	39532	Bachau|Buchow
1269445	Jalalabad	Punjab	30.6062	74.2573	39525	
1265504	Kurinjippadi	Tamil Nadu	11.5503	79.5907	39514	Kurinjipadi|Vadalur
1256814	Sedam	Karnataka	17.1786	77.2900	39341	Seram
1253591	Vadasinor	Gujarat	22.9568	73.3350	39330	Balasinor
1268214	Kampli	Karnataka	15.4063	76.6001	39307	
11628556	Karo	Jharkhand	23.7852	85.9783	39305	Bokaro
11502076	Tirkadavur	Kerala	8.9240	76.5910	39285	Thrikkadavoor
1268855	Jogbani	Bihar	26.3990	87.2652	39281	
11333780	Mukondapalli	Tamil Nadu	12.7514	77.8017	39245	Mookondapalli
1256067	Sirohi	Rajasthan	24.8884	72.8479	39229	Sirokhi
10628607	Aroor	Kerala	9.8694	76.3050	39214	Aror
13353565	Othukkungal	Kerala	11.0283	76.0290	39139	
1271259	Ghosi	Uttar Pradesh	26.1059	83.5393	39138	Gkhosi
8224613	Sumerpur	Rajasthan	25.1543	73.0816	39132	
1259939	Pehowa	Haryana	29.9790	76.5825	39101	Pekhova
11462947	Karakkad	Kerala	10.5880	76.0388	39098	Chavakkad
1261122	Nurpur	Uttar Pradesh	29.1496	78.4084	39077	
1258186	Revelganj	Bihar	25.7898	84.6360	39039	
1276416	Betamcherla	Andhra Pradesh	15.4514	78.1480	38994	
10244604	Belpahar	Odisha	21.8218	83.8458	38993	
1274252	Chika	Haryana	30.0489	76.3430	38952	Cheeka
1260354	Paravur Tekkumbhagam	Kerala	8.7947	76.6680	38946	Paravar|Paravoor|Paravur
11662151	Tuvagudi	Tamil Nadu	10.7472	78.8213	38887	Thuvakudi
1272140	Dwarka	Gujarat	22.2394	68.9678	38873	Dvarka
1266031	Kotamangalam	Kerala	10.0643	76.6284	38837	
1267456	Katpadi	Tamil Nadu	12.9695	79.1455	38833	Dharapadavedu
11184472	Rangat	Andaman and Nicobar	12.5060	92.9155	38824	
1257830	Sagauli	Bihar	26.7639	84.7434	38815	Saganli|Saghauli|Sagowlee|Segowlee|Segowlie|Sugauli
1259019	Rahuri	Maharashtra	19.3907	74.6498	38813	
1257481	Sanawad	Madhya Pradesh	22.1739	76.0699	38740	Sanavad
1266209	Kondapalle	Andhra Pradesh	16.6199	80.5424	38714	Kondapalli
1253220	Vetapalem	Andhra Pradesh	15.7850	80.3066	38671	
1257429	Sangaria	Rajasthan	29.7989	74.4668	38638	
1269415	Jalesar	Uttar Pradesh	27.4732	78.3031	38614	Jalesar Town
13353564	Nattakam	Kerala	9.5453	76.5141	38599	
1260713	Palia Kalan	Uttar Pradesh	28.4321	80.5814	38547	Palia
1276652	Bayana	Rajasthan	26.9079	77.2899	38502	Bajan|Bayaha
1258795	Rajula	Gujarat	21.0385	71.4434	38489	
1275389	Bodh Gaya	Bihar	24.6981	84.9869	38439	Bodh Gaja|Bodh-Gaja|Bodhgaja|Bodhgaya|Buddh Gaya|Buddha Gaya
10803336	Keru	Rajasthan	26.1925	73.0443	38429	Kuri Bhagtasani
13494718	Kollancode	Tamil Nadu	8.2890	77.1080	38385	
1252646	Kilakarai	Tamil Nadu	9.2318	78.7854	38355	Kilakari
1265660	Kumhari	Chhattisgarh	21.2667	81.5167	38334	
1274218	Chikodi	Karnataka	16.4290	74.5859	38307	
10165672	Khairtal	Rajasthan	27.8043	76.6386	38298	
1260138	Pathanamthitta	Kerala	9.2667	76.7833	38285	Pattanamtitta
10924889	Chorod	Kerala	11.6277	75.5915	38245	Chorode
1261960	Nandigama	Andhra Pradesh	16.7717	80.2860	38219	
1269751	Indi	Karnataka	17.1774	75.9526	38217	
10265219	Kondli	Delhi	28.6117	77.3267	38207	
10214289	Nildoh	Maharashtra	21.1107	78.9891	38157	Digdoh
13353688	Kabnur	Maharashtra	16.7017	74.4395	38146	
1264136	Malavalli	Karnataka	12.3856	77.0605	38129	
1255483	Suluru	Andhra Pradesh	13.7000	80.0167	38065	Sulurpet|Sulurpeta
1268266	Kaman	Rajasthan	27.6579	77.2691	38040	
1274468	Chetwayi	Kerala	10.5289	76.0479	38011	Chaughat|Chavakkad|Chetwagi|Chitwye|Chowghat
7701510	Nongthymmai	Meghalaya	25.5637	91.9064	38004	Nongmynsong|Nongtkhjmai|Umpling
9794300	Shahbazpur	Bihar	26.3051	87.2887	38000	
1253041	Wadi	Karnataka	17.0518	76.9905	37988	Vadi
13156775	Tirupati NMA	Andhra Pradesh	13.6323	79.4857	37968	
1271459	Gauribidanur	Karnataka	13.6107	77.5174	37947	Gauibidanur|Goribidnur
1254858	Tasgaon	Maharashtra	17.0370	74.6017	37945	
1279299	Agar	Madhya Pradesh	23.7118	76.0157	37917	Agar-agar
1465867	Rajakilpakkam	Tamil Nadu	12.9194	80.1697	37906	Chitlapakkam
13157006	Gharonda Neemka Bangar	Delhi	28.6164	77.2880	37876	
1272653	Dibai	Uttar Pradesh	28.2085	78.2617	37873	
1258111	Robertsganj	Uttar Pradesh	24.6886	83.0678	37855	Robertsgandzh|Sonbhadra
1259931	Pen	Maharashtra	18.7373	73.0960	37852	
1254880	Tarikere	Karnataka	13.7095	75.8138	37848	
1263303	Maudaha	Uttar Pradesh	25.6831	80.1142	37844	Maudakha
1256989	Sathyamangalam	Tamil Nadu	11.5053	77.2383	37816	
1271363	Gharaunda	Haryana	29.5369	76.9714	37816	Gkharaunda
1254322	Cheyyar	Tamil Nadu	12.6605	79.5431	37802	Tiruvattiyur|Tiruvetipuram|Tiruvettipuram
10400293	Sonepur	Bihar	25.6961	85.1667	37776	
1261614	Niwai	Rajasthan	26.3607	75.9184	37765	Newai
1269373	Gogri Jamalpur	Bihar	25.4112	86.6593	37753	
1275641	Bilasipara	Assam	26.2328	90.2341	37739	
10555165	Nangli Sakrawat	Delhi	28.6217	76.9923	37706	
1257060	Satana	Maharashtra	20.5948	74.2030	37701	
1258297	Rawatbhata	Rajasthan	24.9298	75.5921	37699	Rawat Bhatta|Rawatbhaia
1272061	Ellenabad	Haryana	29.4528	74.6612	37680	Kharyal
10214288	Wanadongri	Maharashtra	21.0938	78.9727	37667	
1260274	Parola	Maharashtra	20.8810	75.1194	37666	
1260120	Pathri	Maharashtra	19.2588	76.4341	37648	Patri
13157139	Bopal	Gujarat	23.0334	72.4672	37635	
11520182	Chettipalaiyam	Tamil Nadu	11.1667	77.3350	37620	
11502184	Talattala	Kerala	8.8738	76.6716	37517	Thazhuthala
1269020	Jhalrapatan	Rajasthan	24.5420	76.1724	37506	Jhalrapatan Chhroni|Jhalrapatan City|Jhalrapatna City|Patan
7645176	Zira	Punjab	30.9685	74.9911	37498	
1264976	Leh	Ladakh	34.1650	77.5840	37475	Leha|Lekh
1268031	Kanker	Chhattisgarh	20.2719	81.4918	37442	
1257237	Sarangpur	Madhya Pradesh	23.5665	76.4731	37435	
1257456	Sandur	Karnataka	15.0861	76.5469	37431	
1277318	Bangarmau	Uttar Pradesh	26.8912	80.2115	37425	
13156774	Kanigiri U	Andhra Pradesh	15.4064	79.5070	37420	
1269488	Jaito	Punjab	30.4513	74.8919	37377	Jaitu
1272396	Dongargarh	Chhattisgarh	21.1889	80.7546	37372	Dongargarkh|Dongragarh
1259756	Phulbani	Odisha	20.4810	84.2306	37371	Phulabani|Phulbam
13353563	Malayinkeezhu	Kerala	8.4902	77.0374	37350	
1278176	Attingal	Kerala	8.6961	76.8151	37346	Attungal
1465899	Perunkalattu	Tamil Nadu	12.9182	80.0824	37342	Peerkankaranai|Perungalathur
1262740	Morsi	Maharashtra	21.3403	78.0126	37333	Morshi
1259688	Pilibangan	Rajasthan	29.4496	74.1009	37288	Pilibanga
1261539	Nelamangala	Karnataka	13.0998	77.3936	37232	
1256214	Sindgi	Karnataka	16.9188	76.2337	37226	
1253216	Vettur	Kerala	8.7174	76.7258	37219	Vetchur|Vettoor
1276346	Bhadgaon	Maharashtra	20.6690	75.2294	37214	
1258347	Ratia	Haryana	29.6903	75.5769	37152	
1256025	Sirur	Maharashtra	18.8276	74.3748	37111	Ghodnadi|Shirur
1278296	Ashta	Maharashtra	16.9494	74.4094	37105	Satara
1265170	Lalganj	Bihar	25.8689	85.1739	37098	
1254436	Tinnanur	Tamil Nadu	13.1145	80.0271	37095	Thiruninravur
1277358	Bandipura	Jammu and Kashmir	34.4173	74.6431	37081	Bandapur|Bandipore|Bandipur
10265086	Babarpur	Delhi	28.6875	77.2856	37058	
1348820	Pujali	West Bengal	22.4679	88.1452	37047	
1271543	Garhmuktesar	Uttar Pradesh	28.7873	78.1021	37043	
1277836	Bahadurganj	Bihar	26.2617	87.8244	36993	
1262097	Nakodar	Punjab	31.1259	75.4751	36973	
1264700	Lunavada	Gujarat	23.1284	73.6104	36954	Lunawada
13353562	Vazhayur	Kerala	11.2173	75.8999	36909	
1269993	Hojai	Assam	26.0028	92.8560	36869	Hojal
1279134	Akbarpur	Uttar Pradesh	26.4295	82.5343	36865	Miranpur Akbarpur
1259608	Pipar	Rajasthan	26.3844	73.5439	36810	Pipar City
12523448	Lanka	Assam	25.9291	92.9486	36805	
1254133	Tuensang	Nagaland	26.2670	94.8242	36774	Mozungjami
1253077	Vuyyuru	Andhra Pradesh	16.3631	80.8441	36755	
1265201	Lakshmeshwar	Karnataka	15.1269	75.4694	36754	Lakshmeshvar
1265645	Kumta	Karnataka	14.4285	74.4189	36719	Coompta|Kumpta
1252773	Yaval	Maharashtra	21.1677	75.6976	36706	Yawal
13156960	Tilda Newra	Chhattisgarh	21.5532	81.8019	36682	
1267433	Kattivakkam	Tamil Nadu	13.2167	80.3167	36617	
11452719	Peringottupulam	Kerala	11.0268	76.0987	36602	Koottilangadi
1255870	Sohna	Haryana	28.2474	77.0654	36552	Sokhna
1260178	Patamundai	Odisha	20.5781	86.5606	36528	Patamudai
1266425	Kodaikanal	Tamil Nadu	10.2393	77.4893	36501	Kodaikan|Kodajkanal
1269827	Ichchapuram	Andhra Pradesh	19.1139	84.6872	36493	Ichapuram|Ichchapur|Ichekapuram
1273434	Daryapur	Maharashtra	20.9249	77.3264	36463	
1273923	Chunar	Uttar Pradesh	25.1278	82.8821	36459	
10524013	Aminpur	Telangana	17.5242	78.3227	36452	Ameenapur
1262484	Mungeli	Chhattisgarh	22.0657	81.6854	36450	
1276897	Barnagar	Madhya Pradesh	23.0489	75.3780	36438	
1259177	Purna	Maharashtra	19.1817	77.0257	36433	
1266622	Khunti	Jharkhand	23.0760	85.2782	36390	
1261800	Nargund	Karnataka	15.7230	75.3867	36291	
13353561	Parappur	Kerala	11.0121	75.9947	36270	
1261342	Neem ka Thana	Rajasthan	27.7398	75.7865	36231	Neem-Ka-Thana
13353560	Vilappil	Kerala	8.5222	77.0400	36212	
1261396	Nilanga	Maharashtra	18.1167	76.7528	36172	
7302855	Naharlagun	Arunachal Pradesh	27.1047	93.6952	36158	Nagarlagun|Nakharlagun
1275368	Boisar	Maharashtra	19.8036	72.7560	36151	
1278139	Ausa	Maharashtra	18.2473	76.4993	36118	
1257896	Sadabad	Uttar Pradesh	27.4382	78.0376	36093	
1275572	Bindki	Uttar Pradesh	26.0361	80.5762	36058	
1264457	Mahalingpur	Karnataka	16.3888	75.1087	36055	
10689579	Ravu	Madhya Pradesh	22.6373	75.8147	36055	
1264032	Malpura	Rajasthan	26.2838	75.3646	36028	
1253013	Wai	Maharashtra	17.9528	73.8906	36025	
1275191	Bramhapuri	Maharashtra	20.6111	79.8610	36025	Brahmapuri|Bramhapari
1256537	Shikaripura	Karnataka	14.2698	75.3564	36015	Shikaripur|Shikarpur
1256489	Shirdi	Maharashtra	19.7662	74.4774	36004	Sirdis
13353559	Neduva	Kerala	11.0567	75.8668	35996	
13353558	Venganoor	Kerala	8.3964	77.0033	35963	
10858989	Ramanattukara	Kerala	11.1780	75.8689	35937	
1262843	Mokokchung	Nagaland	26.3248	94.5183	35913	Mkokchung|Mokokshung
1259630	Pinjaur	Haryana	30.7987	76.9182	35912	Pinjore
10878482	Madayi	Puducherry	12.0343	75.2378	35888	
1260228	Partur	Maharashtra	19.5993	76.2154	35883	
1443383	Dindarpur	Delhi	28.5981	76.9916	35856	Dindarput
1255172	Talakkad	Kerala	10.8846	75.9309	35820	Tallakad
1265854	Krishnarajasagara	Karnataka	12.4398	76.3828	35805	
1269053	Jhabua	Madhya Pradesh	22.7677	74.5909	35753	Dkhabua
1465825	Madipakkam	Tamil Nadu	12.9623	80.1986	35752	Madipakam|Madippakkam
10263041	Karala	Delhi	28.7355	77.0352	35730	
1271533	Gariadhar	Gujarat	21.5389	71.5774	35692	Gariyadhar
1268540	Kakrala	Uttar Pradesh	27.8927	79.1945	35690	
1275736	Bidasar	Rajasthan	27.8360	74.3178	35683	
1265311	Lahar	Madhya Pradesh	26.1940	78.9414	35674	
1278841	Ambasamudram	Tamil Nadu	8.7107	77.4519	35645	Ambassamudram
1269666	Islampur	Bihar	25.1408	85.2059	35641	
13353557	Kaipamangalam	Kerala	10.3350	76.1392	35626	
1263226	Medchal	Telangana	17.6297	78.4814	35611	
8629543	Ganaur	Haryana	29.1302	77.0183	35603	
6693809	Sholinganallur	Tamil Nadu	12.8900	80.2313	35602	
1265888	Kovur	Andhra Pradesh	14.5005	79.9852	35600	
1254111	Tuljapur	Maharashtra	18.0080	76.0701	35596	
7302849	Barpeta Road	Assam	26.5028	90.9694	35571	
1253698	Uravakonda	Andhra Pradesh	14.9435	77.2549	35565	
1278058	Babina	Uttar Pradesh	25.2395	78.4703	35538	
1259060	Rafiganj	Bihar	24.8176	84.6345	35536	
1253870	Umarga	Maharashtra	17.8384	76.6233	35477	
1269810	Igatpuri	Maharashtra	19.6952	73.5626	35461	Vigatpuri|Wigatpura
10929726	Perumanna	Kerala	11.2529	75.8906	35460	
1275152	Budhana	Uttar Pradesh	29.2880	77.4753	35442	
1264890	Lingsugur	Karnataka	16.1588	76.5217	35411	
1258819	Rajpipla	Gujarat	21.8667	73.5000	35392	
1272874	Dharangaon	Maharashtra	21.0119	75.2741	35375	Darangaon|Dkharangaon
1264398	Mahemdavad	Gujarat	22.8236	72.7555	35368	Mehmadabad
1267862	Karamsad	Gujarat	22.5424	72.9039	35285	
1255372	Surandai	Tamil Nadu	8.9757	77.4192	35272	
1263968	Manali	Tamil Nadu	13.1667	80.2667	35248	
1252930	Waris Aliganj	Bihar	25.0172	85.6405	35243	Waris Ariganj
1259272	Pulgaon	Maharashtra	20.7220	78.3206	35238	
1253671	Usilampatti	Tamil Nadu	9.9694	77.7862	35219	
10910185	Puzhathi	Kerala	11.9011	75.3892	35212	
11502057	Perunad	Kerala	8.9490	76.6427	35173	
1267869	Karamadai	Tamil Nadu	11.2406	76.9601	35166	
1271213	Giddalur	Andhra Pradesh	15.3744	78.9261	35150	Giddaluru
1278201	Atmakur	Andhra Pradesh	15.8811	78.5870	35137	
1260406	Pappinissheri	Kerala	11.9566	75.3403	35134	Pappinisseri
1253193	Vijapur	Gujarat	23.5623	72.7485	35118	
1258295	Rawatsar	Rajasthan	29.2672	74.4029	35102	
1272320	Dubrajpur	West Bengal	23.7902	87.3765	35087	
1267661	Karumattampatti	Tamil Nadu	11.1093	77.1820	35062	
1269447	Jalalabad	Uttar Pradesh	27.7263	79.6552	35051	
10933957	Marancheri	Kerala	10.7405	75.9710	35011	
11421465	Podaturpet	Tamil Nadu	13.2817	79.4854	35000	Podhaturpet|Pothatturpettai
1256753	Shahabad	Uttar Pradesh	28.5668	79.0096	34962	Sahabad
11184575	Peruvallur	Kerala	11.1048	75.9327	34941	
1265830	Rairangpur	Odisha	22.2667	86.1739	34929	Kuchaiburi|Rairan'nkpour|Rajrangpur
1256075	Sirkazhi	Tamil Nadu	11.2372	79.7358	34927	Cikal|Shiyali|Sirkali
1266575	Kichha	Uttarakhand	28.9115	79.5201	34904	
1462711	Vijayapura	Karnataka	13.2972	77.8018	34866	Vadigenhalli
6695467	Hebbagodi	Karnataka	12.8263	77.6809	34827	Khebagodi
10925345	Chemancheri	Kerala	11.4048	75.7236	34819	
1272022	Erattupetta	Kerala	9.6875	76.7789	34814	Eratupeta
1258704	Ramdurg	Karnataka	15.9458	75.2978	34800	Ramdrug
1269379	Jamadoba	Jharkhand	23.7167	86.4000	34774	
1257855	Safidon	Haryana	29.4060	76.6704	34728	
10524016	Bolarum	Telangana	17.5561	78.3482	34667	Bollaram
1277005	Bareli	Madhya Pradesh	23.0044	78.2301	34663	Baraily|Barajli|Bareilly|Barell
10924923	Eramala	Kerala	11.6859	75.5910	34658	
1256532	Shikarpur	Uttar Pradesh	28.2807	78.0141	34649	
1257369	Sankeshwar	Karnataka	16.2565	74.4819	34637	Sankeshvar
1267742	Karjat	Maharashtra	18.9107	73.3235	34554	
1277684	Bakhtiyarpur	Bihar	25.4618	85.5318	34533	
1277924	Bagasra	Gujarat	21.4872	70.9552	34521	Bagasara
13353556	Villiappally	Kerala	11.6250	75.6287	34502	
7576656	Aymanam	Kerala	9.6068	76.5006	34470	Aimanam
1278602	Angamali	Kerala	10.1905	76.3879	34399	Angamally
1253169	Villianur	Puducherry	11.9139	79.7557	34383	Vilianur|Villenour|Villiyanur
1263707	Manipal	Karnataka	13.3500	74.7833	34370	Manipala
1265143	Lalsot	Rajasthan	26.5595	76.3291	34363	
8457516	Mehidpur	Madhya Pradesh	23.4888	75.6580	34362	Mahidpur
10688581	Soyagaon	Maharashtra	20.5525	74.5069	34341	
1257409	Sangola	Maharashtra	17.4395	75.1938	34321	
1253330	Vedaraniyam	Tamil Nadu	10.3721	79.8509	34266	Vedaranayam|Vedaraniam|Vedaranniyam
10929715	Kuruvattur	Kerala	11.3361	75.8351	34241	
1262669	Muddebihal	Karnataka	16.3378	76.1317	34217	
1261664	Navapur	Maharashtra	21.1616	73.7940	34207	
1267203	Khachrod	Madhya Pradesh	23.4232	75.2819	34191	
7302853	Yanamalakuduru	Andhra Pradesh	16.4853	80.6675	34177	Yenamalakuduru
13353617	Malajkhand	Madhya Pradesh	22.0516	80.7157	34176	
13157138	Vapi INA	Gujarat	20.3601	72.9311	34162	
1265591	Kunigal	Karnataka	13.0232	77.0252	34155	
1268662	Kadur	Karnataka	13.5528	76.0116	34151	
13353555	Chelambra	Kerala	11.1509	75.8719	34149	
1270455	Hamirpur	Uttar Pradesh	25.9553	80.1484	34144	
1258124	Risod	Maharashtra	19.9767	76.7880	34136	
1266330	Kokrajhar	Assam	26.4011	90.2729	34136	Kokradzhar
1261639	Nawabganj	Uttar Pradesh	28.5410	79.6346	34134	
1268381	Kalka	Himachal Pradesh	30.8398	76.9407	34134	Kalki
1268651	Kagal	Maharashtra	16.5770	74.3154	34106	
1260363	Parassala	Tamil Nadu	8.3387	77.1542	34096	Parasala|Parasuvaikkal
1254304	Titlagarh	Odisha	20.2896	83.1523	34067	Titilagarh|Titlagar
1276621	Begamganj	Madhya Pradesh	23.5992	78.3406	34031	
1262270	Nagalapuram	Andhra Pradesh	13.3884	79.7962	34026	
1269327	Jamkhed	Maharashtra	18.7352	75.3134	34017	
1271911	Fatehpur	Uttar Pradesh	27.1728	81.2106	34010	
13353554	Elampalloor	Kerala	8.9558	76.6739	33959	
1269102	Jayamkondacholapuram	Tamil Nadu	11.2127	79.3637	33945	Jayankondacholpuram|Jayankondam
1254136	Tudiyalur	Tamil Nadu	11.0816	76.9446	33924	Thudiyalur|Tudiyallur
11462864	Alankod	Kerala	10.7460	76.0348	33918	Alamcode
1256705	Shahpura	Rajasthan	27.3912	75.9596	33895	
10910205	Elayavur	Kerala	11.8892	75.4124	33853	Elayavoor
1270750	Guledagudda	Karnataka	16.0502	75.7900	33851	Guledgarh|Guledgud|Guledgudd
11499877	Iramallur	Kerala	10.0619	76.5717	33829	Eramalloor
1259530	Piro	Bihar	25.3322	84.4045	33785	
1270598	Guskhara	West Bengal	23.4928	87.7348	33780	Gushkara
1253805	Umreth	Gujarat	22.6988	73.1156	33762	
1261748	Narsipatnam	Andhra Pradesh	17.6671	82.6124	33757	
1277808	Bahjoi	Uttar Pradesh	28.3950	78.6266	33752	Bhajoi
1272857	Dharmabad	Maharashtra	18.8912	77.8494	33741	
6619506	Chockli	Kerala	11.7274	75.5551	33732	
1253275	Vemalwada	Telangana	18.4652	78.8689	33706	Lembulavataka|Lemulavada|Vemulavada|Vemulawada R
1273856	Colgong	Bihar	25.2633	87.2326	33700	
1276731	Basudebpur	Odisha	21.1197	86.7290	33690	
1258930	Rajakhera	Rajasthan	26.8980	78.1710	33666	
1270530	Hailakandi	Assam	24.6839	92.5610	33637	Hailikandi|Hylakandi
1269581	Jagatsinghapur	Odisha	20.2557	86.1711	33631	Jagatsinghpur|Jagatsingpur
1271413	Gevrai	Maharashtra	19.2637	75.7501	33562	Georai
1264540	Madikeri	Karnataka	12.4260	75.7382	33540	Mercara|Merkara
1266164	Kopaganj	Uttar Pradesh	26.0192	83.5663	33539	
1254673	Thana Bhawan	Uttar Pradesh	29.5861	77.4181	33498	
1259231	Pundri	Haryana	29.7610	76.5603	33484	
1253557	Vagholi	Maharashtra	18.5823	73.9830	33479	Wagholi
1275506	Birmitrapur	Odisha	22.4000	84.7667	33442	
1274532	Chaksu	Rajasthan	26.6051	75.9481	33432	Chatsu
1273448	Darsi	Andhra Pradesh	15.7698	79.6794	33418	
1252698	Zaidpur	Uttar Pradesh	26.8309	81.3293	33397	
1258229	Remuna	Odisha	21.5280	86.8716	33378	
11463136	Puthenvelikara	Kerala	10.1851	76.2454	33372	Puttanvelikara
1278768	Amli	Dadra and Nagar Haveli and Daman and Diu	20.2833	73.0167	33369	
1278510	Anupgarh	Rajasthan	29.1911	73.2086	33309	
1257638	Salaya	Gujarat	22.3104	69.6038	33246	
11532691	Idangansalai	Tamil Nadu	11.6272	77.9890	33245	Edaganasalai
1266087	Kosamba	Gujarat	21.4620	72.9584	33221	
1276782	Basavana Bagevadi	Karnataka	16.5728	75.9725	33198	Bagevadi
1262626	Muhammadabad	Uttar Pradesh	25.6191	83.7558	33186	
1265220	Lakhyabad	West Bengal	23.6667	86.6667	33162	Lakkhjabad|Layabad|Loyabad
13157005	Aya Nagar	Delhi	28.4720	77.1327	33123	
1253863	Umaria	Madhya Pradesh	23.5247	80.8372	33114	
1274755	Chanderi	Madhya Pradesh	24.7131	78.1381	33081	
10877918	Ajanur	Kerala	12.3361	75.0930	33079	
11185818	Manendragarh	Chhattisgarh	23.2134	82.2023	33071	
1258674	Ramgarh	Rajasthan	28.1710	74.9797	33024	
1276355	Bhadasar	Rajasthan	28.3146	74.2895	33006	Adarsh Bas
11488243	Srvanampatti	Tamil Nadu	11.0764	77.0045	32920	Saravanampatti
1260063	Patratu	Jharkhand	23.6651	85.3035	32899	Patrotu
1275865	Bhokar	Maharashtra	19.2193	77.6696	32899	Bkhokar
1257477	Sanchor	Rajasthan	24.7536	71.7728	32875	Sanchore
13494586	Kurumbapet	Puducherry	11.9398	79.7713	32871	
1268616	Kaimganj	Uttar Pradesh	27.5544	79.3353	32858	Kaimgandzh
1277482	Bamaur	Madhya Pradesh	26.3390	78.1010	32838	Bamor|Banmore
1269239	Janjgir	Chhattisgarh	22.0092	82.5778	32833	
1272101	Egra	West Bengal	21.8995	87.5379	32832	
1275719	Bihariganj	Bihar	25.7341	86.9884	32805	
1262382	Mushabani	Jharkhand	22.5114	86.4571	32761	Mosaboni|Mosaboni Mines|Musabani
1253987	Udaipur	Tripura	23.5333	91.4833	32758	Udajpur
1272610	Dighwara	Bihar	25.7443	85.0100	32741	Digha
1261468	Ngur	Mizoram	23.5380	93.3732	32734	Champhai
1271563	Garhakota	Madhya Pradesh	23.7791	79.1432	32726	
11463913	Vengola Kizhakkumbagam	Kerala	10.0637	76.4761	32697	Vengola
10684916	Mamun	Punjab	32.2824	75.6983	32689	
11607796	Nanjikkottai	Tamil Nadu	10.7293	79.1424	32689	
13353616	Bijuri	Madhya Pradesh	23.2524	82.1167	32682	
1271244	Ghugus	Maharashtra	19.9381	79.1119	32654	
1254908	Taranagar	Rajasthan	28.6686	75.0321	32640	Reni
1261517	Nepanagar	Madhya Pradesh	21.4538	76.3933	32611	Nepa Nagar
10525092	Badepalli	Telangana	16.7549	78.1443	32598	
1261672	Nautanwa	Uttar Pradesh	27.4275	83.4179	32587	Nautanwa Bazar
11038553	Pirzadaguda	Telangana	17.3945	78.5905	32586	Peerzadguda
1270021	Hisua	Bihar	24.8336	85.4173	32585	Khisua
7648816	Shamshabad	Telangana	17.2519	78.4184	32583	
1253482	Vallabh Vidyanagar	Gujarat	22.5333	72.9000	32581	Vallabh|Vallabh Vidhyanagar
1272008	Erraguntla	Andhra Pradesh	14.6385	78.5397	32574	Yerraguntla
1272109	Edappal	Kerala	10.7834	76.0079	32550	Edapal
7302836	Manuguru	Telangana	17.9302	80.8267	32539	Manugur
1255705	Soro	Odisha	21.2785	86.6883	32531	
10929613	Ulliyeri	Kerala	11.4525	75.7666	32509	
1257307	Saoner	Maharashtra	21.3851	78.9215	32498	Savner
11676045	Muttayyapuram	Tamil Nadu	8.7498	78.1311	32494	
1263591	Manwath	Maharashtra	19.3013	76.4973	32488	Manwat
1272970	Dhandhuka	Gujarat	22.3819	71.9866	32475	
11333755	Jujuvadi	Tamil Nadu	12.7679	77.7918	32474	Zuzuvadi
1270185	Hatta	Madhya Pradesh	24.1341	79.6012	32465	Hatla|Khatta
1269573	Jagdispur	Bihar	25.4681	84.4194	32447	Jagdishpur
1278974	Almora	Uttarakhand	29.5971	79.6591	32442	Al'mora
8223939	Thuraiyur	Tamil Nadu	11.1480	78.5991	32439	
10916655	Saknepalli	Telangana	18.9286	79.4571	32385	Kyathampalle
1278532	Anta	Rajasthan	25.1500	76.3000	32377	Antah
1271789	Gajendragarh	Karnataka	15.7363	75.9698	32359	Gajendragad
1261752	Narsinghgarh	Madhya Pradesh	23.7076	77.0932	32329	
7302838	Kalyandurg	Andhra Pradesh	14.5452	77.1055	32328	Kalyandrug
1274032	Chittur	Kerala	10.6997	76.7471	32298	Chittur-Cochin
11185792	Madhapar	Gujarat	23.2376	69.6995	32293	
1274381	Chhabra	Rajasthan	24.6647	76.8438	32285	
1263965	Manamadurai	Tamil Nadu	9.6732	78.4710	32257	Manamadura
1254390	Tiruchchendur	Tamil Nadu	8.4972	78.1191	32171	Tiruchendur
1275476	Bisauli	Uttar Pradesh	28.3077	78.9368	32154	
1268095	Kangayam	Tamil Nadu	11.0060	77.5609	32147	
11500804	Mannanchori	Kerala	9.5722	76.3525	32139	Mannanchery
1268567	Kakching	Manipur	24.4982	93.9813	32138	
1254043	Turaiyur	Tamil Nadu	11.1497	78.5987	32134	Turalyur
1275708	Bijaynagar	Rajasthan	25.9298	74.6492	32124	Bijainagar|Vijainagar
1271888	Ferokh	Kerala	11.1799	75.8414	32122	Ferok|Feroke
1273006	Dhamnod	Madhya Pradesh	22.2093	75.4706	32093	
10431234	Jora Khurd	Madhya Pradesh	26.4893	77.9758	32087	Jaura Khurd
1260014	Pavugada	Karnataka	14.0995	77.2802	32063	Pavagada
13353553	Thenhippalam	Kerala	11.1323	75.8822	32045	
1270466	Halvad	Gujarat	23.0152	71.1803	32024	Halwad
11038564	Meerpet	Telangana	17.3210	78.5305	32013	Badangpet
1252692	Zamania	Uttar Pradesh	25.4196	83.5579	32008	Zaminia
1276067	Bhatkal	Karnataka	13.9853	74.5553	32000	
11185528	Malkapur	Maharashtra	17.2621	74.1757	32000	
10834074	Makhdumpur	Bihar	25.0657	84.9725	31994	
13157004	Shafi Pur Ranhola	Delhi	28.6573	77.0400	31944	
11628615	Jaridih	Jharkhand	23.7657	85.9386	31882	Jaridih Bazar
1258380	Rasra	Uttar Pradesh	25.8576	83.8549	31876	
10769741	Sadpalli	Telangana	17.2099	80.8364	31857	Sathupalle
1256995	Sattur	Tamil Nadu	9.3559	77.9246	31856	
1263293	Maur	Punjab	30.0833	75.2500	31849	
13353439	Chhota Gobindpur	Jharkhand	22.7459	86.2589	31843	
1257066	Sasvad	Maharashtra	18.3435	74.0310	31821	
13353552	Vilavoorkkal	Kerala	8.4809	77.0220	31761	
1265964	Kotma	Madhya Pradesh	23.2038	81.9790	31756	
11679803	Kottaikuppam	Tamil Nadu	11.9613	79.8392	31726	
13353687	Khaira	Maharashtra	19.7867	72.7616	31699	
1255122	Talikota	Karnataka	16.4731	76.3109	31693	Talikoti
13494717	Puzhal	Tamil Nadu	13.1647	80.2039	31665	
1268327	Kalpatta	Kerala	11.6087	76.0834	31580	Kalpetta
1278871	Ambad	Maharashtra	19.6130	75.7891	31553	
1256335	Sijua	Jharkhand	23.7762	86.3303	31537	
1259034	Rahatgarh	Madhya Pradesh	23.7897	78.3947	31537	
1253452	Vandavasi	Tamil Nadu	12.5043	79.6056	31530	Wandiwash
11520175	Tirumuruganpundi	Tamil Nadu	11.1649	77.3084	31528	Thirumuruganpoondi
7303235	Thanneermukkom	Kerala	9.6634	76.3807	31525	
1260225	Parur	Kerala	10.1477	76.2300	31503	Paravur
1271005	Gomoh	Jharkhand	23.8736	86.1516	31495	
1272052	Elur	Kerala	10.0667	76.2833	31468	Eloor
7302808	Chemmumiahpet	Andhra Pradesh	14.4629	78.8119	31416	
1269435	Jalalpur	Uttar Pradesh	26.3116	82.7386	31388	
1266975	Kharagpur	Bihar	25.1245	86.5558	31385	Karankpour|Kcharagpuras|Kharagpura
1255643	Sri Madhopur	Rajasthan	27.4660	75.5974	31366	
7302859	Lumding Railway Colony	Assam	25.7490	93.1700	31347	Kumding|Lumding
13494596	Ahmedgarh	Punjab	30.6773	75.8263	31302	
1274077	Chitapur	Karnataka	17.1236	77.0824	31299	
1269012	Jhanjharpur	Bihar	26.2647	86.2799	31283	
1261726	Naspur	Telangana	18.8458	79.4617	31244	
1256184	Singanallur	Tamil Nadu	10.9990	77.0324	31239	
1253774	Unchagao	Maharashtra	16.6975	74.2733	31238	Uchgaon|Unchagoa
8440759	Bagru	Rajasthan	26.8107	75.5470	31229	
10930087	Cheriyamundam	Kerala	10.9476	75.9564	31212	
13494716	Allapuram	Tamil Nadu	12.8951	79.1279	31211	
1258726	Ramapuram	Andhra Pradesh	13.1009	79.1841	31169	
10400291	Rosera	Bihar	25.7549	86.0315	31155	
1259478	Podili	Andhra Pradesh	15.6064	79.6149	31145	Podile|Podill
1256426	Shrigonda	Maharashtra	18.6153	74.6989	31134	
10910181	Kalliyassheri	Kerala	11.9755	75.3645	31122	Kalliasseri
11664532	Kannanendal	Tamil Nadu	9.9649	78.1416	31095	
1260547	Pandharkawada	Maharashtra	20.0211	78.5463	31094	Pandharkaoda
1263678	Mankachar	Meghalaya	25.5335	89.8637	31091	Manikarchar
10922740	Katirur	Kerala	11.7849	75.5302	31087	
1272025	Erandol	Maharashtra	20.9221	75.3264	31071	Ehrandol
1278204	Adirampattinam	Tamil Nadu	10.3406	79.3791	31066	Adirampatnam|Atirampattinam|Attirampattinam
1265545	Kurali	Punjab	30.8342	76.5768	31060	
1269574	Jagdishpur	Uttar Pradesh	26.7497	80.5451	31029	
1259409	Ponneri	Tamil Nadu	13.3387	80.1949	31025	
1256660	Shamsabad	Uttar Pradesh	27.0172	78.1236	31009	
1264075	Malakanagiri	Odisha	18.3643	81.8880	31007	Malakangairi|Malkanagiri|Malkangiri
1273234	Deolali	Maharashtra	19.4739	74.6206	30997	Devlali Pravra
1263744	Mangrul Pir	Maharashtra	20.3138	77.3418	30983	
1261760	Narsampet	Telangana	17.9279	79.8923	30963	
1276449	Berasia	Madhya Pradesh	23.6313	77.4335	30951	
1278017	Badami	Karnataka	15.9149	75.6768	30943	
1260210	Pasan	Chhattisgarh	22.8441	82.1982	30928	
1260628	Pamban	Tamil Nadu	9.2790	79.2109	30926	
1277398	Banda	Madhya Pradesh	24.0449	78.9609	30923	
1266216	Kondagaon	Chhattisgarh	19.5908	81.6640	30921	Kondegaon
1268495	Kalakkadu	Tamil Nadu	8.5138	77.5494	30921	Kalakad
11477665	Puthuppariyaram	Kerala	10.8131	76.6287	30895	
11664517	Vilangudi	Tamil Nadu	9.9458	78.0935	30884	
1258012	Rudarpur	Uttar Pradesh	26.4447	83.6130	30873	
1256435	Sholinghur	Tamil Nadu	13.1181	79.4202	30856	
1263943	Manavadar	Gujarat	21.4981	70.1377	30850	Manawadar
1259202	Puraini	Bihar	25.1426	86.9797	30829	
1273136	Deulgaon Raja	Maharashtra	20.0176	76.0375	30827	
1272856	Dharmadam	Kerala	11.7754	75.4646	30804	
1264520	Madurantakam	Tamil Nadu	12.5117	79.8849	30796	
13353551	Kizhuvalam-Koonthalloor	Kerala	8.6625	76.8097	30770	
1272832	Dharamsala	Himachal Pradesh	32.2201	76.3201	30764	Bhagsu|Daramsala|Darmsala|Dharamshala|Dharmasala|Dharmsala|Dharmshala|Dkharamsala|Ntaramsala
1259986	Pedana	Andhra Pradesh	16.2558	81.1438	30721	
1268628	Kaij	Maharashtra	18.7136	76.0672	30704	
1465881	Kallamchavadi	Tamil Nadu	12.9531	80.1308	30702	Thiruneermalai
1253786	Un	Gujarat	23.8875	71.7698	30671	
13353550	Vadanappally	Kerala	10.4690	76.0813	30657	
11462193	Irimbiliyam	Kerala	10.8624	76.0922	30635	
1262672	Mudbidri	Karnataka	13.0665	74.9952	30632	Mudabidri
1260694	Pallappatti	Tamil Nadu	10.7206	77.8795	30624	Pallapatti
11463731	Cheranellur	Kerala	10.0543	76.2896	30594	
1264433	Maharaganj	Uttar Pradesh	27.1446	83.5621	30548	Maharajganj
1445335	Nagavaram	Telangana	17.4886	78.6021	30502	Nagaram|Nagawaram
1254912	Tarakeswar	West Bengal	22.8861	88.0136	30475	
10704836	Tifra	Chhattisgarh	22.0631	82.1313	30465	
10261418	Siraspur	Delhi	28.7582	77.1309	30445	
1273834	Kundapura	Karnataka	13.6313	74.6902	30444	Coondapoor|Kundapur
1253702	Uran	Maharashtra	18.8781	72.9392	30439	
1259108	Kasba	Bihar	25.8564	87.5384	30421	Qasba
8477241	Karjan	Gujarat	22.0467	73.1181	30405	
7279735	Muvattupuzha	Kerala	9.9799	76.5738	30397	
1263940	Manawar	Madhya Pradesh	22.2357	75.0892	30393	
1259701	Pihani	Uttar Pradesh	27.6199	80.2034	30369	
1264524	Madukkarai	Tamil Nadu	10.9057	76.9634	30357	Madukarai|Mudukarai
13353615	Amlai	Madhya Pradesh	23.1984	81.5806	30354	
1263623	Mansa	Gujarat	23.4256	72.6574	30347	
1272822	Dharuhera	Haryana	28.2055	76.7969	30344	
1257149	Sarkhej	Gujarat	22.9830	72.5020	30341	
13156930	Banmankhi Bazar	Bihar	25.8876	87.1936	30336	
1258247	Rehli	Madhya Pradesh	23.6372	79.0627	30329	
1253985	Udaipur	Rajasthan	27.7230	75.4718	30264	
1254910	Taramangalam	Tamil Nadu	11.6940	77.9703	30222	Tharamangalam
1278775	Amla	Madhya Pradesh	21.9248	78.1279	30215	
1254377	Tirukkoyilur	Tamil Nadu	11.9662	79.2026	30212	Tirukkovilur
1262380	Musiri	Tamil Nadu	10.9530	78.4443	30209	
1270059	Hirakud	Odisha	21.5250	83.8727	30207	
1267182	Khair	Uttar Pradesh	27.9419	77.8424	30173	
1258895	Rajauli	Bihar	24.6449	85.5003	30170	
10849508	Kakkalapalle	Andhra Pradesh	14.6415	77.5668	30128	
13353549	Cherukavu	Kerala	11.1731	75.9086	30126	
1256823	Seoni Malwa	Madhya Pradesh	22.4505	77.4665	30100	Seoni Marwa|Seoni-Malwa
8223974	Oddanchathiram	Tamil Nadu	10.4801	77.7498	30064	Oddanchatram
1271900	Fatehpur Sikri	Uttar Pradesh	27.0937	77.6600	30026	Fatehpur-Sikri|Fatekhpur Sikri
10924927	Azhiyur	Kerala	11.6935	75.5601	30023	
1275016	Byadgi	Karnataka	14.6732	75.4868	30014	
7284803	Birpara	West Bengal	26.7042	89.1455	30000	
8504418	Cherpulassery	Kerala	10.8765	76.3093	30000	
1262534	Multai	Madhya Pradesh	21.7746	78.2576	29976	Multaj
1269985	Holenarasipura	Karnataka	12.7864	76.2433	29974	Hole Narsipur
1255175	Talaja	Gujarat	21.3527	72.0352	29948	
1263528	Marhaura	Bihar	25.9735	84.8680	29932	Markhaura
1267794	Kareli	Madhya Pradesh	22.9153	79.0638	29929	
1275849	Bhongaon	Uttar Pradesh	27.2552	79.1812	29911	
7279742	Baddi	Himachal Pradesh	30.9578	76.7914	29911	
1260609	Panakkudi	Tamil Nadu	8.3220	77.5771	29895	Panagudi|Panaikkudi
1271839	Gadhada	Gujarat	21.9696	71.5783	29872	
10929812	Pulakkod	Kerala	11.3097	75.9500	29872	Poolacode
1262596	Mukerian	Punjab	31.9539	75.6172	29841	
1258677	Ramgarh	Rajasthan	27.2510	75.1789	29834	
11679729	Ariyankuppam	Puducherry	11.8953	79.8071	29808	
11463687	Karumalur	Kerala	10.1329	76.2799	29805	Karumalloor
1265916	Kottarakara	Kerala	9.0036	76.7738	29788	
1263280	Mavoor	Kerala	11.2667	75.9167	29781	
1259693	Pilani	Rajasthan	28.3672	75.6035	29741	
1273109	Devarkonda	Telangana	16.6919	78.9207	29731	
1258875	Rajgarh	Madhya Pradesh	24.0083	76.7325	29726	
11502187	Minad	Kerala	8.8503	76.6952	29716	Meenad
8618019	Nedumbassery	Kerala	10.1565	76.4017	29706	
1258786	Rajura	Maharashtra	19.7795	79.3646	29668	
1275646	Bilari	Uttar Pradesh	28.6215	78.8036	29666	
1262338	Muvattupula	Kerala	9.9849	76.5773	29664	Muvatupusha|Muvatupuzha
1279323	Adur	Kerala	9.1560	76.7319	29652	
13353686	Walwadi	Maharashtra	20.9209	74.7611	29636	
13353519	Puthuppally	Kerala	9.5575	76.5748	29635	
1258950	Raisinghnagar	Rajasthan	29.5358	73.4492	29626	
1263021	Miranpur Katra	Uttar Pradesh	28.0296	79.6678	29626	
11189062	Kidarakulam	Kerala	8.5669	76.9913	29624	Karakulam
1265394	Kuttuparamba	Kerala	11.8277	75.5659	29619	Koothuparamba
1278455	Arangaon	Maharashtra	19.0268	74.7149	29591	Jamkhed
12519043	Pakridayal	Bihar	26.5627	85.0452	29582	
1272962	Dhanera	Gujarat	24.5097	72.0234	29578	
11463796	Chengamanad	Kerala	10.1541	76.3416	29576	
1265246	Lakheri	Rajasthan	25.6724	76.1769	29572	
10629189	Kalavoor	Kerala	9.5705	76.3276	29564	
1276589	Behror	Rajasthan	27.8883	76.2811	29531	
1466025	Reddipalaiyam	Tamil Nadu	13.1078	80.1206	29511	Ayappakkam
1252653	Zunheboto	Nagaland	25.9667	94.5167	29499	
1258891	Rajaori	Jammu and Kashmir	33.3753	74.3092	29486	Rajauri
8224728	Sankagiri	Tamil Nadu	11.4760	77.8664	29467	Sankari
13353685	Mharal Bk	Maharashtra	19.2459	73.1771	29462	
1264301	Mainaguri	West Bengal	26.5626	88.8204	29459	
11184656	Nedumpana	Kerala	8.9080	76.6930	29454	
11502193	Puttankulam	Kerala	8.8138	76.7179	29447	Poothakkulam
1257819	Sagwara	Rajasthan	23.6795	74.0201	29439	
1262230	Nagar Karnul	Telangana	16.4821	78.3247	29439	Karnul
10778122	Ibrahimpatnam	Andhra Pradesh	16.5830	80.5143	29432	
1253605	Vadakku Valliyur	Tamil Nadu	8.3829	77.6122	29417	
1269298	Jamtara	Jharkhand	23.9630	86.8029	29415	
1266806	Khedbrahma	Gujarat	24.0299	73.0463	29402	
1254380	Tirukkalikkunram	Tamil Nadu	12.6080	80.0555	29391	Tirukalikundram
10929642	Talakkolattur	Kerala	11.3537	75.7580	29388	Thalakkulathur
1260702	Palkonda	Andhra Pradesh	18.6037	83.7557	29378	Palakonda
11523476	Cheruthazham	Kerala	12.0810	75.2627	29348	
1272861	Dhari	Gujarat	21.3285	71.0264	29346	
11463522	Amballur	Kerala	10.4343	76.2634	29341	
11185666	Koovappady	Kerala	10.1553	76.4854	29339	
8181689	Chendamangalam	Kerala	10.1632	76.2346	29326	
1269056	Jewar	Uttar Pradesh	28.1220	77.5573	29316	
1261604	Nawapara	Chhattisgarh	20.9717	81.8588	29315	Gobra Nawapara|Nawapara Rajim
13157137	Tarsadi	Gujarat	21.4700	72.9521	29305	
1261515	Ner	Maharashtra	20.4897	77.8663	29302	Parsopant
1256706	Shahpura	Rajasthan	25.6209	74.9249	29259	
13353548	Vijayapuram	Kerala	9.5912	76.5612	29248	
1269862	Husainabad	Jharkhand	24.5285	84.0000	29241	Jopla
8224612	Udaipurwati	Rajasthan	27.7301	75.4716	29236	
1269267	Jandiala Guru	Punjab	31.5620	75.0277	29232	Jandiala
1278036	Bachhraon	Uttar Pradesh	28.9269	78.2346	29232	
1269693	Irinjalakuda	Kerala	10.3424	76.2112	29208	
1266485	Renwal	Rajasthan	27.1577	75.3581	29201	Kishangarh|Kishangarh Renwal
10627510	Kumbalam	Kerala	9.9063	76.3113	29193	
1276754	Basni	Rajasthan	27.1723	73.6452	29187	Basni Bailima|Basni Belima
7302854	Morigaon	Assam	26.2491	92.3476	29164	Marigaon
1264553	Madhugiri	Karnataka	13.6603	77.2124	29159	Maddagiri|Madkhugiri
13353547	Urakam	Kerala	11.0512	75.9883	29157	
1269670	Islamnagar	Uttar Pradesh	28.3290	78.7252	29144	Aryanagar
1278405	Ariyalur	Tamil Nadu	11.1385	79.0756	29144	
1260456	Ponmana	Kerala	9.0080	76.5202	29139	Panmana
1264395	Mahendragarh	Haryana	28.2693	76.1525	29128	Kanaud|Manendragarh|Mohindargarh
12719976	Mudalgi	Karnataka	16.3368	74.9677	29128	
1262093	Nakrekal	Telangana	17.1626	79.4275	29126	
1465888	Unamaucheri	Tamil Nadu	12.8608	80.1066	29122	Urapakkam
1270937	Gorai	Maharashtra	19.2500	72.7833	29107	Corai|Grai
1253635	Uttamapalaiyam	Tamil Nadu	9.8070	77.3272	29050	Uthamapalayam
1267044	Khandela	Rajasthan	27.6050	75.5020	29044	Kkhandela
1256050	Sirsaganj	Uttar Pradesh	27.0572	78.6866	29034	
1274020	Chodavaram	Andhra Pradesh	17.8288	82.9353	29000	
1253860	Umarkot	Chhattisgarh	19.6653	82.2063	28993	
13353684	Hupari	Maharashtra	16.6167	74.4044	28953	
1255597	Suar	Uttar Pradesh	29.0284	79.0565	28941	
7909857	Devadurga	Karnataka	16.4231	76.9358	28929	
1263649	Manoharpur	Rajasthan	27.2977	75.9495	28928	
1262151	Nahan	Himachal Pradesh	30.5603	77.2943	28899	
1265323	Ladwa	Haryana	29.9935	77.0456	28887	
10261622	Gil	Punjab	30.8469	75.8636	28884	Gill
1270667	Gunupur	Odisha	19.0804	83.8088	28870	
1278124	Avinashi	Tamil Nadu	11.1930	77.2686	28868	Avanashi
1266038	Kotagiri	Tamil Nadu	11.4207	76.8603	28848	
1256333	Sikka	Gujarat	22.4322	69.8416	28814	Sika|Siki
13157157	Panipat Taraf Rajputan	Haryana	29.3609	76.9426	28803	
1266200	Kondotty	Kerala	11.1423	75.9657	28794	Kondotti
1257936	Rusera	Bihar	25.7536	86.0260	28781	
10519399	Desaiganj	Maharashtra	20.6235	79.9645	28781	
1264592	Maddur	Karnataka	12.5828	77.0429	28754	
1261205	Nongstoin	Meghalaya	25.5170	91.2648	28742	Nongstojn
1258993	Raikot	Punjab	30.6500	75.6000	28734	
13156929	Dinapur Cantonment	Bihar	25.6362	85.0203	28723	
1269023	Jhalod	Gujarat	23.1010	74.1554	28720	
1267786	Karera	Madhya Pradesh	25.4581	78.1358	28705	Karery
1262419	Murliganj	Bihar	25.8969	86.9958	28691	
1255704	Soron	Uttar Pradesh	27.8906	78.7462	28683	
1262591	Mukher	Maharashtra	18.7064	77.3679	28647	
11664494	Vandiyur	Tamil Nadu	9.9092	78.1609	28646	
1279066	Alandi	Maharashtra	18.6776	73.8987	28645	Alandi-Devachi
1260052	Pattambi	Kerala	10.8001	76.1841	28632	Puttambi
1254794	Tekkali	Andhra Pradesh	18.6057	84.2355	28631	
1272259	Duliajan	Assam	27.3604	95.3181	28626	Duliagaon
13156908	Duliajan Oil Town	Assam	27.3578	95.3141	28626	
11520363	Karaippudur	Tamil Nadu	11.0567	77.3061	28602	
11477658	Ambikapuram	Kerala	10.7939	76.6530	28592	Hemambikanagar
11522212	Suryampalaiyam	Tamil Nadu	11.4045	77.7123	28585	
12519055	Motipur	Bihar	26.2527	85.1608	28572	
1279058	Alangulam	Tamil Nadu	8.8640	77.4994	28558	Atangulam
1279356	Addanki	Andhra Pradesh	15.8106	79.9734	28547	
1276478	Bemetara	Chhattisgarh	21.7156	81.5342	28536	
1263051	Milak	Uttar Pradesh	28.6103	79.1700	28505	
1264756	Losal	Rajasthan	27.4000	74.9167	28504	
1258815	Alirajpur	Madhya Pradesh	22.3039	74.3557	28498	Ali Rajpur|Aliradzhpur|Rajpur
1260335	Pardi	Gujarat	20.5087	72.9457	28495	
1266518	Kinwat	Maharashtra	19.6256	78.1987	28454	Kinvat
13353614	Pasan	Madhya Pradesh	23.1649	81.9286	28447	
1265166	Lalgola	West Bengal	24.4224	88.2524	28442	Lalgola Ghat
1253638	Utraula	Uttar Pradesh	27.3193	82.4187	28437	
1277769	Baikunthpur	Chhattisgarh	23.2621	82.5605	28431	Baikunthapur
1268810	Jowai	Meghalaya	25.4360	92.1913	28430	Dzhovai|Dzhovaj|Jawai
11501674	Ochira	Kerala	9.1348	76.5117	28412	Oachira
1258406	Rapar	Gujarat	23.5727	70.6472	28407	
13353374	Jammu Cantonment	Jammu and Kashmir	32.7044	74.8611	28396	
1277216	Banswada	Telangana	18.3773	77.8801	28384	
1269943	Hosadurga	Karnataka	13.7963	76.2841	28370	Hosdurga|Khosadurga
7302846	Ramanayyapeta	Andhra Pradesh	16.9452	82.2385	28369	
1263034	Minjur	Tamil Nadu	13.2795	80.2582	28337	
1255792	Sonamukhi	West Bengal	23.3052	87.4134	28334	
1265752	Kukshi	Madhya Pradesh	22.2068	74.7579	28331	
13157136	Kansad	Gujarat	21.0747	72.8789	28327	
1268450	Kalavad	Gujarat	22.2079	70.3834	28314	
1269177	Jashpur Nagar	Chhattisgarh	22.8878	84.1386	28301	Jashpur|Jashpurnagar
1263285	Mavelikara	Kerala	9.2593	76.5564	28300	Mavalikara|Mavelikkara
1272983	Dhanaura	Uttar Pradesh	28.9591	78.2563	28285	
1269406	Jalgaon Jamod	Maharashtra	21.0519	76.5346	28276	Dzhalgaone|Jaigaon|Jalgaon
12639820	Pallipuram	Kerala	9.7550	76.3572	28276	
10684789	Sujanpur	Punjab	32.3162	75.6074	28270	
1278540	Annigeri	Karnataka	15.4251	75.4335	28267	
1259541	Piravam	Kerala	9.8667	76.5000	28254	Piravom
1271729	Ganderbal	Jammu and Kashmir	34.2262	74.7748	28233	Gandarbal
13353546	Uliyazhathura	Kerala	8.5816	76.9224	28230	
1263862	Mandi	Himachal Pradesh	31.7119	76.9327	28217	Mandav Nagar
13353545	Atholi	Kerala	11.3885	75.7597	28213	
1256539	Shiggaon	Karnataka	14.9905	75.2250	28207	Shigaon
1260527	Pandua	West Bengal	23.0749	88.2864	28205	
1167718	Punch	Jammu and Kashmir	33.7703	74.0925	28197	Poonch
11446369	Kottaikadu	Tamil Nadu	12.2556	79.9823	28172	Edakalinadu
1270435	Hangal	Karnataka	14.7646	75.1246	28159	
13157135	Jhadeshwar	Gujarat	21.7136	73.0323	28148	
1259434	Polur	Tamil Nadu	12.5122	79.1240	28123	
1256597	Sheohar	Bihar	26.5139	85.2934	28116	
7279739	Perumbavoor	Kerala	10.1069	76.4737	28110	
1270686	Gundlupet	Karnataka	11.8100	76.6903	28105	Gundalpet
1257901	Sachin	Gujarat	21.0872	72.8815	28102	Sachim|Sachir
1265881	Koynanagar	Maharashtra	17.4000	73.7667	28091	Kojnanagar
10541309	Gotegaon	Madhya Pradesh	23.0289	79.4823	28074	
1268300	Kalwakurti	Telangana	16.6640	78.4914	28060	Kalvakurti|Kalwakurthy
1256598	Sheoganj	Rajasthan	25.1392	73.0678	28053	
1273123	Devanahalli	Karnataka	13.2465	77.7118	28051	Devanhalli
1278365	Aron	Madhya Pradesh	24.3811	77.4174	28010	
1269849	Hadagalli	Karnataka	15.0205	75.9318	27967	Hoovina Hadagalli|Huvinabadgalli|Huvvmahadagalli
7910929	Patran	Punjab	29.9577	76.0486	27963	
1254638	Tharad	Gujarat	24.3960	71.6258	27954	
1260612	Panagar	Madhya Pradesh	23.2854	79.9951	27932	Panagar Bazar|Panagara
1273416	Dasna	Uttar Pradesh	28.6774	77.5225	27926	
1265723	Kulittalai	Tamil Nadu	10.9349	78.4125	27910	
1255484	Sulur	Tamil Nadu	11.0243	77.1256	27909	
1258492	Rangia	Assam	26.4493	91.6136	27889	Ranga Nadi|Rangiya
1277442	Bamor Kalan	Madhya Pradesh	24.8930	78.1510	27860	Bamor
1253869	Umargam	Gujarat	20.1972	72.7503	27859	Ambargaon|Umbargaon
1262078	Nalbari	Assam	26.4394	91.4404	27839	
10910174	Pallikunnu	Kerala	11.8899	75.3565	27820	
1254165	Trittala	Kerala	10.8030	76.1288	27796	Thrithala|Tritala
1253577	Vadnagar	Gujarat	23.7859	72.6389	27790	
1269158	Jaswantnagar	Uttar Pradesh	26.8827	78.9026	27777	
1279307	Afzalgarh	Uttar Pradesh	29.3937	78.6739	27753	Afzalgarkh
1271680	Gangapur	Maharashtra	19.6972	75.0105	27745	
10249538	Mahna	Punjab	30.2280	74.9937	27733	Mehna
1258967	Raipur	Uttarakhand	30.3110	78.0898	27702	
13494715	Mathur	Tamil Nadu	13.1710	80.2476	27674	
1254808	Tehri	Uttarakhand	30.3909	78.4803	27611	N'ju-Tekhri|N'ju-Tikhri|New Tehri|Tehri-Garhwal|Tekhri
1264514	Magadi	Karnataka	12.9571	77.2237	27605	
10929728	Puvatuparamba	Kerala	11.2710	75.8894	27598	Peruvayal
10524017	Baspalli	Telangana	17.5391	78.3636	27563	Bachpalle
1264489	Mahad	Maharashtra	18.0833	73.4167	27536	Makhad
13353544	Ezhupunna	Kerala	9.8211	76.2998	27528	
1257354	Sankrail	West Bengal	22.5500	88.2251	27523	Shankrail
1252946	Waraseoni	Madhya Pradesh	21.7618	80.0430	27494	
1276548	Beldanga	West Bengal	23.9343	88.2602	27489	
1445348	Jiladiguda	Telangana	17.3320	78.5255	27461	Jillalguda
1256974	Sausar	Madhya Pradesh	21.6558	78.7967	27459	
11185888	Moothakunnam	Kerala	10.1899	76.2008	27458	
13353543	Pathirappally	Kerala	9.5354	76.3221	27445	
1270554	Hadgaon	Maharashtra	19.4955	77.6586	27433	
11184814	Chandrapura	Jharkhand	23.7488	86.1196	27425	
1258928	Rajaldesar	Rajasthan	28.0285	74.4744	27419	
1260960	Pachor	Madhya Pradesh	23.7098	76.7339	27396	Pachore
1257865	Sadri	Rajasthan	25.1855	73.4529	27390	
1263022	Miranpur	Uttar Pradesh	29.2903	77.9494	27390	
13353542	Azhoor	Kerala	8.6441	76.7990	27390	
1465872	Kullattur	Tamil Nadu	12.9419	80.1947	27374	Koilambakkam
1277505	Balussheri	Kerala	11.4474	75.8294	27363	Balusseri
1268469	Kalanwali	Haryana	29.8357	74.9717	27355	
9072777	Kadodara	Gujarat	21.1616	72.9623	27336	
1348753	Chakapara	West Bengal	22.6322	88.3486	27320	Chakpara
10929691	Nanminda	Kerala	11.4232	75.8231	27316	
10836504	Nokha	Bihar	25.1048	84.1162	27302	
8223971	Kattumannarkoil	Tamil Nadu	11.2763	79.5578	27294	Kattumannarkojl|Katumanarkoil
1268484	Kalamb	Maharashtra	19.0444	73.9555	27287	
1278625	Andippatti	Tamil Nadu	9.9980	77.6210	27287	Andipatti Jakkampatti
1278343	Arumuganeri	Tamil Nadu	8.5688	78.0909	27266	
1272084	Elamanchili	Andhra Pradesh	17.5491	82.8575	27265	Yellamanchili|Yellamanchilli
11502176	Adichanallur	Kerala	8.8805	76.7156	27240	Adichanalloor
8740373	Laitumkhrah	Meghalaya	25.5707	91.8977	27219	Pynthormukhrah
1270763	Gulabpura	Rajasthan	25.9045	74.6603	27215	
1260135	Pathardi	Maharashtra	19.1728	75.1743	27211	
1265613	Kundarkhi	Uttar Pradesh	28.6830	78.7856	27197	Kundarki|Kundarkkhi
1253904	Ukhrul	Manipur	25.1196	94.3642	27187	Hungphun
1271834	Gadhinglaj	Maharashtra	16.2229	74.3501	27185	Gadkhingladzh
1275618	Bilgram	Uttar Pradesh	27.1751	80.0320	27173	
10265188	Ali	Delhi	28.5161	77.3099	27169	Aali
1269612	Jafarabad	Gujarat	20.8661	71.3661	27167	Jafrabad
1275732	Bidhuna	Uttar Pradesh	26.8017	79.5083	27158	
1276003	Bhelai	Chhattisgarh	22.3093	82.6095	27158	Dipka
1278100	Ayakudi	Tamil Nadu	10.4499	77.5520	27156	Ayakkudi|Palaiya Ayakkudi
11487471	Vettanad	Kerala	8.6059	76.9424	27140	Vattappara
1278320	Asandh	Haryana	29.5212	76.6055	27125	Assandh
1259857	Perumpavur	Kerala	10.1154	76.4761	27105	
12503489	Chanpatia	Bihar	26.9444	84.5377	27095	
1279306	Afzalpur	Karnataka	17.1999	76.3602	27088	
1271131	Gobindpur	Jharkhand	22.6339	86.0716	27066	
1254522	Tikkotti	Kerala	11.4833	75.6167	27051	Thikkody|Tikotti
1271199	Gingee	Tamil Nadu	12.2528	79.4173	27045	Gingi
1258307	Raver	Maharashtra	21.2476	76.0351	27039	
1277909	Bagepalli	Karnataka	13.7834	77.7967	27011	
1266014	Kotdwara	Uttarakhand	29.7461	78.5222	27009	
7302842	Payakaraopeta	Andhra Pradesh	17.3678	82.5683	27001	
7626554	Bhawanipur	Bihar	26.4535	87.0274	27000	
11185182	Elamkunnapuzha	Kerala	10.0267	76.2223	26997	
10376566	Ettumanoor	Kerala	9.6700	76.5700	26993	
1265025	Latehar	Jharkhand	23.7442	84.4998	26981	
1274429	Chengam	Tamil Nadu	12.3089	78.7914	26980	
1258869	Rajgarh	Rajasthan	27.2373	76.6224	26953	
11484935	Kumarapuram	Kerala	9.2708	76.4326	26943	
1263532	Margherita	Assam	27.2848	95.6680	26914	
11501703	Kulasekarapuram	Kerala	9.0912	76.5303	26907	
1257545	Samba	Jammu and Kashmir	32.5624	75.1199	26893	
1259521	Pirthipur	Madhya Pradesh	25.2084	78.7516	26883	Prithvipur
1253242	Vepagunta	Andhra Pradesh	17.7784	83.2158	26881	
1253579	Vadipatti	Tamil Nadu	10.0848	77.9611	26830	Vadippatti
1256608	Shenkottai	Tamil Nadu	8.9774	77.2463	26823	Sumaitheerthapuram
10924919	Edaccheri	Kerala	11.6818	75.6248	26819	Edacheri
1277263	Banmankhi	Bihar	25.8886	87.1942	26806	Banmanki
1255631	Srinivaspur	Karnataka	13.3391	78.2117	26793	
9212571	Palavakkam	Tamil Nadu	12.9535	80.2572	26766	
1274676	Chandur	Maharashtra	19.7344	79.1717	26755	
1269761	Indapur	Maharashtra	18.3000	73.2500	26752	Indapuri
13353541	Varappuzha	Kerala	10.0759	76.2715	26750	
1267297	Kemri	Uttar Pradesh	28.8067	79.2048	26726	
1279053	Alattur	Kerala	10.6500	76.5333	26720	Alatur
10837461	Bela	Bihar	25.5571	84.4308	26707	Behea
11501670	Krishnapuram	Kerala	9.1521	76.5234	26705	
1267669	Kartarpur	Punjab	31.4427	75.4985	26701	
11253678	Mamidalapadu	Andhra Pradesh	15.8541	78.0148	26694	
1267772	Karhal	Uttar Pradesh	27.0009	78.9394	26693	
1265053	Lar	Uttar Pradesh	26.2039	83.9691	26688	
1265795	Kudligi	Karnataka	14.9050	76.3853	26680	
1279023	Aliganj	Uttar Pradesh	27.4936	79.1713	26652	
1277530	Baloda Bazar	Chhattisgarh	21.6568	82.1606	26632	
1263723	Manihari	Bihar	25.3389	87.6200	26629	
8224699	Kottur	Tamil Nadu	10.5365	76.9803	26627	
1271975	Faizpur	Maharashtra	21.1677	75.8601	26602	
1263949	Manasa	Madhya Pradesh	24.4776	75.1410	26551	
11663179	Sankarapatti	Tamil Nadu	10.0477	78.7472	26536	Sankarapuram
1255762	Songadh	Gujarat	21.1697	73.5636	26515	Songarh
1260016	Pauri	Uttarakhand	30.1529	78.7771	26514	Paury
1256735	Shahganj	Uttar Pradesh	26.0496	82.6842	26510	Jaunpur
1272699	Dhrol	Gujarat	22.5670	70.4177	26496	
1260681	Pallippatti	Tamil Nadu	11.9399	78.4016	26492	
1276817	Barwah	Madhya Pradesh	22.2539	76.0385	26459	Barwaha|Barwaha Kasba
1263300	Mauganj	Madhya Pradesh	24.6672	81.8734	26420	
10436834	Bablai	Haryana	30.3573	76.8790	26412	Babiyal
1254727	Terdal	Karnataka	16.4938	75.0467	26411	
1262296	Nadbai	Rajasthan	27.2229	77.1957	26411	
1268360	Kallidaikurichi	Tamil Nadu	8.6859	77.4659	26398	Kailidaikorichchi|Kallidaikurichchi
1255104	Taloda	Maharashtra	21.5613	74.2124	26363	Talode
11520292	Murugampalaiyam	Tamil Nadu	11.0806	77.3238	26349	
1262824	Mon	Nagaland	26.7358	95.0584	26328	Mon Town
1266762	Kheri	Uttar Pradesh	27.9035	80.7975	26327	Lakhimpur Kheri
1275590	Bilsi	Uttar Pradesh	28.1294	78.9109	26320	
1276765	Basi	Punjab	30.5881	76.8450	26295	Dera Basi|Dera Bassi
10924994	Ayancheri	Kerala	11.6261	75.6743	26293	
1265905	Kotturu	Karnataka	14.8244	76.2201	26289	Kothur|Kottur
1278588	Anjad	Madhya Pradesh	22.0417	75.0552	26289	
11184821	Chinnalapatti	Tamil Nadu	10.2848	77.9233	26285	
1261853	Narasannapeta	Andhra Pradesh	18.4143	84.0446	26280	Narsannapet
13353540	Ongallur-II	Kerala	10.7897	76.2190	26273	
1258598	Rampur	Uttar Pradesh	29.8062	77.4525	26257	
1279115	Aklera	Rajasthan	24.4129	76.5672	26240	Akera
8439149	Mirganj	Bihar	26.3734	84.3349	26240	
10846588	Kudlu	Kerala	12.5298	74.9788	26235	
1254795	Tekkalakote	Karnataka	15.5344	76.8770	26224	Takkalakote|Tekkalakota
1262485	Mungaoli	Madhya Pradesh	24.4084	78.0959	26192	
1275147	Budhlada	Punjab	29.9280	75.5620	26172	
11664493	Anuppanadi	Tamil Nadu	9.9040	78.1433	26158	Chinna Anuppanadi
1258140	Reengus	Rajasthan	27.3636	75.5684	26139	Ringas|Ringus
1255290	Sutrapara	Gujarat	20.8435	70.4832	26132	Sutrapada|Sutrapera
13353683	Kodoli	Maharashtra	17.6702	74.0347	26106	
1259744	Phulera	Rajasthan	26.8740	75.2417	26091	Phalera
1258213	Renigunta	Andhra Pradesh	13.6514	79.5126	26031	
1276767	Basi	Rajasthan	26.8315	76.0486	26029	Bassi
8468820	Khoni	Maharashtra	19.3173	73.0597	26016	Katai
8740819	Areraj	Bihar	26.5503	84.6801	26014	
11520318	Muttanampalaiyam	Tamil Nadu	11.0845	77.3969	26014	
1268761	Junnar	Maharashtra	19.2081	73.8752	25997	Junara|Shivner
1263181	Mehsi	Bihar	26.3557	85.0925	25995	
11502206	Edavai	Kerala	8.7645	76.6885	25994	
1263787	Mangaldai	Assam	26.4421	92.0305	25989	
1262285	Naduvannur	Kerala	11.4877	75.7751	25979	
1265852	Krishnarajpet	Karnataka	12.6662	76.4877	25946	
1254413	Tirawari	Haryana	29.8015	76.9283	25944	Taraori
8223924	Mannachanallur	Tamil Nadu	10.9099	78.6993	25931	
1259878	Periyanayakkanpalaiyam	Tamil Nadu	11.1525	76.9516	25930	Periyanaicken-palayam|Periyanaikanpalayam
1268339	Kalol	Gujarat	22.6078	73.4627	25929	
10929727	Kuttikkattur	Kerala	11.2626	75.8796	25929	Kuttikkattoor
1269094	Jaynagar Majilpur	West Bengal	22.1752	88.4201	25922	Jaynagar|Jaynagar Mazilpur|Jaynagar Mojilpur|Jaynagar Mozilpur|Joynagar|Joynagar Majilpur|Joynagar Mazilpur|Joynagar Mojilpur|Joynagar Mozilpur|Majilpur|Majilpur Jaynagar|Majilpur Joynagar
1268624	Kailaras	Madhya Pradesh	26.3050	77.6160	25920	
1274116	Chipurupalle	Andhra Pradesh	18.3114	83.5685	25898	
1269694	Iringal	Kerala	11.5593	75.6166	25894	
11185501	Jamjodhpur	Gujarat	21.9022	70.0357	25892	
12523443	Chumukedima	Nagaland	25.8248	93.7759	25885	
13353539	Thodiyoor	Kerala	9.0780	76.5777	25884	
1262065	Nalhati	West Bengal	24.2970	87.8290	25878	
1269289	Jamul	Chhattisgarh	21.2500	81.4000	25878	
11462062	Kaladi	Kerala	10.8194	76.0064	25872	Kalady
13353538	Muhamma	Kerala	9.6089	76.3608	25861	
10930086	Ponmundam	Kerala	10.9536	75.9468	25855	
13353537	Mulamthuruthy	Kerala	9.9003	76.3870	25852	
1271064	Gokarna	Karnataka	14.5500	74.3167	25851	Gokarn
9977407	Ganguwa	Haryana	29.1134	75.6958	25847	Gangwa
1266116	Koregaon	Maharashtra	18.6457	74.0591	25846	Koregaon-Bhima
1268124	Kandla	Gujarat	23.0333	70.2167	25845	Kundla
10922741	Erannoli	Kerala	11.7691	75.5177	25818	
1267739	Karkala	Karnataka	13.2143	74.9923	25800	Karaka|Karkal
1273440	Darwha	Maharashtra	20.3102	77.7726	25791	
1274285	Chhota Udepur	Gujarat	22.3040	74.0158	25787	Chhota Udaipur|Chota Udaipur
1278122	Avanigadda	Andhra Pradesh	16.0215	80.9181	25761	
1262374	Mussoorie	Uttarakhand	30.4550	78.0707	25753	Massuri|Masuri|Musoori|Mussooree|Mussoori|Mussuri
1265395	Kuttippuram	Kerala	10.8425	76.0308	25750	Kutipuram
1269413	Jaleshwar	Odisha	21.8018	87.2225	25747	Jaleswar
1269509	Jais	Uttar Pradesh	26.2649	81.5486	25726	
1268489	Kallam	Maharashtra	18.5751	76.0219	25713	Kalam|Kalamb
1260003	Pawayan	Uttar Pradesh	28.0663	80.1030	25708	
1269690	Irugur	Tamil Nadu	11.0178	77.0628	25691	
1269057	Jevargi	Karnataka	17.0139	76.7732	25686	Dzhevargi|Jalvergi
8442536	Mechcheri	Tamil Nadu	11.8341	77.9439	25676	Machcheri|Mecheri
1256295	Silao	Bihar	25.0836	85.4280	25674	Vikramasila
1267154	Khajuraho Group of Monuments	Madhya Pradesh	24.8481	79.9335	25662	Conjunto de Templos de Khajuraho|Khadzuraho|Khajraho|Khajuraho|Kkhadzhurakho
7302857	Silapathar	Assam	27.5944	94.7240	25662	Silapather
1273665	Dakor	Gujarat	22.7527	73.1497	25658	
1253056	Wadgaon	Maharashtra	16.8355	74.3134	25651	Vadgaon|Vadgaon Kasba
1273191	Deori Khas	Madhya Pradesh	23.3902	79.0163	25632	Deore|Deori
1269269	Jandiala	Punjab	31.1593	75.6175	25631	Jandiali
13494714	Balakrishnapuram	Tamil Nadu	10.3591	78.0026	25627	
11502044	Panayattur Vadakkumbhagam	Kerala	8.9546	76.6185	25607	Panayam
1260206	Pasighat	Arunachal Pradesh	28.0663	95.3268	25581	
1266809	Kheda	Gujarat	22.7522	72.6853	25575	Kaira
1262253	Nagar	Rajasthan	27.4240	77.0992	25572	
13494713	Viswanatham	Tamil Nadu	9.4295	77.8003	25555	
8441674	Kamalapuram	Karnataka	15.3044	76.4765	25552	Kamalapura
10778956	Poranki	Andhra Pradesh	16.4777	80.7075	25545	
8223969	Parangipettai	Tamil Nadu	11.4912	79.7605	25541	
11184131	Andipalayam	Tamil Nadu	11.0925	77.3123	25539	
7646705	Adampur	Haryana	29.2803	75.4682	25531	
11073561	Kakkanad	Kerala	10.0164	76.3417	25531	
1269762	Indapur	Maharashtra	18.1153	75.0289	25515	
13353536	Talikkulam	Kerala	10.4404	76.0948	25507	
1273850	Colonelganj	Uttar Pradesh	27.1343	81.6987	25503	Kolonelgandzh
1263185	Mehndawal	Uttar Pradesh	26.9758	83.1099	25495	Mahdawal|Mehdawal
1266372	Koelwar	Bihar	25.5805	84.7975	25494	
1270265	Harur	Tamil Nadu	12.0527	78.4802	25469	
1277255	Bannur	Karnataka	12.3330	76.8620	25455	
1262574	Mul	Maharashtra	20.0699	79.6783	25449	
1265401	Kuttampuzha	Kerala	10.1503	76.7354	25436	
11502046	Karuva	Kerala	8.9500	76.5986	25432	Thrikkaruva
1272375	Doraha	Punjab	30.7995	76.0236	25424	
1265400	Koothanallur	Tamil Nadu	10.7199	79.5157	25423	Kotkhanalur|Kouthanallur|Kuthanallur|Kuttanallur
1266847	Khategaon	Madhya Pradesh	22.5957	76.9133	25413	
1261394	Nileshwar	Kerala	12.2595	75.1352	25405	
13494712	Edaicode	Tamil Nadu	8.3825	77.1983	25378	
10628608	Kadakkavoor	Kerala	8.6792	76.7671	25362	Kadakavor
13353438	Haludbani	Jharkhand	22.7512	86.2099	25360	
1274673	Chandor	Maharashtra	20.3306	74.2447	25341	Chandvad|Chandwar
1255434	Sundarnagar	Himachal Pradesh	31.5352	76.9050	25338	
1267657	Karungappalli	Kerala	9.1042	76.5370	25336	Karunagapalli|Karunagappally
1278895	Amarpur	Bihar	25.0397	86.9025	25336	
13157134	Gadkhol	Gujarat	21.6438	73.0121	25332	
1277330	Banganapalle	Andhra Pradesh	15.3177	78.2267	25325	Banaganapalli|Banganapilly
1278507	Anupshahr	Uttar Pradesh	28.3575	78.2691	25306	
1269446	Jalalabad	Uttar Pradesh	29.6185	77.4391	25302	
12719978	Chitaguppa	Karnataka	17.6974	77.2152	25298	Chitgoppa
1278054	Babra	Gujarat	21.8458	71.3054	25270	
1256659	Shamsabad	Uttar Pradesh	27.5371	79.4380	25266	
1266461	Kithor	Uttar Pradesh	28.8668	77.9386	25262	
11463563	Kallur Vadakummuri	Kerala	10.2532	76.3281	25259	
1264643	Machhlishahr	Uttar Pradesh	25.6856	82.4111	25247	
1277902	Bagha Purana	Punjab	30.6881	75.0984	25206	Baghaparana|Bhagha Purana
1276178	Bhander	Madhya Pradesh	25.7358	78.7455	25204	
8441383	Azhikkod	Kerala	11.9199	75.3355	25195	Azhikod|Azhikode|Azhikode North|Azhikode South
1253623	Uttiramerur	Tamil Nadu	12.6143	79.7575	25194	Uttaramerur
1273410	Dasuya	Punjab	31.8168	75.6531	25192	Dasua
1270618	Gursarai	Uttar Pradesh	25.6168	79.1805	25191	
1260421	Paonta Sahib	Himachal Pradesh	30.4367	77.6246	25183	Paonta
10571120	Tirora	Maharashtra	21.4041	79.9262	25181	
1258859	Rajgurunagar	Maharashtra	18.8667	73.9000	25146	
11556532	Pottaneri Nallakavundanpatti	Tamil Nadu	11.8039	77.8567	25133	P. N. Patti
10263051	Kamaruddinnagar	Delhi	28.6770	77.0537	25126	Quammruddin Nagar
1271453	Gauripur	Assam	26.0833	89.9612	25124	
1258477	Rania	Haryana	29.5245	74.8369	25123	Ranija|Raniya
1465623	Mugalivakkam	Tamil Nadu	13.0205	80.1653	25117	
13353535	Thazhecode	Kerala	11.3226	75.9758	25116	
1257771	Saiha	Mizoram	22.4918	92.9814	25110	
1274146	Chinna Salem	Tamil Nadu	11.6342	78.8741	25106	Chinnasalem
1253340	Vayalar	Kerala	9.7116	76.3389	25094	
1279219	Ahraura	Uttar Pradesh	25.0158	83.0329	25075	
1274021	Rampachodavaram	Andhra Pradesh	17.4409	81.7756	25074	
1263751	Mangrol	Rajasthan	25.3306	76.5097	25073	Kaiztori|Kazitori
1256421	Shrirangapattana	Karnataka	12.4226	76.6844	25061	Srirangapatna
1266891	Kharkhauda	Haryana	28.8787	76.9107	25051	Kharkhoda
1267976	Kantai	Bihar	26.2142	85.2975	25051	Kanti
1268059	Kanigiri	Andhra Pradesh	15.4055	79.5069	25045	
1274428	Chengannur	Kerala	9.3157	76.6151	25043	
1255884	Sohagpur	Madhya Pradesh	22.7005	78.1952	25040	
1274770	Chandauli	Uttar Pradesh	25.2580	83.2682	25035	
1253278	Velur	Tamil Nadu	11.1082	78.0011	25012	
12501142	Paramathi Velur	Tamil Nadu	11.1916	77.9563	25012	
1261699	Naubatpur	Bihar	25.4986	84.9608	25011	
1257461	Sandi	Uttar Pradesh	27.2887	79.9519	25008	
1260942	Padam	Ladakh	33.4666	76.8849	25000	
1263566	Marayur	Kerala	10.2764	77.1620	25000	Maraiyoor|Maraiyur|Marayoor
1266258	Kolasib	Mizoram	24.2239	92.6787	25000	
8714565	Shiraguppi	Maharashtra	16.6187	74.7091	25000	
1279396	Abu	Rajasthan	24.5937	72.7176	24981	Mount Abu
12501475	Sadulshahar	Rajasthan	29.9087	74.1757	24980	
1275302	Borawar	Rajasthan	27.0237	74.6758	24975	
11477730	Marutharod	Kerala	10.7751	76.6995	24963	
1271777	Gajwel	Telangana	17.8482	78.6829	24961	
11453083	Devarshola	Tamil Nadu	11.5437	76.4404	24954	
1265632	Kunda	Uttar Pradesh	25.7170	81.5140	24948	
1257698	Sakleshpur	Karnataka	12.9412	75.7847	24931	Saklaspur
1259855	Perundurai	Tamil Nadu	11.2756	77.5879	24930	Perundural
1262516	Mundargi	Karnataka	15.2068	75.8839	24919	
1264644	Machhiwara	Punjab	30.9156	76.2002	24916	
1262116	Nainpur	Madhya Pradesh	22.4300	80.1056	24914	
1254909	Tarana	Madhya Pradesh	23.3338	76.0425	24908	
12523370	Keirao Bitra	Manipur	24.7111	93.9746	24900	Lilong
1267972	Kanth	Uttar Pradesh	29.0594	78.6295	24883	Mannagar
1274574	Charkhari	Uttar Pradesh	25.4030	79.7488	24881	Maharajnagar
1265446	Kushtagi	Karnataka	15.7562	76.1911	24878	
11624842	Churi	Jharkhand	23.6549	85.0128	24876	
8441952	Vellalur	Tamil Nadu	10.9775	77.0260	24872	Velialur|Vellalore
1255630	Sriperumbudur	Tamil Nadu	12.9676	79.9420	24864	Sriperumbubur
11462322	Muthutala	Kerala	10.8354	76.1596	24861	
1264323	Mahwa	Rajasthan	27.0459	76.9315	24846	Mahwah|Makhva
1268153	Kandahar	Maharashtra	18.8731	77.1923	24843	
10805222	Falna	Rajasthan	25.2674	73.2393	24839	
13156773	Avilala	Andhra Pradesh	13.6111	79.4208	24839	
1271250	Ghoti Budrukh	Maharashtra	19.7164	73.6282	24838	Ghoti
1257854	Safipur	Uttar Pradesh	26.7378	80.3435	24801	
11522310	Brahmana Periya Agraharam	Tamil Nadu	11.3690	77.7063	24798	
11002689	Thirunavaya	Kerala	10.8746	75.9855	24790	
13157133	Anklesvar INA	Gujarat	21.6167	73.0276	24789	
1268480	Kalamnuri	Maharashtra	19.6739	77.3115	24784	
1268739	Kabrai	Uttar Pradesh	25.4028	79.9997	24771	Kabral
1269796	Ilaiyankudi	Tamil Nadu	9.6251	78.6243	24767	Ilayangudi
1255076	Talwara	Punjab	31.9376	75.8866	24752	
1271881	Firozpur Jhirka	Haryana	27.7885	76.9450	24750	Ferozepur|Ferozepur-Jhirka|Ferozpur Jhirka
1254538	Tijara	Rajasthan	27.9341	76.8554	24747	
1259244	Punahana	Haryana	27.8637	77.2043	24734	
11522111	Tattankuttai	Tamil Nadu	11.4352	77.7237	24708	Thathankuttai
1266117	Koregaon	Maharashtra	17.6991	74.1625	24690	
1259775	Phillaur	Punjab	31.0189	75.7911	24688	
1260830	Pakala	Andhra Pradesh	13.4490	79.1149	24680	Pakal
1270066	Hinjilicut	Odisha	19.4817	84.7449	24671	Hinjili|Hinjilikatu
10535156	Damua	Madhya Pradesh	22.1929	78.4670	24663	
13494711	Ezhudesam	Tamil Nadu	8.2651	77.1421	24657	
1278621	Andol	Telangana	17.8146	78.0771	24645	
1256673	Shamgarh	Madhya Pradesh	24.1882	75.6390	24637	
1258362	Ratanpur	Chhattisgarh	22.2866	82.1682	24636	
1266414	Kodarma	Jharkhand	24.4675	85.5940	24633	Koderma
1267226	Keshorai Patan	Rajasthan	25.2928	75.9395	24627	
1261667	Navalgund	Karnataka	15.5588	75.3530	24613	
13157132	Bholav	Gujarat	21.7197	73.0110	24605	
7701509	Williamnagar	Meghalaya	25.4955	90.6168	24597	
1275692	Bijbehara	Jammu and Kashmir	33.7938	75.1070	24590	Bijbiara|Vejibyor|Vejibyour|Vijeshwara
1270923	Gorantla	Andhra Pradesh	13.9841	77.7722	24586	
1273409	Dataganj	Uttar Pradesh	28.0253	79.4082	24562	
1254347	Tiruppuvanam	Tamil Nadu	9.8256	78.2579	24554	Thirupuvanam
1276455	Beohari	Madhya Pradesh	24.0242	81.3783	24545	
13353534	Pantheeramkavu	Kerala	11.2305	75.8518	24537	
1274346	Chharra	Uttar Pradesh	27.9247	78.4010	24535	
10469872	Hudkeshwar Buzurg	Maharashtra	21.0824	79.1274	24499	Hudkeshwar bk.
1259638	Pindwara	Rajasthan	24.7975	73.0550	24487	
1445156	Singapur	Telangana	17.4698	78.1257	24457	
1257802	Sahaspur	Uttar Pradesh	29.1212	78.6227	24452	Sakhaspur
10549556	Ugrakheri	Haryana	29.3780	77.0093	24440	
1267979	Kant	Uttar Pradesh	27.8105	79.7918	24430	
1275863	Bhokardan	Maharashtra	20.2583	75.7700	24416	
1264385	Maheshwar	Madhya Pradesh	22.1759	75.5871	24411	Makheshvar
1254341	Thiruthuraipoondi	Tamil Nadu	10.5282	79.6327	24404	Tirutturaippundi|Tiruturaipundi
9972728	Meenambakkam	Tamil Nadu	12.9846	80.1747	24334	Tirusulam
1274219	Chiknayakanhalli	Karnataka	13.4161	76.6206	24292	
1264436	Maharajgani	Bihar	26.1102	84.5036	24282	Maharajganj
11501853	Ayanavelikulangara Vadakku	Kerala	9.0430	76.5230	24268	Ayanivelikulangara|Vadakkumthala
1267213	Kaithoon	Rajasthan	25.1241	75.9722	24260	
1273272	Denkanikota	Tamil Nadu	12.5301	77.7889	24252	Denkanikottai
10924961	Chekkiad	Kerala	11.7173	75.6419	24246	
1263255	Mayang Imphal	Manipur	24.6100	93.8887	24239	
1270482	Haliyal	Karnataka	15.3286	74.7564	24238	Khalijal
11186050	Vilankurichi	Tamil Nadu	11.0715	77.0173	24235	
10530672	Rajakheri	Madhya Pradesh	23.8593	78.7852	24232	
1255963	Sitarganj	Uttarakhand	28.9293	79.7044	24225	
1261971	Nandgaon	Maharashtra	20.3068	74.6550	24209	
13353437	Siuliban	Jharkhand	23.7486	86.7848	24202	
1272881	Dharampur	Gujarat	20.5369	73.1737	24178	Dharampore|Dhurrumpur|Dilarampur
1256328	Sikandarpur	Uttar Pradesh	26.0433	84.0530	24177	
1262625	Muhammadabad	Uttar Pradesh	26.0340	83.3811	24146	
1255621	Srisailain	Andhra Pradesh	16.0722	78.8682	24142	Srisailam
1276919	Barki Saria	Jharkhand	24.1759	85.8894	24134	
1264987	Loha	Maharashtra	18.9448	77.1155	24125	Lawha
1263083	Mhaswad	Maharashtra	17.6336	74.7877	24120	Mhasvad
1278964	Alot	Madhya Pradesh	23.7634	75.5566	24115	
13156772	Suryaraopeta	Andhra Pradesh	16.9996	82.2232	24112	
7279600	Aluva	Kerala	10.1076	76.3516	24108	
1270237	Hastinapur	Uttar Pradesh	29.1604	78.0076	24093	
1274389	Chettipalaiyam	Tamil Nadu	10.9125	77.0370	24080	Chettipalayam
10846361	Someshvara	Karnataka	12.8035	74.8647	24066	Someshwar
13494710	Pacode	Tamil Nadu	8.3352	77.2136	24050	
11662007	Pappakurichchi	Tamil Nadu	10.8137	78.7481	24023	Pappankurichi
1262426	Morinda	Punjab	30.7901	76.4988	24022	Murinda
1272502	Diu	Dadra and Nagar Haveli and Daman and Diu	20.7141	70.9822	23991	Diva|Ntiou|Vostrau Dyu
1262318	Nabinagar	Bihar	24.6068	84.1262	23984	
1272546	Dinanagar	Punjab	32.1366	75.4729	23976	
1263259	Mayabandar	Andaman and Nicobar	12.9095	92.9035	23912	Mayabunder
1466019	Kaikalapettai	Tamil Nadu	13.0219	80.1206	23910	Ayyappanthangal|Kattupakkam
1276642	Bazpur	Uttarakhand	29.1530	79.1081	23900	
11522389	Karumandi Chellipalaiyam	Tamil Nadu	11.3019	77.5860	23868	
1273628	Dalsingh Sarai	Bihar	25.6680	85.8364	23862	Dalsingh-Sari
10530675	Makronia	Madhya Pradesh	23.8477	78.7990	23861	Makronia Buzurg
1256968	Savantvadi	Maharashtra	15.9041	73.8219	23851	Sawantwadi
7645181	Longowal	Punjab	30.1985	75.6819	23851	
11461632	Virakeralam	Tamil Nadu	11.0077	76.9126	23841	Veerakeralam
1258203	Reoti	Uttar Pradesh	25.8509	84.3778	23819	
1260925	Padiyanallur	Tamil Nadu	13.2004	80.1761	23819	Padiahallur|Theerthagiriyampattu
1261722	Nasriganj	Bihar	25.0514	84.3284	23819	Nasriganji
1271929	Fatehganj West	Uttar Pradesh	28.4662	79.3066	23810	
1257895	Sadalgi	Karnataka	16.5587	74.5321	23790	Sadalga
1261721	Nasrullahganj	Madhya Pradesh	22.6837	77.2707	23788	Nasrullaganj
13353436	Sarjamda	Jharkhand	22.7476	86.2257	23788	
1261864	Narakal	Kerala	10.0383	76.2221	23760	Njarackal
1265163	Lalgudi	Tamil Nadu	10.8742	78.8194	23740	
1266511	Ulundurpet	Tamil Nadu	11.6910	79.2873	23734	Kiranur|Ulundur|Ulundurpettai
1265169	Lalganj	Uttar Pradesh	25.9318	81.7048	23728	
10263098	Malakpur Kohi Rangpur	Delhi	28.5403	77.1208	23726	Malik Pur Kohi
10524858	Nivari	Madhya Pradesh	25.3491	78.7997	23724	Niwari
1253073	Vypin	Kerala	9.9667	76.2500	23717	Azhikkal|Puthuvype|Vypeen
1262566	Muluppilagadu	Kerala	11.7979	75.4511	23709	Mulappilangad|Mulappilangal|Muzhappilangad
1278941	Alwaye	Kerala	10.1065	76.3548	23703	Aluva
1254317	Tisaiyanvilai	Tamil Nadu	8.3370	77.8678	23702	Thisayanvilai
11500836	Srikandamangalam	Kerala	9.6594	76.3633	23681	
1265418	Kutiatodu	Kerala	9.8000	76.3333	23669	Kuthiathode
10453729	Pipri	Maharashtra	20.7861	78.5936	23661	
1261705	Natham	Tamil Nadu	10.2278	78.2297	23660	Nattam|Nuttam
13494709	Unnamalaikadai	Tamil Nadu	8.2996	77.2406	23656	
1259907	Penugonda	Andhra Pradesh	16.6536	81.7455	23654	
1277535	Balod	Chhattisgarh	20.7308	81.2058	23648	
1263522	Mariani	Assam	26.6573	94.3153	23640	
1259110	Qadian	Punjab	31.8220	75.3766	23632	Kadian
13494708	Painkulam	Tamil Nadu	8.2602	77.1740	23630	
8541964	Prantij	Gujarat	23.4361	72.8448	23596	
1265734	Kulgam	Jammu and Kashmir	33.6446	75.0192	23584	Kulgam Tehsil|Kulgam-Tekhsil
1274142	Chinnur	Telangana	18.8578	79.7956	23579	
7302834	Katheru	Andhra Pradesh	17.0379	81.7760	23572	
1264282	Mairwa	Bihar	26.2322	84.1635	23565	
1254282	Todaraisingh	Rajasthan	26.0240	75.4818	23559	Toda Raisingh|Todaraisingkh|Todarasingh|Todarasingkh
1259460	Pokaran	Rajasthan	26.9201	71.9163	23554	Pokhran
1265655	Kumher	Rajasthan	27.3166	77.3708	23540	
13353533	Sreekaryam	Kerala	8.5488	76.9172	23528	
1348785	Panchla	West Bengal	22.5367	88.1379	23526	
1262651	Mudkhed	Maharashtra	19.1566	77.5030	23517	
13156959	Shivpur Charcha	Chhattisgarh	23.3289	82.5281	23514	
1268962	Jhinjhak	Uttar Pradesh	26.5609	79.7342	23499	
1259843	Pethapur	Gujarat	23.2631	72.6739	23497	
1264037	Malpe	Karnataka	13.3496	74.7039	23496	
1275488	Birur	Karnataka	13.5972	75.9717	23493	
1263917	Mandal	Rajasthan	25.4413	74.5698	23478	
1256468	Shishgarh	Uttar Pradesh	28.7293	79.3147	23471	
1265821	Kuchera	Rajasthan	26.9875	73.9711	23468	Kucher
1260041	Pattiyurgramam	Kerala	9.1774	76.5011	23460	Pathiyoor
11442958	Sevilimedu	Tamil Nadu	12.8083	79.6864	23454	
1260022	Pawni	Maharashtra	20.7923	79.6364	23450	Pauni
9915464	Manesar	Haryana	28.3531	76.9404	23448	
1274342	Chhatapur	Bihar	26.2197	87.0048	23425	
10924934	Tuneri	Kerala	11.6970	75.6349	23421	Thuneri
1253685	Urmar	Punjab	31.6814	75.6355	23419	Urmar Tanda
1264794	Lonar	Maharashtra	19.9853	76.5205	23416	
1259286	Pugalur	Tamil Nadu	11.0740	78.0209	23408	Punjai|Punjaipugalur
1258553	Ramtek	Maharashtra	21.3956	79.3273	23404	
1349041	Monoharpur	West Bengal	22.1083	88.0789	23362	
9212569	Injambakkam	Tamil Nadu	12.9162	80.2488	23346	
1263883	Mandawa	Rajasthan	28.0554	75.1483	23335	
10493516	Maharajpur	Madhya Pradesh	25.0194	79.7319	23328	
1255667	Soygaon	Maharashtra	20.5961	75.6176	23320	
1268476	Kalanaur	Haryana	28.8282	76.3955	23319	
1267629	Chitrakoot Dham	Uttar Pradesh	25.2147	80.9164	23316	Chitrakoot|Karwi
1258061	Ron	Karnataka	15.6994	75.7341	23311	Rona
1466089	Vengattur	Tamil Nadu	13.0999	79.9321	23292	
11664530	Nayanakulam	Tamil Nadu	9.9611	78.1372	23284	Nagavakulam
1276381	Bewar	Uttar Pradesh	27.2187	79.2976	23280	
13353531	Marampilly	Kerala	10.1138	76.4418	23272	
1261084	Od	Gujarat	22.6210	73.1172	23250	
10255848	Tapa	Punjab	30.2979	75.3694	23248	
1253544	Vaikam	Kerala	9.7486	76.3964	23234	Vaikom
11460573	Kerkandi	Tamil Nadu	11.3678	76.7458	23229	Kethi
1266322	Colachel	Tamil Nadu	8.1794	77.2582	23227	
1275441	Bissau	Rajasthan	28.2474	75.0767	23227	Bisau
1257793	Sahibganj	Bihar	26.3083	84.9270	23224	Sahebganj
1267716	Karmala	Maharashtra	18.4077	75.1939	23199	
1254904	Tharangambadi	Tamil Nadu	11.0276	79.8542	23191	Fort Dansborg|Tarangambadi|Tranguebar|Trankebar|Tranquebar
10896954	Hinakallu	Karnataka	12.3304	76.6021	23162	Hinkal
13353530	Thiruvankulam	Kerala	9.9468	76.3666	23160	
11663359	Tiruverumbur	Tamil Nadu	10.7937	78.7690	23156	Thiruverumbur
1265811	Kudachi	Karnataka	16.6278	74.8541	23154	Kudchi
1256828	Seondha	Madhya Pradesh	26.1542	78.7812	23140	Seondkha|Seora
1265521	Kurduvadi	Maharashtra	18.0934	75.4157	23131	
1263329	Mattigiri	Tamil Nadu	12.6980	77.8083	23129	Mattagiri
12501265	Lalganj	Uttar Pradesh	25.7990	82.9977	23124	
1259446	Polasara	Odisha	19.6939	84.8140	23119	
11189027	Iroopara	Kerala	8.6075	76.9149	23113	Ayiroopara
1262089	Nakur	Uttar Pradesh	29.9196	77.3044	23084	
11685075	Narasingapuram	Tamil Nadu	11.6038	78.5778	23084	
13157156	Palwal Rural	Haryana	28.1456	77.3513	23072	
1260685	Pallikonda	Tamil Nadu	12.9052	78.9427	23067	Pallikondai
1278282	Asifabad	Telangana	19.3585	79.2841	23059	Asafabad|Jangaon
1259552	Pipri	Maharashtra	19.7937	75.5352	23047	Peepri
1269757	Indargarh	Madhya Pradesh	25.9109	78.5619	23045	
1255951	Sivagiri	Tamil Nadu	9.3446	77.4291	23040	
11184312	Vadakkanandal	Tamil Nadu	11.7817	78.8354	23034	
13353529	Ancharakandy	Kerala	11.8841	75.4850	23030	
10878443	Trikarpur South	Kerala	12.1165	75.1852	22991	South Thrikkaripur
1269908	Hukeri	Karnataka	16.2308	74.6024	22988	
1254283	Todabhim	Rajasthan	26.9167	76.8167	22977	Todabkhim
10261416	Pehladpur Bangar	Delhi	28.7506	77.0810	22968	
12519446	Dooru Verinag	Jammu and Kashmir	33.5594	75.2322	22968	Duru Verinag
13156771	Tiruchanur	Andhra Pradesh	13.6073	79.4486	22963	
10469715	Kanhan	Maharashtra	21.2290	79.2398	22945	
11271185	Gopavaram	Andhra Pradesh	14.7841	78.5729	22936	
1253352	Vattalkundu	Tamil Nadu	10.1607	77.7588	22928	Batlagundu
9035005	Dhamanagar	Odisha	20.9167	86.4500	22920	
1257776	Saidpur	Uttar Pradesh	25.5375	83.2238	22904	
1254300	Tittagudi	Tamil Nadu	11.4072	79.1222	22894	Titagudi
1259735	Phulpur	Uttar Pradesh	25.5490	82.0895	22886	
11463890	Kunnatnad	Kerala	10.0429	76.4241	22881	Kunnathunad
10263301	Jharoda Mazra Burari	Delhi	28.7301	77.2091	22878	
1267842	Karanjia	Odisha	21.7626	85.9732	22865	
10803337	Sangaria	Rajasthan	26.1887	73.0265	22853	
1277634	Balarampur	West Bengal	23.0971	86.2229	22847	
1278463	Aramboli	Tamil Nadu	8.2496	77.5216	22846	Aralvaimozhi|Aramboly|Perumalpuram
1254005	Ubaidullahganj	Madhya Pradesh	22.9983	77.5862	22845	Obedullaganj|Ubaidullaganj
1274073	Chitarpur	Jharkhand	23.5728	85.6535	22837	
1261828	Naraingarh	Haryana	30.4780	77.1280	22832	Naraingarkh|Narayangarh
1257539	Sambhar	Rajasthan	26.9081	75.1914	22828	Sambhar Lake|Sambkhara
11487382	Vellur	Kerala	8.6262	76.8305	22816	Veiloor
13494614	Fatehnagar	Rajasthan	24.8149	74.0950	22812	
1259049	Raghunathpur	West Bengal	23.5388	86.6735	22802	
1260304	Pariyapuram	Kerala	11.0167	75.8667	22766	
1267558	Kasrawad	Madhya Pradesh	22.1274	75.6110	22750	
1265022	Lathi	Gujarat	21.7231	71.3884	22745	Lati
1272277	Dugda	Jharkhand	23.7452	86.1718	22740	
1266710	Khirkiya	Madhya Pradesh	22.1673	76.8614	22737	Khirkian|Khirkiyan
1262664	Mudgal	Karnataka	16.0119	76.4420	22731	
1273788	Curchorem	Goa	15.2635	74.1088	22730	Curchurem
1273970	Chorwad	Gujarat	21.0295	70.2330	22720	Chorvad|Chorwar
7302827	Madhira	Telangana	16.9233	80.3631	22716	Madhra|Madira
11341323	Kadiganpalli	Tamil Nadu	12.5232	78.2086	22714	Kattiganapalli
1279144	Akaltara	Chhattisgarh	22.0246	82.4264	22712	
1269646	Etmadpur	Uttar Pradesh	27.2354	78.1983	22697	
1267517	Katghora	Chhattisgarh	22.5025	82.5428	22690	Katgkhora
1259429	Ponda	Goa	15.4034	74.0152	22664	Cassabe de Ponda
1264845	Lohara	Maharashtra	20.3898	78.0903	22664	
1273795	Cumbum	Andhra Pradesh	15.5817	79.1106	22653	Kambhamu
1263395	Matabhanga	West Bengal	26.3420	89.2155	22642	Mathabhanga
1269498	Jaitaran	Rajasthan	26.2045	73.9368	22621	
1254948	Taoru	Haryana	28.2117	76.9498	22599	
12501476	Lehragaga	Punjab	29.9427	75.8014	22588	
1269377	Jamai	Madhya Pradesh	22.1964	78.5919	22587	Jumiardev
1274005	Sholavandan	Tamil Nadu	10.0216	77.9609	22578	Cholavandan
1262187	Nagod	Madhya Pradesh	24.5692	80.5881	22568	
1267174	Khairagarh	Chhattisgarh	21.4186	80.9794	22564	Khairagarh Raj
10973824	Kurikuppi	Karnataka	15.2176	76.6487	22560	Kurekuppa
13353528	Ariyallur	Kerala	11.0833	75.8490	22558	
1259283	Pukhrayan	Uttar Pradesh	26.2237	79.8374	22555	
10249965	Raman	Punjab	29.9505	74.9785	22553	
1256040	Sirsi	Uttar Pradesh	28.6392	78.6430	22549	
1277283	Bankapur	Karnataka	14.9230	75.2622	22529	Bankapura
13353682	Godoli	Maharashtra	17.6718	74.0129	22517	
1276724	Baswa	Rajasthan	27.1496	76.5834	22515	
1258843	Rajmahal	Jharkhand	25.0530	87.8305	22514	
9782490	Nambol	Manipur	24.6956	93.8197	22512	
1254102	Tulsipur	Uttar Pradesh	27.5337	82.4165	22486	
1275656	Bikram	Bihar	25.4471	84.8626	22486	
1276486	Belur	Karnataka	13.1656	75.8652	22484	
10261694	Sanehwal	Punjab	30.8413	75.9855	22484	Sahnewal
10166427	Sisauli	Haryana	30.1430	77.2596	22479	Sasauli
1268008	Kanniyakumari	Tamil Nadu	8.0901	77.5384	22453	Cap Comorin|Cape Comorin|Comorin|Kan'jakumari|Kanniakumari|Kanniyakumar|Kanyakumari
11657535	Senapparetti	Tamil Nadu	10.9625	78.1132	22447	Senapiratti
1261837	Naraura	Uttar Pradesh	28.2015	78.3872	22432	
1268622	Kailashahar	Tripura	24.3320	92.0039	22405	Kailasahar
11655503	Triparappu	Tamil Nadu	8.3948	77.2659	22401	Thirparappu
1273246	Deogarh	Odisha	21.5383	84.7334	22390	Debagarh
1258323	Ratu	Jharkhand	23.4204	85.2146	22379	
11184488	Puthencruz	Kerala	9.9773	76.4105	22378	Puttan kurisu
1265539	Kurandvad	Maharashtra	16.6832	74.5889	22372	
1254447	Timurni	Madhya Pradesh	22.3712	77.2274	22359	
13353681	Pachgaon	Maharashtra	16.6602	74.2274	22353	
1259036	Rahata	Maharashtra	19.7166	74.4811	22335	Rahta Pimplas
1260718	Pali	Madhya Pradesh	23.3645	81.0437	22324	Birsinghapur
1276026	Bhawanigarh	Punjab	30.2669	76.0385	22320	
1255551	Suket	Rajasthan	24.6461	76.0417	22319	Suke|Suket-Kotah
10924946	Panniyannur	Kerala	11.7486	75.5756	22308	
11501709	Adanattutekkumuri Kizhakku	Kerala	9.0791	76.5137	22250	Adinad
1278551	Ankola	Karnataka	14.6605	74.3047	22249	
1263523	Mariahu	Uttar Pradesh	25.6040	82.6038	22248	
13494707	Kilapavoor	Tamil Nadu	8.9086	77.4311	22231	
10778177	Ramavarappadu	Andhra Pradesh	16.5209	80.6808	22222	
1259157	Purwa	Uttar Pradesh	26.4576	80.7740	22220	
11676044	Attimarappatti	Tamil Nadu	8.7399	78.1053	22218	Athimarapatti
7302812	Dasnapur	Telangana	19.6540	78.5121	22216	
1429898	Badamibagh	Jammu and Kashmir	34.0738	74.8528	22214	
10704831	Lingiadih	Chhattisgarh	22.0775	82.1761	22209	
1257799	Sahawar	Uttar Pradesh	27.7960	78.8337	22201	
1275818	Bhuban	Odisha	20.8820	85.8333	22200	Bkhuban
1261401	Nilakottai	Tamil Nadu	10.1650	77.8502	22197	Nilakkottai|Nilakkottai-Madura
1256372	Sidhauli	Uttar Pradesh	27.2820	80.8345	22193	
13494706	Palavansathu	Tamil Nadu	12.8931	79.1345	22176	
1279334	Adra	West Bengal	23.4967	86.6836	22159	
1262624	Muhammadabad	Uttar Pradesh	27.3089	79.4325	22151	
10769689	Sarapaka	Telangana	17.6913	80.8700	22149	
1276147	Bhanvad	Gujarat	21.9305	69.7808	22142	Bhanwar|Bhauwar
1255823	Someshwar	Karnataka	13.4911	75.0665	22137	Somaishwar
1261870	Narainpur	Chhattisgarh	19.7179	81.2444	22106	Narayanpur
1262040	Namagiripettai	Tamil Nadu	11.4551	78.2682	22098	Namagiripetai
1261647	Nawa	Rajasthan	27.0195	75.0023	22088	
1259890	Peravurani	Tamil Nadu	10.2904	79.2016	22084	Peravurni
11628608	Kathhara	Jharkhand	23.7638	85.8847	22080	Tenu Dam-Cum-Kathhara
1267495	Kathlal	Gujarat	22.8982	72.9928	22071	
1255925	Siwana	Rajasthan	25.6515	72.4224	22067	
1273083	Deoli	Rajasthan	25.7573	75.3799	22065	Devli|Dioli
11452593	Kizhuparamba	Kerala	11.2526	76.0244	22062	
13353527	Palai	Kerala	9.7131	76.6833	22056	
1274364	Chhanera	Madhya Pradesh	21.9610	76.6949	22052	
1263564	Marakkanam	Tamil Nadu	12.1921	79.9419	22034	Markanum|Merkanam
1274533	Chhatrapur	Odisha	19.3557	84.9836	22027	Chatrapur|Chkhatrapur
1275921	Bhinga	Uttar Pradesh	27.7028	81.9343	22016	Bkhinga
1265005	Lauri	Madhya Pradesh	25.1396	80.0011	22002	Laundi|Lavkushnagar
1466010	Nalambur	Tamil Nadu	13.0867	80.1703	21973	Nolambur
1265555	Kuppam	Andhra Pradesh	12.7493	78.3419	21963	
1271936	Fatehabad	Uttar Pradesh	27.0265	78.3027	21957	
1275768	Kil Bhuvanagiri	Tamil Nadu	11.4422	79.6476	21956	Bhavanagiri|Bhuvanagiri|Bliuvanagiri
1257673	Sakti	Chhattisgarh	22.0266	82.9609	21955	Shakti
13353526	Karuvanthuruthy	Kerala	11.1721	75.8226	21952	
11456498	Kollivayal	Tamil Nadu	11.4998	76.4815	21943	O' Valley
1257476	Sancoale	Goa	15.3779	73.9035	21923	
13494705	Polichalur	Tamil Nadu	12.9891	80.1418	21906	
1276375	Bhabhar	Gujarat	24.0717	71.5974	21894	Bhabar|Bhabbar
12518993	Nowrozabad	Madhya Pradesh	23.3522	80.9806	21883	
1265007	Laungowal	Punjab	30.1939	75.6809	21880	Lalgarh
1274943	Chachaura	Madhya Pradesh	24.1758	76.9996	21860	Chachora
13353680	Ghulewadi	Maharashtra	19.6031	74.1936	21860	
1274699	Chandrakona	West Bengal	22.7333	87.5167	21855	Chandshona
1257410	Sangod	Rajasthan	24.9271	76.2865	21846	
1266774	Kheralu	Gujarat	23.8853	72.6187	21843	
1271954	Farakka	West Bengal	24.8167	87.9000	21834	Faraka
11184889	Mulavukad	Kerala	10.0136	76.2631	21833	
1263777	Mangalvedha	Maharashtra	17.5105	75.4471	21824	
10924880	Maniyur	Kerala	11.5522	75.6503	21820	
1267978	Kantabanji	Odisha	20.4671	82.9204	21819	
11186294	Chalthan	Gujarat	21.1542	72.9614	21795	
1269093	Jainagar	Bihar	26.5905	86.1379	21782	Jaynagar
10002798	Kopawor	Jammu and Kashmir	34.5286	74.2640	21771	Kupwara
1257682	Sakri	Maharashtra	20.9910	74.3148	21764	
1273397	Dattapur	Maharashtra	20.7808	78.1407	21763	
10214682	Umarsera	Maharashtra	20.3714	78.1234	21752	
1261882	Napasar	Rajasthan	27.9606	73.5591	21750	
1256846	Shendurjana	Maharashtra	21.5249	78.2835	21748	Sendurjana
1260035	Patur	Maharashtra	20.4609	76.9373	21747	
1272629	Digboi	Assam	27.3932	95.6184	21736	Digbol|Digbor
8740793	Jirapur	Madhya Pradesh	24.0214	76.3764	21724	
11501867	Kalleribhagam	Kerala	9.0540	76.5580	21723	Kallelibhagom
1262346	Muthupet	Tamil Nadu	10.3950	79.4935	21722	Muttapet|Muttupet|Mutupet
1272242	Dum Duma	Assam	27.5688	95.5566	21706	Doom-Dooma|Sookerating
1260618	Pampur	Jammu and Kashmir	34.0151	74.9189	21680	Pampore
10910255	Munderi	Kerala	11.9303	75.4455	21676	
1255383	Surajgarh	Rajasthan	28.3101	75.7327	21666	
11655500	Kadayal	Tamil Nadu	8.4083	77.2657	21665	
10261433	Kundli	Haryana	28.8691	77.1206	21633	
1277666	Balachor	Punjab	31.0606	76.3017	21631	Balachaur
1259148	Pushkar	Rajasthan	26.4902	74.5521	21626	Pouskar|Puskar|Puskaras|Puszkar
1272476	Doda	Jammu and Kashmir	33.1492	75.5475	21605	
1255646	Karanpur	Rajasthan	29.8404	73.4552	21604	Karanpura|Sri Karanpur
1257498	Samthar	Uttar Pradesh	25.8435	78.9068	21582	
1277409	Banat	Uttar Pradesh	29.4636	77.3548	21580	
1272790	Dhekiajuli	Assam	26.7037	92.4781	21579	
1263911	Mandalgarh	Rajasthan	25.1941	75.0721	21569	
10152760	Barara	Haryana	30.2146	77.0403	21545	
1255044	Tammampatti	Tamil Nadu	11.4413	78.4887	21503	Thammampatti
1274848	Chamba	Himachal Pradesh	32.5553	76.1265	21502	
10263225	Muradabad Pahari	Delhi	28.5646	77.1513	21502	Moradabad Pahari
10469681	Mahadula	Maharashtra	21.2526	79.0811	21481	
1277238	Bansdih	Uttar Pradesh	25.8838	84.2183	21457	
13156770	Srisailam Project RFC Township	Andhra Pradesh	16.0733	78.8741	21452	
10781410	Bacheli	Chhattisgarh	18.6843	81.2686	21435	Bade Bacheli
1278279	Asika	Odisha	19.6111	84.6600	21428	Aska
1270603	Guruvayur	Kerala	10.5943	76.0411	21416	Gurupavanapuri|Guruvayoor
10436674	Lalru	Punjab	30.4917	76.7987	21394	
1465809	Virugambakkam	Tamil Nadu	13.0463	80.1913	21376	Karambakkam
1273960	Chotila	Gujarat	22.4235	71.1964	21364	
1253357	Vasudevanallur	Tamil Nadu	9.2417	77.4118	21361	
1265773	Kuju	Jharkhand	23.7254	85.5102	21356	
1260918	Padmanabhapuram	Tamil Nadu	8.2446	77.3258	21342	
1263879	Mandawar	Uttar Pradesh	29.4866	78.1273	21339	
13353525	Paippad	Kerala	9.4246	76.5848	21338	
1264383	Mahgawan	Madhya Pradesh	26.4947	78.6159	21335	Mehgaon
11348644	Kondasamudram	Tamil Nadu	12.9455	78.8788	21335	
1276627	Bedi	Gujarat	22.5014	70.0436	21327	Beda|Bedi Bandar
1254797	Tekari	Bihar	24.9425	84.8427	21324	Tikari
1272540	Dindori	Madhya Pradesh	22.9414	81.0798	21323	
1274642	Channagiri	Karnataka	14.0240	75.9258	21313	
1265387	Kuzhithurai	Tamil Nadu	8.3179	77.1919	21307	Kuzhittura
13353524	Kodamthuruth	Kerala	9.8006	76.3015	21295	
1271343	Ghatanji	Maharashtra	20.1418	78.3133	21293	
11462031	Naduvattam	Kerala	10.8799	76.0020	21273	Naduvattom
1274343	Chhata	Uttar Pradesh	27.7237	77.5081	21260	
1257482	Sanaur	Punjab	30.3018	76.4579	21201	
13494704	Reethapuram	Tamil Nadu	8.1843	77.2481	21177	
13353523	Kottappally	Kerala	11.6127	75.6614	21169	
1256812	Serchhip	Mizoram	23.2931	92.8468	21158	
10766938	Pudupattanam	Tamil Nadu	12.5085	80.1498	21151	
1254787	Telhara	Maharashtra	21.0269	76.8389	21146	
1261782	Narkher	Maharashtra	21.4723	78.5341	21127	
1279158	Ajnala	Punjab	31.8447	74.7630	21107	
1278622	Anthiyur	Tamil Nadu	11.5751	77.5904	21086	Andiyur
1275484	Bisalgarh	Tripura	23.6760	91.2832	21085	
1348780	Dhulagari	West Bengal	22.5821	88.1710	21080	
12518919	Talala	Gujarat	21.0547	70.5290	21060	
1275097	Bundu	Jharkhand	23.1609	85.5901	21054	
12523317	Teliamura	Tripura	23.8417	91.6303	21032	
1273104	Devgadh Bariya	Gujarat	22.7052	73.9088	21030	Baria|Bariya|Devgad Baria
1260129	Patharia	Madhya Pradesh	23.8992	79.1939	21026	
1260082	Patnagarh	Odisha	20.7083	83.1326	21024	
1266510	Kiraoli	Uttar Pradesh	27.1377	77.7852	21024	
1276152	Bhanpura	Madhya Pradesh	24.5130	75.7469	21013	
13353522	Perinjanam	Kerala	10.3133	76.1485	21012	
11184132	Anklav	Gujarat	22.3774	73.0007	21003	
11102685	Abrama	Gujarat	20.8587	72.9065	21000	
1277844	Bagula	West Bengal	23.3366	88.6411	20999	
1270674	Gunnaur	Uttar Pradesh	28.2400	78.4399	20980	
1260793	Palakkodu	Tamil Nadu	12.3070	78.0702	20959	Palakod
10453829	Sindi	Maharashtra	20.7424	78.5871	20956	Sindi Turf Hindnagar
10910247	Chelora	Kerala	11.8949	75.4396	20952	
1258816	Rajpur	Madhya Pradesh	21.9402	75.1361	20947	
1261835	Naravarikuppam	Tamil Nadu	13.1913	80.1847	20946	Naravanikuppam
11185837	Marthandam	Tamil Nadu	8.3081	77.2214	20938	Killiyoor
11424018	Vinnamala	Andhra Pradesh	13.9074	79.9086	20924	
1257219	Sarauli	Uttar Pradesh	28.4940	79.0918	20923	Saranli
1462733	Adampur	Punjab	31.4322	75.7148	20922	
1277970	Badnawar	Madhya Pradesh	23.0218	75.2327	20917	
1277338	Banga	Punjab	31.1887	75.9950	20906	
9915333	Heli Mandi	Haryana	28.3449	76.7569	20906	Hailey Mandi
1274169	Chincholi	Karnataka	17.4651	77.4187	20897	
1269876	Hungund	Karnataka	16.0621	76.0586	20877	
12625364	Thaikkattussery	Kerala	9.7715	76.3439	20874	Thycattusserry
13353613	Bangawan	Madhya Pradesh	23.1926	82.1272	20873	
1267934	Kapasan	Rajasthan	24.8894	74.3167	20869	Kapasin
11678557	Salamedu	Tamil Nadu	11.9088	79.4919	20854	
1276870	Barpali	Odisha	21.1900	83.5872	20850	
1270903	Gormi	Madhya Pradesh	26.6003	78.5119	20841	
1276615	Begun	Rajasthan	24.9833	75.0000	20836	
1264986	Lawngtlai	Mizoram	22.5325	92.8990	20830	
13494613	Nandri	Rajasthan	26.3116	73.1009	20827	
1272768	Dhing	Assam	26.4679	92.4734	20826	Dkhing
11680724	Vadakarai Kil Pidagai	Tamil Nadu	9.0401	77.2741	20821	Vadakarai Keezhpadugai
1273880	Clement Town	Uttarakhand	30.2636	78.0086	20806	
1255763	Sonepur	Odisha	20.8333	83.9167	20770	Sonapur|Sonpur|Subarnapur
1268627	Kaikalur	Andhra Pradesh	16.5515	81.2140	20763	
1279126	Akhnur	Jammu and Kashmir	32.8955	74.7349	20756	
1279027	Alibag	Maharashtra	18.6481	72.8758	20752	Alibagh
1267923	Kapren	Rajasthan	25.4053	76.0743	20748	Kaprain
13353521	Muthukulam	Kerala	9.2168	76.4592	20740	
10885305	Bhadauni	Bihar	24.8754	85.5337	20739	
1279005	Alipur	Delhi	28.7986	77.1331	20736	
10525684	Achampet	Telangana	16.3982	78.6376	20721	
13353435	Ghorabandha	Jharkhand	22.7724	86.2711	20718	
13353520	Koduvayur	Kerala	10.6867	76.6588	20703	
11488277	Samalapuram	Tamil Nadu	11.0724	77.1980	20691	
1274899	Chakia	Bihar	26.4160	85.0466	20686	
1268902	Jining	Arunachal Pradesh	28.2163	94.8539	20684	Aalo
1276159	Bhanjanagar	Odisha	19.9272	84.5820	20647	Russelkonda|Russellkonda
1253599	Vadali	Gujarat	23.9423	73.0378	20646	
6695465	koppana Agrahara	Karnataka	12.8551	77.6671	20622	
1264602	Madattukkulam	Tamil Nadu	10.5587	77.3660	20620	Madathukulam
1270627	Gurmatkal	Karnataka	16.8677	77.3909	20614	Gurmatkol
1272860	Dhariwal	Punjab	31.9562	75.3239	20604	
10922733	Patuvilayi	Kerala	11.8656	75.5233	20598	
1255078	Talwandi Sabo	Punjab	29.9838	75.0820	20589	Talwandi
13157001	Dayal Pur	Delhi	28.7175	77.2651	20589	
1269545	Jahazpur	Rajasthan	25.6199	75.2761	20586	
1256959	Savda	Maharashtra	21.1505	75.8894	20584	
11463126	Vadakakarai	Kerala	10.1664	76.2018	20571	Vadakkekara
1277745	Viratnagar	Rajasthan	27.4354	76.1830	20568	Bairat
1276495	Belsand	Bihar	26.4437	85.4008	20566	
1257508	Sampla	Haryana	28.7772	76.7716	20563	
1253363	Vasind	Maharashtra	19.4084	73.2629	20561	Vashind
1266475	Kishtwar	Jammu and Kashmir	33.3135	75.7673	20553	Kishtvare|Kishtwer
1278181	Attibele	Karnataka	12.7781	77.7726	20532	
1279382	Achhnera	Uttar Pradesh	27.1783	77.7567	20532	Achnera
1275974	Bhikkiwind Uttar	Punjab	31.3494	74.7027	20526	Bhikkiwind
1274195	Chillupar	Uttar Pradesh	26.2822	83.5064	20518	Barhalganj
10265937	Tilpat	Haryana	28.4651	77.3328	20514	
1275694	Bijawar	Madhya Pradesh	24.6235	79.4899	20513	
1261531	Nellimarla	Andhra Pradesh	18.1562	83.4473	20498	
1264455	Maham	Haryana	28.9691	76.2950	20484	
1263730	Maniar	Uttar Pradesh	25.9855	84.1723	20462	
1252744	Yellapur	Karnataka	14.9637	74.7093	20452	
10922727	Keevallur	Kerala	11.8970	75.5310	20440	Keezhallur
10926750	Nangli	Punjab	31.6863	74.8875	20440	
1261378	Nimaj	Rajasthan	26.1500	74.0009	20424	Nimbaj
1276686	Baud	Odisha	20.8377	84.3262	20424	Bauda|Baudh|Baudh Raj|Baudh-Ral|Baudhgarh
1254131	Tufanganj	West Bengal	26.3169	89.6655	20420	
13353679	Korochi	Maharashtra	16.7192	74.4451	20420	
1260156	Pataudi	Haryana	28.3255	76.7786	20418	Pataounti
1272819	Dharur	Maharashtra	18.8202	76.1094	20417	Fatehabad|Fatheabad
10892271	Pariyaram	Kerala	12.0588	75.3248	20405	
1260553	French Rocks	Karnataka	12.5009	76.6742	20399	Hirod|Pandavapura
10447536	Ahiwara	Chhattisgarh	21.3580	81.4179	20384	
10347914	Bada	Rajasthan	26.0648	75.0216	20372	Sarwar
10347952	Sarwar	Rajasthan	26.2425	75.1287	20372	
11185179	Edavilangu	Kerala	10.2403	76.1710	20363	
1269019	Jhalu	Uttar Pradesh	29.3361	78.2261	20356	
13353518	Killannur	Kerala	10.5992	76.2180	20339	
1262497	Mundra	Gujarat	22.8392	69.7219	20338	
1277759	Byndoor	Karnataka	13.8667	74.6333	20323	Baindur|Bainduri
1274618	Chapar	Assam	26.2727	90.4456	20322	Ghapar
11185658	Kondalampatti	Tamil Nadu	11.6345	78.1237	20318	
1276660	Bawani Khera	Haryana	28.9492	76.0311	20289	Bawani
1276764	Basi	Punjab	30.6885	76.4011	20288	Bassi Pathana
11556989	Alampalaiyam	Tamil Nadu	11.3635	77.7677	20286	
10503881	Umbri	Maharashtra	20.7137	77.0264	20262	Umri Pragane Balapur
1252887	Wellington	Tamil Nadu	11.3655	76.7844	20254	Vellington|Wellington Town
1270343	Harij	Gujarat	23.6936	71.9070	20253	
13353373	Raipur Domana	Jammu and Kashmir	32.7984	74.7827	20238	
1256783	Settur	Tamil Nadu	9.4056	77.4784	20228	Seithur
1252980	Waluj Buzurg	Maharashtra	19.7963	75.2265	20220	Waluj|Waluj Bk.
1259905	Penukonda	Andhra Pradesh	14.0829	77.5947	20220	
1465829	Kotivakkam	Tamil Nadu	12.9702	80.2577	20217	
1255635	Srinagar	Uttarakhand	30.2224	78.7834	20216	Shrinagar|Srinagar Garhwal
13156928	Kataiya	Bihar	26.5681	84.0833	20193	
1255381	Surajpur	Chhattisgarh	23.2135	82.8684	20189	
1261285	Nirmali	Bihar	26.3140	86.5854	20189	
11441185	Puliyankannu	Tamil Nadu	12.9392	79.3079	20171	Navlock Garden
1262734	Morwa	Gujarat	22.9047	73.8391	20168	Morva
10922743	Pattyam	Kerala	11.7930	75.5641	20161	Pattiom
1268615	Kaimori	Madhya Pradesh	23.3847	79.7442	20154	Kaimur|Kymore
1263309	Mau	Madhya Pradesh	26.2658	78.6711	20147	
13353517	Pudussery West	Kerala	10.7880	76.7279	20140	
1263306	Mau Aimma	Uttar Pradesh	25.6952	81.9234	20123	Mau Aima
11461739	Chinnavadampatti	Tamil Nadu	11.0615	76.9838	20122	
1271965	Falakata	West Bengal	26.5196	89.2042	20119	
11563145	Suleswaranpatti	Tamil Nadu	10.6388	77.0084	20104	
1272802	Dhaurahra	Uttar Pradesh	27.9981	81.0897	20098	
1267173	Khairagarh	Uttar Pradesh	26.9435	77.8182	20095	Kheragarh
1264198	Maksi	Madhya Pradesh	23.2600	76.1457	20094	
1278539	Annur	Tamil Nadu	11.2362	77.1051	20079	Anur
1259251	Pulwama	Jammu and Kashmir	33.8740	74.8996	20071	Pulawom
1256027	Sirumugai	Tamil Nadu	11.3214	77.0052	20066	Sirumugal
10337414	Singanuram	Telangana	18.8222	79.5017	20061	Singapur
1273166	Dergaon	Assam	26.7000	93.9667	20059	
10792592	Cheppad	Kerala	9.2346	76.4733	20052	
1266649	Khowai	Tripura	24.0796	91.5997	20046	
1270863	Govardhan	Uttar Pradesh	27.4966	77.4626	20044	Gobardhan|Govardkhan
1257259	Saraipali	Chhattisgarh	21.3153	83.0063	20043	Saraipaili
11184590	Paravai	Tamil Nadu	9.9645	78.0667	20042	
1267121	Khalari	Jharkhand	23.6506	85.0074	20010	Khelari
1258292	Raya	Uttar Pradesh	27.5561	77.7897	20008	Raja
1257093	Sawar	Rajasthan	25.7557	75.2229	20000	
1260615	Pamuru	Andhra Pradesh	15.0963	79.4117	20000	Pamur
6324621	Powai	Maharashtra	19.1164	72.9047	20000	
1276502	Belonia	Tripura	23.2518	91.4541	19996	Beloniya
1255212	Takhatpur	Chhattisgarh	22.1291	81.8696	19968	Takkhatpur
1255482	Sullya	Karnataka	12.5610	75.3874	19958	Sullia|Sullija|Sulya
1276092	Bhusawar	Rajasthan	27.0389	77.0485	19946	Bhasawar
12519678	Chunchupally	Telangana	17.5233	80.6041	19944	
1274560	Charthawal	Uttar Pradesh	29.5469	77.5944	19942	
1255995	Siswa Bazar	Uttar Pradesh	27.1465	83.7580	19939	
1275499	Birpur	Bihar	26.5082	87.0119	19932	
13353516	Kandalloor	Kerala	9.1756	76.4713	19925	
1272985	Dhanaula	Punjab	30.2822	75.5734	19920	
13156769	L.A.Sagaram	Andhra Pradesh	13.9034	79.8906	19904	
13157031	Sarigam INA	Gujarat	20.2885	72.8503	19903	Sarigam
13353515	Kanjiramkulam	Kerala	8.3598	77.0525	19902	
1278508	Anuppur	Madhya Pradesh	23.1034	81.6908	19899	
1262863	Moirang	Manipur	24.4975	93.7779	19893	
11442994	Nattappettai	Tamil Nadu	12.8187	79.7493	19883	
1277590	Bali	Rajasthan	25.1973	73.2912	19880	
1275364	Bokajan	Assam	26.0213	93.7794	19877	Bokajan O. Noajan
1258455	Ranikhet	Uttarakhand	29.6408	79.4323	19873	Rawikhet
11626032	Sirka	Jharkhand	23.6456	85.4333	19871	
11184276	Boriavi	Gujarat	22.6112	72.9328	19865	
1278156	Aurad	Karnataka	18.2540	77.4176	19849	
13494703	Sankaraperi	Tamil Nadu	8.8387	78.1051	19844	
1265709	Kulu	Himachal Pradesh	31.9583	77.1082	19831	Kullu|Kuluo|Sultanpur
13494702	Kalinjur	Tamil Nadu	12.9534	79.1337	19828	
1274393	Chetput	Tamil Nadu	12.4640	79.3484	19827	
10922793	Kolavallur	Kerala	11.7507	75.6199	19817	Kolavelloor
1255788	Sonari	Assam	27.0246	95.0163	19810	
1273206	Deoranian	Uttar Pradesh	28.6299	79.4765	19788	Deorania
1266302	Kolaras	Madhya Pradesh	25.2193	77.6117	19781	
11657280	Chinna Andankovil	Tamil Nadu	10.9511	78.0681	19779	Andankoil East
13157131	Raval	Gujarat	21.9191	69.4818	19777	
1274675	Chandur	Maharashtra	20.8141	77.9801	19776	Chandur Railway
11682149	Kannankurichchi	Tamil Nadu	11.6969	78.1794	19765	Kannankurichi
1267435	Kattanam	Kerala	9.1761	76.5632	19764	
1445378	Ghatkesar	Telangana	17.4508	78.6837	19763	
10453824	Borgaon	Maharashtra	20.7227	78.6039	19759	
1256857	Sendamangalam	Tamil Nadu	11.2811	78.2342	19750	Senthamangalam
1274359	Chhapar	Rajasthan	27.8190	74.4394	19744	
1253972	Udangudi	Tamil Nadu	8.4292	78.0297	19738	Udankudi
1466093	Tirumeshi	Tamil Nadu	13.0534	80.0600	19733	Thirumazhisai
1267239	Kerur	Karnataka	16.0138	75.5463	19731	
11655546	Verukulambu	Tamil Nadu	8.2953	77.2939	19730	Verkilambi
1256720	Shahpur	Madhya Pradesh	21.2374	76.2256	19719	
1268961	Jhinjhana	Uttar Pradesh	29.5212	77.2247	19711	
1265670	Kumbhraj	Madhya Pradesh	24.3734	77.0484	19707	
1277012	Bareja	Gujarat	22.8486	72.5914	19690	
1253127	Vadakku Viravanallur	Tamil Nadu	8.6979	77.5192	19689	Viravanallur
10922760	Mokeri	Kerala	11.7776	75.5731	19684	
1257503	Samrala	Punjab	30.8360	76.1932	19678	
1268772	Junagarh	Chhattisgarh	19.8599	82.9339	19656	
12522811	Nalco	Odisha	20.8654	85.1828	19644	
8740814	Badi	Madhya Pradesh	23.0367	78.0842	19603	
13494749	Charipara	Tripura	23.8091	91.2481	19598	
11184460	Resubelpara	Meghalaya	25.9040	90.6075	19595	
1268344	Kalmeshwar	Maharashtra	21.2322	78.9199	19578	
1443367	Jharoda Kalan	Delhi	28.6526	76.9521	19578	
1264989	Lawar Khas	Uttar Pradesh	29.1109	77.7777	19556	Lawar
1255625	Sriramnagar	Telangana	17.2665	78.2554	19550	Sri Rama Nagar
1260050	Pattan	Jammu and Kashmir	34.1613	74.5563	19538	Patan
11655540	Mulakumud	Tamil Nadu	8.2681	77.2860	19538	Mulagumudu
1277918	Bagbahra	Chhattisgarh	21.0461	82.3864	19529	Bagbahara
1253105	Visavadar	Gujarat	21.3395	70.7497	19515	Visavedar
1259647	Pinahat	Uttar Pradesh	26.8849	78.3765	19511	
1259917	Pennadam	Tamil Nadu	11.4039	79.2416	19494	
1262115	Nainwa	Rajasthan	25.7715	75.8498	19485	Naenwa|Nainva
13156768	Rameswaram	Andhra Pradesh	14.7401	78.5426	19483	
1269227	Jansath	Uttar Pradesh	29.3250	77.8504	19467	
12501480	Santrampur	Gujarat	23.1902	73.8953	19465	
1258164	Richha	Uttar Pradesh	28.6947	79.5228	19459	
1276013	Bhayavadar	Gujarat	21.8552	70.2479	19458	Bhaya nadar|Bhayaradar|Bhayawadar
7302860	Aistala	West Bengal	23.1800	88.5800	19425	
13494701	Methukummal	Tamil Nadu	8.3075	77.1521	19417	
1271613	Gannavaram	Andhra Pradesh	16.5409	80.8021	19410	
1278899	Amarpatan	Madhya Pradesh	24.3137	80.9770	19409	
1255858	Sojitra	Gujarat	22.5388	72.7198	19403	
1256124	Singur	West Bengal	22.8092	88.2294	19402	
1256176	Singarayakonda	Andhra Pradesh	15.2305	80.0279	19400	Singaraya Konda Pagoda
10933954	Punnayur	Kerala	10.6521	75.9951	19387	Punnayurkulam
1266178	Konnur	Karnataka	16.2014	74.7489	19386	
1252885	Weir	Rajasthan	27.0186	77.1764	19385	
1261736	Narwar	Madhya Pradesh	25.6439	77.9129	19385	
1252892	Wazirganj	Uttar Pradesh	28.2114	79.0567	19372	
1268566	Kakdwip	West Bengal	21.8791	88.1913	19368	
1255056	Tamenglong	Manipur	25.0164	93.4855	19363	
13353678	Jalochi	Maharashtra	18.1566	74.6071	19346	
1264356	Maholi	Uttar Pradesh	27.6637	80.4737	19343	
10548728	Kaimur	Madhya Pradesh	24.0544	80.6136	19343	Kymore
1275614	Bilhaur	Uttar Pradesh	26.8435	80.0639	19333	
13156767	Mangalam	Andhra Pradesh	13.6575	79.4626	19318	
13157000	Raja Pur Khurd	Delhi	28.6352	77.0330	19312	
1267065	Khanapur	Karnataka	15.6397	74.5085	19309	
11664417	Tiruppalai	Tamil Nadu	9.9779	78.1329	19305	Thiruppalai
1261375	Nimaparha	Odisha	20.0576	86.0044	19289	Nimapara
1275066	Burhar	Madhya Pradesh	23.2149	81.5320	19289	Burkhar
1273228	Deoli	Maharashtra	20.6492	78.4802	19288	
1273132	Devadanapatti	Tamil Nadu	10.1467	77.6439	19285	Devadanappatti
1270454	Hamirpur	Himachal Pradesh	31.6841	76.5251	19280	
1265208	Laksar	Uttarakhand	29.7587	78.0415	19270	
11487287	Vakkam	Kerala	8.6845	76.7675	19267	Vakkom
13353514	Ezhome	Kerala	12.0300	75.2819	19261	
13494700	Ammainaickanur	Tamil Nadu	10.1671	77.9132	19257	
1267222	Kesinga	Odisha	20.1878	83.2195	19239	
1274351	Chhaprauli	Uttar Pradesh	29.2099	77.1745	19224	
1257191	Sardulgarh	Punjab	29.6922	75.2361	19219	
1465621	Maduraivayal	Tamil Nadu	13.0631	80.1719	19208	Vanagaram
1270036	Hirekerur	Karnataka	14.4551	75.3952	19191	
1265910	Kottayam	Kerala	11.8252	75.5478	19176	Kotayem
1256616	Shehera	Gujarat	22.9508	73.6312	19175	
1255346	Surianwan	Uttar Pradesh	25.4639	82.4192	19157	
10263096	Rijokri	Delhi	28.5139	77.1151	19148	Harjokri|Rajokri
1268678	Kadikkad	Kerala	10.6705	75.9797	19147	
8541454	Biswanath Chariali	Assam	26.7258	93.1466	19145	Bishnath
1256773	Siwani	Haryana	28.9091	75.6147	19143	Sewani
1269976	Honnavar	Karnataka	14.2809	74.4450	19109	Honavar|Honawar|Honore|Onore
10527154	Torur	Telangana	17.5835	79.6586	19100	Thorrur
13494699	Jalladiampet	Tamil Nadu	12.9203	80.2081	19100	
13156999	Mir Pur Turk	Delhi	28.7049	77.2642	19098	
1275905	Bhitarwar	Madhya Pradesh	25.7922	78.1108	19096	
13494698	Kallukuttam	Tamil Nadu	8.1887	77.2878	19093	
11039180	Chautapal	Telangana	17.2580	78.8978	19092	Choutuppal
1278458	Arang	Chhattisgarh	21.1964	81.9691	19091	
1272839	Dharmkot	Punjab	30.9456	75.2324	19057	
8581647	Kirandul	Chhattisgarh	18.6365	81.2583	19053	
1266000	Kothakota	Telangana	16.3800	77.9400	19042	Kothkoota
1267537	Katangi	Madhya Pradesh	23.4412	79.7962	19040	Nagra Katangi
1278774	Amlagora	West Bengal	22.8462	87.3356	19038	
11185601	Karthikappally	Kerala	9.2568	76.4487	19021	
1278534	Anshing	Maharashtra	20.0409	77.3150	19000	Ansing
1260313	Parichhatgarh	Uttar Pradesh	28.9784	77.9342	18990	
11655515	Tiruvattar	Tamil Nadu	8.3307	77.2673	18985	Thiruvattar
1267231	Kesariya	Bihar	26.3499	84.8709	18984	Kesaria
1275836	Bhor	Maharashtra	18.1486	73.8434	18982	
13353513	Kadachira	Kerala	11.8369	75.4490	18979	
1265716	Kulpahar	Uttar Pradesh	25.3201	79.6393	18976	
1259222	Punjai Puliyampatti	Tamil Nadu	11.3516	77.1667	18967	
13494585	Khariar Road	Odisha	20.8987	82.5089	18967	
10878484	Kunnimangalam	Puducherry	12.0735	75.2412	18965	
1266872	Kharsia	Chhattisgarh	21.9895	83.1048	18939	
1262140	Nahorkatiya	Assam	27.2860	95.3280	18937	Naharkativa|Naharkatiya
1262553	Mulgund	Karnataka	15.2807	75.5213	18928	
1266731	Khilchipur	Madhya Pradesh	24.0394	76.5780	18928	
10166426	Kansapur	Haryana	30.1455	77.2663	18909	Kansepur
10849677	Somandepalle	Andhra Pradesh	14.0077	77.6085	18895	
13156766	Sriramnagar	Andhra Pradesh	18.2833	83.5342	18893	
1270718	Gummidipundi	Tamil Nadu	13.4077	80.1088	18891	Gumidipoondi|Gummudipundi
1266448	Koath	Bihar	25.3264	84.2598	18890	
11463857	Marturu	Kerala	10.1717	76.4264	18890	Mattoor
1263937	Manchar	Maharashtra	19.0044	73.9435	18876	
1256713	Shahpur	Uttar Pradesh	29.3501	77.5516	18874	Shakhpura
1263567	Marahra	Uttar Pradesh	27.7368	78.5689	18873	
1262510	Mundgod	Karnataka	14.9714	75.0366	18866	
1274265	Chicholi	Maharashtra	21.4693	79.7015	18864	
13156998	Bhati	Delhi	28.4295	77.2257	18864	
1264007	Malvan	Maharashtra	16.0598	73.4629	18858	Malwan
1260868	Pahasu	Uttar Pradesh	28.1722	78.0638	18854	
8741091	Lateri	Madhya Pradesh	24.0609	77.4104	18844	
8442529	Tadikombu	Tamil Nadu	10.4390	77.9546	18838	Thadikombu
1276888	Chhipa Barod	Rajasthan	24.6236	76.7078	18837	Barod|Chhipa
1279135	Akbarpur	Uttar Pradesh	26.3837	79.9493	18835	
9161141	Maithon	Jharkhand	23.7800	86.8100	18830	
13157130	Chhiri	Gujarat	20.3778	72.9411	18829	
1258449	Ranipur	Uttar Pradesh	25.2503	79.0620	18820	
1264047	Mallasamudram	Tamil Nadu	11.4933	78.0312	18820	
13353434	Gadhra	Jharkhand	22.7467	86.2455	18801	
13157129	Solsumba	Gujarat	20.1575	72.7891	18796	
1274674	Chandur Bazar	Maharashtra	21.2385	77.7471	18780	
1255816	Sompeta	Andhra Pradesh	18.9442	84.5845	18778	
1271676	Gangapur	Rajasthan	25.2195	74.2603	18777	
13157128	Chanod	Gujarat	20.3467	72.9283	18776	
1277200	Banur	Punjab	30.5541	76.7195	18775	
11184592	Paranda	Maharashtra	18.2632	75.4632	18758	
1268785	Shadipur Julana	Haryana	29.1237	76.4052	18755	Julana|Julana Shadipur
11461746	Rakkiyapalaiyam	Tamil Nadu	11.1061	76.9425	18749	Kurudampalayam
11678976	Kammivapettai	Tamil Nadu	11.7530	79.7457	18745	Padirikuppam
1278742	Amod	Gujarat	21.9932	72.8705	18742	Broach
1258501	Rangapara	Assam	26.8377	92.6688	18739	
1261998	Nanauta	Uttar Pradesh	29.7122	77.4173	18738	Phuta Shahr
1258278	Raybag	Karnataka	16.4918	74.7739	18736	Raybagh
1265607	Kundgol	Karnataka	15.2561	75.2473	18726	
1262444	Murbad	Maharashtra	19.2539	73.3899	18725	
1254329	Tiruvankod	Tamil Nadu	8.2452	77.3010	18723	Thiruvithamcode|Tiruvancode|Tiruvidamkodu|Tiruvithancode
1264795	Lonand	Maharashtra	18.0404	74.1872	18723	
1253782	Una	Himachal Pradesh	31.4649	76.2691	18722	
10689661	Palda	Madhya Pradesh	22.6800	75.8939	18697	
1270509	Haldaur	Uttar Pradesh	29.2899	78.2844	18686	
1348562	Srirampur	West Bengal	22.9485	88.0195	18682	
1263826	Mandvi	Gujarat	21.2553	73.3041	18669	
1253512	Valabhipur	Gujarat	21.8887	71.8794	18663	Vala|Vallabhipur
10436800	Kardhan	Haryana	30.3177	76.8660	18662	
1268501	Kalayat	Haryana	29.6766	76.2556	18660	Kalait
13353512	Kurumathur	Kerala	12.0397	75.4114	18641	
13100428	Kim	Gujarat	21.4008	72.9268	18638	
13494697	Mamsapuram	Tamil Nadu	9.4996	77.5879	18635	
13353511	Mangattidam	Kerala	11.8433	75.5437	18627	
1256260	Silvani	Madhya Pradesh	23.3026	78.4408	18623	Silwani
1254012	Tyagadurgam	Tamil Nadu	11.7411	79.0770	18605	Thiagadurgam
1266862	Kharupatia	Assam	26.5184	92.1472	18599	Kharupatia Ghat
13494696	Palappallam	Tamil Nadu	8.2095	77.2476	18589	
11664942	Palaiyampatti	Tamil Nadu	9.5392	78.0984	18576	
13156765	Nadim Tiruvuru	Andhra Pradesh	17.1121	80.6088	18567	
13353433	Jadugora	Jharkhand	22.6536	86.3560	18563	
1272177	Durgapur	Maharashtra	20.0054	79.3027	18561	
1275804	Bhoom	Maharashtra	18.4591	75.6588	18561	Bhum|Bkhum
1276353	Bhadaur	Punjab	30.4765	75.3305	18561	
10776734	Chandili	Odisha	19.2466	83.4058	18552	
1259818	Phalauda	Uttar Pradesh	29.1882	77.8300	18545	Phalawda|Pkhalauda
10689554	Bank	Madhya Pradesh	22.7030	75.8039	18534	
1270291	Harpalpur	Madhya Pradesh	25.2877	79.3328	18529	
1258592	Rampura	Madhya Pradesh	24.4670	75.4400	18495	
1268846	Jogipet	Telangana	17.8356	78.0681	18494	Joqipet
12196119	Alang	Gujarat	21.3988	72.1754	18480	
1276927	Barka Kana	Jharkhand	23.6212	85.4675	18475	
1253634	Uttangarai	Tamil Nadu	12.2671	78.5378	18470	Uttangaral
1273153	Deshnoke	Rajasthan	27.7984	73.3430	18470	Deshnok
1264195	Mukandgarh	Rajasthan	27.9521	75.2243	18469	Makundgarh
10469677	Chicholi	Maharashtra	21.2664	79.1156	18469	
1256955	Savli	Gujarat	22.5619	73.2232	18467	Sauli
1254249	Tondi	Tamil Nadu	9.7417	79.0177	18465	Thondi
10910171	Kannapuram	Kerala	11.9843	75.3041	18459	
1259361	Pottanur	Tamil Nadu	11.1098	77.9888	18455	
1260938	Padampur	Rajasthan	29.7089	73.6254	18454	
1270824	Gubbi	Karnataka	13.3122	76.9410	18446	
1253772	Unchahra	Madhya Pradesh	24.3825	80.7809	18442	
1276885	Baroda	Madhya Pradesh	25.5000	76.6500	18437	Badoda
1267116	Khali Kachigam	Dadra and Nagar Haveli and Daman and Diu	20.3833	72.8667	18434	Calicaxigao|Kachigam
1262013	Namrup	Assam	27.1940	95.3193	18432	
1261512	Neral	Maharashtra	19.0248	73.3169	18429	
10704820	Sirgitti	Chhattisgarh	22.0471	82.1487	18428	
1263900	Mandapam	Tamil Nadu	9.2757	79.1236	18427	
1278969	Along	Arunachal Pradesh	28.1695	94.8006	18425	
1266051	Kota	Chhattisgarh	22.2951	82.0237	18405	
1262794	Moram	Maharashtra	17.7881	76.4708	18371	Murum
10261502	Kadipur	Delhi	28.7740	77.1631	18369	Qadi Pur
1274284	Chhoti Sadri	Rajasthan	24.3815	74.7012	18360	
11463882	Vazhakulam	Kerala	10.0938	76.4198	18358	
1271871	Fort Gloster	West Bengal	22.5044	88.1833	18350	
12524323	Seppa	Arunachal Pradesh	27.3617	93.0399	18350	
1264248	Majhiaon Kalan	Jharkhand	24.3243	83.8161	18349	Majhiaon
1254694	Thakurganj	Bihar	26.4274	88.1311	18348	
1262073	Naldurg	Maharashtra	17.8167	76.2818	18341	Naldrug
1254624	Thasra	Gujarat	22.7983	73.2117	18337	
8740328	Bada Malhera	Madhya Pradesh	24.5641	79.3071	18335	
1268545	Kakori	Uttar Pradesh	26.8680	80.7857	18332	
1274414	Cheranmahadevi	Tamil Nadu	8.6755	77.5696	18327	Cheranmadevi|Sermadevi
1279061	Alangayam	Tamil Nadu	12.6224	78.7521	18327	
1274394	Chetput	Tamil Nadu	13.0700	80.2408	18326	Chetpat|Chetpet|Madras Chetput
1258658	Ramjibanpur	West Bengal	22.8282	87.6089	18318	
10896944	Hutagalli	Karnataka	12.3417	76.5863	18308	
1269927	Howli	Assam	26.4224	90.9800	18301	
1273756	Daboh	Madhya Pradesh	26.0024	78.8766	18298	
11184400	Talod	Gujarat	23.3514	72.9500	18298	
13494695	Palugal	Tamil Nadu	8.3536	77.1859	18276	
13494694	Inam Maniyachi	Tamil Nadu	9.1706	77.8512	18258	
1271286	Ghogardiha	Bihar	26.2799	86.4700	18257	
11439700	Vengikkal	Tamil Nadu	12.2642	79.0674	18244	
1253984	Udaipura	Madhya Pradesh	23.0743	78.5111	18236	
1276600	Behat	Uttar Pradesh	30.1718	77.6139	18223	Bekhat
10878435	Trikarpur North	Kerala	12.1458	75.1748	18210	North Thrikkaripur
1266744	Khetri	Rajasthan	28.0007	75.7864	18209	
1442266	Kheri Nangal	Haryana	29.3544	76.9774	18195	
13353677	Pasthal	Maharashtra	19.8202	72.7296	18194	
1267745	Kariapatti	Tamil Nadu	9.6751	78.0999	18191	Kariyapatti|Kariyapattinam
1254709	Tezu	Arunachal Pradesh	27.9126	96.1288	18184	Teju|Teju Basha
1271396	Gairtganj	Madhya Pradesh	23.4102	78.2208	18184	Gairatganj|Ghairatganj
1269441	Jalali	Uttar Pradesh	27.8668	78.2527	18177	
1271464	Gaurela	Chhattisgarh	22.7545	81.9011	18165	Gaurella
8199699	Singampunari	Tamil Nadu	10.1862	78.4150	18143	Singampuneri
11185885	Moonak	Punjab	29.8253	75.8906	18141	
13353510	Palayad	Kerala	11.5505	75.6289	18141	
1253219	Vettaikkaranpudur	Tamil Nadu	10.5621	76.9130	18128	Vettagaranpudur|Vettakkaranpudur
1259709	Pichor	Madhya Pradesh	25.1756	78.1886	18127	Pichhore
10263054	Bakarwala	Delhi	28.6678	77.0201	18122	Bakkar Wala
10846576	Koipadi	Kerala	12.5930	74.9626	18121	
10941132	Machai	Karnataka	15.7926	74.4841	18073	Machche
11463524	Namminikara	Kerala	10.4322	76.2542	18067	Nenmenikkara
11656566	Eruvadi	Tamil Nadu	8.4439	77.6044	18067	
1254640	Thara	Gujarat	23.9734	71.8192	18060	
1269026	Jhalida	West Bengal	23.3654	85.9764	18057	
1271923	Fatehgarh Churian	Punjab	31.8643	74.9566	18051	Chaurian Fatehgarh
13353676	Aurangabad Cantonment	Maharashtra	19.8761	75.2916	18051	
10925009	Kunnummal	Kerala	11.6832	75.7108	18031	
13353509	Kattur	Kerala	10.3732	76.1668	18017	
1253595	Vadamadurai	Tamil Nadu	10.4408	78.0978	18015	Vada-Madura
1254373	Tirumala	Andhra Pradesh	13.6833	79.3500	18013	Upper Tirupati
1275882	Bhogpur	Punjab	31.5544	75.6427	18008	Bhogpur Sirwal
10922736	Patiriyat	Kerala	11.8490	75.5147	18008	Pathiriyad
10888572	Satyamangala	Karnataka	13.0193	76.1243	18002	
1276054	Bhattiprolu	Andhra Pradesh	16.1026	80.7807	18001	
1276938	Barjala	Tripura	23.6182	91.3560	17998	
13494693	Nalloor	Tamil Nadu	8.3064	77.2240	17989	
1256070	Sir Muttra	Rajasthan	26.5150	77.3721	17988	Sarmathura
1264368	Mahishadal	West Bengal	22.1862	87.9807	17988	
1348739	Dumjor	West Bengal	22.6199	88.2457	17972	Domjur
1269625	Jadcherla	Telangana	16.7738	78.1367	17958	Jedcherla
1261242	Noamundi	Jharkhand	22.1609	85.5042	17954	
13157127	Barwala	Gujarat	22.2198	72.0675	17951	
1261839	Narauli	Uttar Pradesh	28.4855	78.7148	17945	
1278345	Arukutti	Kerala	9.8667	76.3500	17944	
1261382	Nilokheri	Haryana	29.8367	76.9319	17938	Nilokeri|Nilokhera|Nilu Kheri
6941937	Murudeshwara	Karnataka	14.0943	74.4845	17938	Murudeshvara
1261714	Nateputa	Maharashtra	17.8989	74.7522	17930	
1269970	Honnali	Karnataka	14.2398	75.6451	17928	
13156907	Titabor Town	Assam	26.5919	94.1945	17920	
1257528	Samdari	Rajasthan	25.8130	72.5788	17915	
10263234	Saiyad-ul-ajaib	Delhi	28.5192	77.2035	17914	Saidul Azaib
1259296	Pudunagaram	Kerala	10.6802	76.6836	17892	Pudunagram|Puthunagaram
1276653	Bayad	Gujarat	23.2234	73.2149	17886	Baad
1253578	Vadlapudi	Andhra Pradesh	14.3112	79.8043	17881	
11184277	Kanjari	Gujarat	22.6124	72.9211	17881	
1275925	Bhindar	Rajasthan	24.5023	74.1855	17878	
10941133	Piranvadi	Karnataka	15.8020	74.4801	17874	Peeranwadi
8948694	V.S.K.Valasai (Dindigul-Dist.)	Tamil Nadu	10.3155	78.1514	17865	V.S.K.Valasai
1270437	Handia	Uttar Pradesh	25.3638	82.1865	17861	
11333814	Avalepalli	Tamil Nadu	12.7714	77.8594	17859	
11203608	Narasimhanaickenpalayam	Tamil Nadu	11.1173	76.9363	17858	Narasimhanaicken-palayam
13494692	Adiyanuthu	Tamil Nadu	10.3308	77.9812	17851	
1257260	Sarai Mir	Uttar Pradesh	26.0270	82.9184	17849	Khud Kashta
1254198	Tral	Jammu and Kashmir	33.9271	75.1158	17844	
10815768	Akalkuva	Maharashtra	21.5543	74.0192	17840	Akkalkuwa|Makranifali
1275977	Bhikhi	Punjab	30.0592	75.5350	17825	
11658143	Silappadi	Tamil Nadu	10.3940	78.0078	17824	
11660715	Kulattuppalaiyam	Tamil Nadu	10.7613	77.5842	17819	Kolathupalayam
11500549	Ramachettipalaiyam	Tamil Nadu	10.9582	76.9201	17809	Perur Chettipalayam
1275619	Bilgi	Karnataka	16.3471	75.6180	17792	Bilg
1262266	Nagamangala	Karnataka	12.8194	76.7546	17776	
1256715	Shahpur	Bihar	25.6029	84.4041	17767	
1273593	Damnagar	Gujarat	21.6923	71.5175	17766	
13353508	Manalur	Kerala	10.4929	76.1027	17757	
13157126	Ambaji	Gujarat	24.3317	72.8456	17753	
1268007	Kannod	Madhya Pradesh	22.6676	76.7429	17744	
13156906	Jagiroad	Assam	26.1202	92.1977	17739	
11184587	Patdi	Gujarat	23.1960	71.7917	17725	
1264344	Mahudha	Gujarat	22.8208	72.9403	17722	
11677688	Chettinayakkanpatti	Tamil Nadu	10.3940	77.9754	17701	Chettinaickenpatti
1270884	Gotan	Rajasthan	26.6555	73.7371	17700	Gothan
11520272	Mangalam	Tamil Nadu	11.1005	77.2712	17699	
1259965	Peddanayakkanpalaiyam	Tamil Nadu	11.6510	78.5087	17678	Pethanaickenpalayam
10250933	Bhuwana	Rajasthan	24.6214	73.7082	17665	
13494691	Kothanallur	Tamil Nadu	8.2791	77.3096	17662	
1277515	Balugan	Odisha	19.7333	85.2167	17645	Balugaon
10168655	Kherli	Rajasthan	27.2736	76.9861	17634	
1259026	Rahimatpur	Maharashtra	17.5921	74.1997	17633	Rahunatpur|Rakhimatpur
11661969	Nangavaram	Tamil Nadu	10.8692	78.5392	17629	
1260916	Padmapur	Odisha	21.0000	83.0667	17625	
1259592	Pipili	Odisha	20.1136	85.8315	17623	Pipli
1253087	Vittal	Karnataka	12.7632	75.0990	17618	Vitla
11463634	Koratti	Kerala	10.2660	76.3477	17618	
1256483	Shirhatti	Karnataka	15.2335	75.5800	17610	
1273098	Devgarh	Rajasthan	25.5253	73.9081	17604	Deogarh
1276982	Bargi	Madhya Pradesh	22.9914	79.8755	17588	
1269183	Jarwal	Uttar Pradesh	27.1629	81.5418	17576	
1261451	Nichlaul	Uttar Pradesh	27.3125	83.7253	17567	
1268032	Kanke	Jharkhand	23.4348	85.3206	17560	
12519184	Vazhapadi	Tamil Nadu	11.6554	78.4012	17559	
1279383	Achhibal	Jammu and Kashmir	33.6841	75.2184	17556	Acchabal|Achabal|Achhabal|Achhawal|Achhiwal
1260417	Papanasam	Tamil Nadu	10.9269	79.2706	17548	Pavanasi
1258972	Raipur	Rajasthan	26.0426	74.0237	17537	
1266390	Kodoli	Maharashtra	16.8764	74.1909	17537	
1255224	Tajpur	Uttar Pradesh	29.1624	78.4846	17529	
1277273	Banki	Odisha	20.3791	85.5295	17521	Bankigarh
11680678	Settiyarpatti	Tamil Nadu	9.3935	77.4935	17520	Chettiarpatti
1261186	North Guwahati	Assam	26.1975	91.7202	17516	North Gauhati
1264557	Madhuban	Bihar	26.4386	85.1357	17510	
1269153	Jatara	Madhya Pradesh	25.0096	79.0487	17499	
1277426	Banapur	Odisha	19.7789	85.1703	17499	Banpur
1260734	Palera	Madhya Pradesh	25.0201	79.2282	17493	
1269731	Indri	Haryana	29.8800	77.0597	17487	Ramgarh
10704815	Bodri	Chhattisgarh	22.0235	82.1136	17481	
1259916	Pennagaram	Tamil Nadu	12.1343	77.8953	17480	
11463832	Kallur Tekkumuri	Kerala	10.2401	76.3236	17480	
11655802	Dharmapuram	Tamil Nadu	8.1203	77.3890	17476	
1273181	Depalpur	Madhya Pradesh	22.8510	75.5422	17474	
1262491	Mundwa	Rajasthan	27.0631	73.8230	17465	
10263042	Auhammadpur Majri	Delhi	28.7292	77.0383	17462	Mohammad Pur Majri
10778957	Tadigadapa	Andhra Pradesh	16.4713	80.6970	17462	
1273858	Calangute	Goa	15.5439	73.7553	17446	Kalangut
1257268	Sarai Akil	Uttar Pradesh	25.3789	81.5104	17443	
1261279	Nisang	Haryana	29.6923	76.7546	17438	Nissing
6619512	Panoor	Kerala	11.7594	75.5784	17438	
1278808	Amet	Rajasthan	25.3061	73.9258	17434	
13494595	Bareta	Punjab	29.8635	75.6964	17432	
11463506	Puthur	Kerala	10.4874	76.2793	17430	
12518878	Kavisuryanagar	Odisha	19.5815	84.7601	17430	
1270190	Hat Piplia	Madhya Pradesh	22.7695	76.2999	17419	Hatpiplya
1275793	Bhundsi	Haryana	28.3505	77.0614	17410	Bhondsi
1261810	Naregal	Karnataka	15.5732	75.8080	17403	
11628557	Bermo	Jharkhand	23.7878	85.9353	17401	
13156958	Khongapani	Chhattisgarh	23.1912	82.1626	17400	
1277897	Bagdogra	West Bengal	26.6993	88.3118	17372	Baghdogra
1269752	Indergarh	Uttar Pradesh	26.9352	79.6712	17366	
1265041	Lasalgaon	Maharashtra	20.1427	74.2395	17360	
11578914	Periyakottai	Tamil Nadu	10.5909	77.2797	17356	
1259773	Phirangipuram	Andhra Pradesh	16.2908	80.2623	17335	
10933952	Edakkazhiyur	Kerala	10.6228	75.9965	17335	
10469865	Narsala	Maharashtra	21.0897	79.1359	17330	
13494690	Keezhkulam	Tamil Nadu	8.2307	77.1863	17327	
1269439	Jalalpore	Gujarat	20.9490	72.8983	17325	Jalalpur|Surat
1274369	Chhala	Gujarat	23.3078	72.7740	17323	
11661417	Sivagirippatti	Tamil Nadu	10.4502	77.5303	17306	
1278216	Athagarh	Odisha	20.5200	85.6296	17304	Athagad|Athgarh
1265233	Lakhnadon	Madhya Pradesh	22.6005	79.6009	17302	
1255082	Talwandi Bhai	Punjab	30.8558	74.9298	17285	
1255213	Takhatgarh	Rajasthan	25.3224	73.0049	17285	Takkhatgarkh
1262546	Mulki	Karnataka	13.0910	74.7935	17274	
11655528	Kattatturai	Tamil Nadu	8.2849	77.2755	17271	
1276151	Bhanpuri	Chhattisgarh	21.0919	80.9322	17270	
1265742	Kulasegaram	Tamil Nadu	8.3632	77.2978	17267	Kulasekharam
10705043	Deori	Chhattisgarh	22.0990	82.2664	17265	
1261402	Nilagiri	Odisha	21.4624	86.7679	17264	Nilgiri|Raj Nilgiri
11520308	Mannarai	Tamil Nadu	11.1172	77.3726	17261	
1269602	Jagalur	Karnataka	14.5196	76.3392	17257	
1279154	Ajara	Maharashtra	16.1160	74.2110	17257	Ajra
11661831	Bhikshandarkovil	Tamil Nadu	10.8827	78.7046	17257	Pichandarkovil
11520026	Palangarai	Tamil Nadu	11.1978	77.3058	17248	
1253132	Virajpet	Karnataka	12.1964	75.8051	17246	Virarajendrapet
1261771	Narnaund	Haryana	29.2205	76.1428	17242	
11522093	Pudur	Tamil Nadu	11.4360	77.6760	17240	Mettunasuvanpalayam
1277514	Balugaon	Odisha	20.1784	85.1133	17238	
10910231	Iriveri	Kerala	11.8559	75.4736	17231	
1275589	Bilthra	Uttar Pradesh	26.1271	83.8915	17228	Belthara|Bilthar
1278973	Alnavar	Karnataka	15.4273	74.7411	17228	
1278692	Anaimalai	Tamil Nadu	10.5830	76.9344	17208	Anaimalais|Anamalai|Anamalais
1270612	Guru Har Sahai	Punjab	30.7086	74.4041	17192	
11184398	Tangla	Assam	26.6569	91.9138	17183	
1263142	Mendarda	Gujarat	21.3211	70.4408	17166	
1255131	Taleigao	Goa	15.4692	73.8328	17148	
1269126	Jawad	Madhya Pradesh	24.5992	74.8626	17129	
1253628	Uttarkashi	Uttarakhand	30.7299	78.4434	17123	Barahat
13353432	Basukinath	Jharkhand	24.3945	87.0864	17123	
1258876	Rajgarh	Madhya Pradesh	22.6782	74.9448	17113	
11186287	Ayyalur	Tamil Nadu	10.4818	78.1564	17100	
10910197	Kolaccheri	Kerala	11.9763	75.4167	17095	Kolacherry
11656142	Naranammalpuram	Tamil Nadu	8.7599	77.7399	17094	
10910227	Chalakilakakara	Kerala	11.8540	75.4387	17088	Chala
13353462	Shaktinagar	Karnataka	16.3649	77.3586	17088	
1278707	Amroli	Gujarat	21.2508	72.8388	17082	
1274874	Chalala	Gujarat	21.4107	71.1662	17081	
1257567	Samalka	Delhi	28.5350	77.0908	17076	Samalkha|Sambhalka
11484907	Meppadam	Kerala	9.3242	76.4934	17067	Mannar
1465910	Madambakkam	Tamil Nadu	12.8525	80.0467	17058	
1261208	Nongpoh	Meghalaya	25.9023	91.8769	17055	Nongpokh
1348775	Mahiari	West Bengal	22.5883	88.2354	17051	
1261872	Naraina	Rajasthan	26.7907	75.2061	17048	
11500733	Kokotamangalam South	Kerala	9.6795	76.3589	17047	Kokkothamangalam
1254732	Teonthar	Madhya Pradesh	24.9821	81.6419	17039	Teontkhar
1268920	Jigani	Karnataka	12.7861	77.6385	17036	
1261580	Nayagarh	Odisha	20.1288	85.0963	17030	
13156994	Kusum Pur	Delhi	28.5547	77.1573	17028	
10925004	Eravattur	Kerala	11.5801	75.7384	17016	
1261642	Nawabganj	Uttar Pradesh	26.8640	82.1410	17015	
1264504	Maghar	Uttar Pradesh	26.7559	83.1277	17011	Magkhar|Mankar
13353507	Varam	Kerala	11.8996	75.4132	17008	
13353506	Ongallur-I	Kerala	10.8027	76.2185	16998	
1272646	Bicholim	Goa	15.5932	73.9457	16986	Bicholim Town|Cassabe de Bicholim|Dicholi
13156764	Hukumpeta	Andhra Pradesh	16.9887	81.8017	16985	
11655531	Valvachatottam	Tamil Nadu	8.2803	77.2561	16965	Valvaithankoshtam
1275705	Bijaipur	Madhya Pradesh	26.0505	77.3714	16964	Vijaypur
1271538	Garhshankar	Punjab	31.2154	76.1415	16955	Garshankar
1272517	Dirba	Punjab	30.0722	75.9961	16952	
1258425	Ranpur	Gujarat	22.3516	71.7118	16944	Ranpur Kathiawar|Rennur
13494748	Dukli	Tripura	23.7984	91.2964	16941	
1263691	Manjhanpur	Uttar Pradesh	25.5305	81.3757	16939	Mandzhkhanpur
1263057	Mihona	Madhya Pradesh	26.2837	78.9805	16935	Mehona|Mikhona
10431770	Gothara	Rajasthan	28.0662	75.8177	16933	Gothra
1264196	Makum	Assam	27.4865	95.4365	16923	Makum-Junction
1268434	Kalghatgi	Karnataka	15.1831	74.9710	16917	
1255027	Tanakpur	Uttarakhand	29.0740	80.1114	16905	
10922739	Eruvatti	Kerala	11.8062	75.5302	16905	
13494612	Merta Road	Rajasthan	26.7227	73.9176	16905	
13157125	Undera	Gujarat	22.3483	73.1331	16902	
1266814	Khed	Maharashtra	17.7189	73.3969	16892	
1255488	Sultanpur	Punjab	31.2147	75.1960	16877	Sultanpur Lodhi
1265415	Kutiyana	Gujarat	21.6241	69.9849	16877	Kuntiyana|Kurtiyana
1279221	Ahor	Rajasthan	25.3687	72.7804	16867	Ahore
1256100	Siralkoppa	Karnataka	14.3807	75.2501	16864	Siraikoppa
11184427	Sithurajapuram	Tamil Nadu	9.4214	77.7873	16860	
1253454	Vandalur	Tamil Nadu	12.8924	80.0808	16852	
11072202	Moreh	Manipur	24.2508	94.3007	16847	
11463867	Chelamartam	Kerala	10.1371	76.4570	16844	Chelamattom
1274861	Challapalle	Andhra Pradesh	16.1176	80.9314	16841	Challapalli
1266220	Konarka	Odisha	19.8902	86.0976	16834	Kanarak|Konarak|Konark|Swiatynia Surji w Konarak
1271722	Gandevi	Gujarat	20.8121	72.9981	16827	Ganadevi
11655782	Acharipallam Vaniyakudi	Tamil Nadu	8.1743	77.3849	16822	Asaripallam
13353505	Peralassery	Kerala	11.8322	75.4825	16821	
1254000	Bara Uchana	Haryana	29.4675	76.1780	16815	Uchana
1268279	Kamakhyanagar	Odisha	20.9338	85.5449	16810	Murhi
1278393	Arkalgud	Karnataka	12.7617	76.0603	16810	
8740799	Budhni	Madhya Pradesh	22.7866	77.6811	16808	Budni
10910220	Pinarayi	Kerala	11.8049	75.4810	16801	
11345757	Pachchal	Tamil Nadu	12.5112	78.5552	16789	
11663478	Navalpattu	Tamil Nadu	10.7505	78.7763	16788	
13494689	Vathirairuppu	Tamil Nadu	9.6353	77.6389	16784	
1255950	Sivagiri	Tamil Nadu	11.1203	77.7881	16779	
1276666	Bawal	Haryana	28.0718	76.5831	16776	
8432864	Hanumana	Madhya Pradesh	24.7789	82.0960	16771	Hanummana
13353504	Porathissery	Kerala	10.3764	76.2015	16768	
1253481	Vallam	Tamil Nadu	10.7199	79.0598	16758	
1278703	Amta	West Bengal	22.5834	88.0104	16753	
1253610	Vada	Maharashtra	19.6535	73.1481	16750	
1268667	Kadod	Gujarat	21.2172	73.2197	16747	
1253490	Valavanur	Tamil Nadu	11.9209	79.5824	16745	
13157124	Khapat	Gujarat	21.6541	69.6126	16744	
1278073	Babai	Madhya Pradesh	22.7026	77.9349	16741	
1270271	Harsud	Madhya Pradesh	22.0995	76.7342	16736	
13157123	Andada	Gujarat	21.6559	73.0215	16730	
1276437	Beri Khas	Haryana	28.7015	76.5771	16727	Beri
1273171	Dera Mandi	Delhi	28.4360	77.1760	16725	Dera
1463373	Chanaje	Maharashtra	18.8613	72.9526	16714	Chanje
1257530	Samburvadakara	Tamil Nadu	8.9986	77.3876	16709	Sambavar Vadagarai
13494645	Thorapadi	Tamil Nadu	12.8915	79.1238	16700	
8224696	Karingal	Tamil Nadu	8.2363	77.2426	16691	
1262060	Nal Khera	Madhya Pradesh	23.8360	76.2432	16690	Nalkheda|Nalkhera
1259535	Piriyapatna	Karnataka	12.3350	76.1007	16685	
11011454	Nohsa	Bihar	25.5653	85.0560	16680	
1259801	Phaphund	Uttar Pradesh	26.5989	79.4644	16675	
13157122	Sarangpore	Gujarat	21.6359	73.0475	16671	
1278052	Babrala	Uttar Pradesh	28.2642	78.4056	16670	
11556470	Virnur	Tamil Nadu	11.8443	77.8473	16665	Veerakkalpudur
1279181	Ajaigarh	Madhya Pradesh	24.8988	80.2592	16656	
1277776	Baihar	Madhya Pradesh	22.1013	80.5497	16650	Baikhar|Bajkhar
1264085	Malihabad	Uttar Pradesh	26.9222	80.7108	16649	
1268929	Jhusi	Uttar Pradesh	25.4374	81.9055	16642	Pratishthanpur
13157121	Trajpar	Gujarat	22.8157	70.8665	16637	
11500480	Pudusseri	Kerala	10.7582	76.7859	16629	Pudussery Central
11656271	Pattamadai	Tamil Nadu	8.6726	77.5845	16625	
1273793	Cuncolim	Goa	15.1773	73.9939	16623	
1260141	Pathalgaon	Chhattisgarh	22.5566	83.4635	16613	Pathargaon
1277576	Baliguda	Odisha	20.1997	83.9094	16611	Baligurha|Baljiguda|Balliguda
1278278	Asind	Rajasthan	25.7342	74.3328	16611	
1253559	Vaghodia	Gujarat	22.3051	73.4002	16604	Waghoria
1261564	Nazareth	Tamil Nadu	8.5610	77.9721	16584	Nazerath
13494539	Samurou	Manipur	24.7009	93.9033	16582	
13494747	Madhuban	Tripura	23.7815	91.2858	16579	
11679084	Lalpettai	Tamil Nadu	11.3009	79.5561	16561	Lalpet
1257588	Salumbar	Rajasthan	24.1352	74.0444	16557	
1255743	Sonkach	Madhya Pradesh	22.9717	76.3467	16545	Sonkatch
11522068	Jambai	Tamil Nadu	11.4678	77.6434	16522	
10846354	Kotekara	Karnataka	12.7929	74.8722	16505	
10210427	Chandameta	Madhya Pradesh	22.1909	78.7303	16497	
12523494	Kiphire	Nagaland	25.8679	94.7857	16487	
1266838	Khatra	West Bengal	22.9762	86.8546	16484	
10713768	Goraya	Punjab	31.1241	75.7724	16462	
11563175	Sundakkampalaiyam	Tamil Nadu	10.5666	77.2135	16459	Kanakkampalayam
1256205	Sindkhed Raja	Maharashtra	19.9536	76.1264	16434	
1255301	Susner	Madhya Pradesh	23.9467	76.0883	16432	
1276095	Bharwari	Uttar Pradesh	25.5608	81.4916	16411	
13353503	Chendrappini	Kerala	10.3555	76.1282	16404	
10263046	Rani Khera	Delhi	28.7060	77.0258	16402	
1276265	Bhainsdehi	Madhya Pradesh	21.6449	77.6302	16400	Bkhainsdekhi|Bkhajnsdekhi
1268035	Kankauli	Maharashtra	16.2661	73.7122	16398	Kankavali|Kankavli
1271062	Gokavaram	Andhra Pradesh	17.2582	81.8499	16389	Gokaram
1260940	Padampur	Odisha	20.9993	83.0632	16387	Podampur
1273784	Curti	Goa	15.4167	74.0167	16385	
1262034	Nambiyur	Tamil Nadu	11.3581	77.3212	16379	
13494584	Lochapada	Odisha	19.3287	84.8007	16377	
1276978	Bargur	Tamil Nadu	12.5429	78.3573	16366	Barguru
1272878	Dharampuri	Madhya Pradesh	22.1495	75.3444	16363	
1256414	Shopian	Jammu and Kashmir	33.7172	74.8341	16360	Shupiyan|Shupiyon
10256367	Mullanpur	Punjab	30.8546	75.6609	16356	Mullanpur Dakha
11484545	Uttukuli	Tamil Nadu	10.6519	76.9778	16354	Zamin Uthukuli
11031613	Kandari	Maharashtra	21.0608	75.8098	16353	
1267202	Khada	Uttar Pradesh	27.1833	83.8833	16350	
1267776	Kargil	Ladakh	34.5577	76.1262	16338	
1269175	Jasidih	Jharkhand	24.5138	86.6458	16338	
1266029	Kotaparh	Chhattisgarh	19.1426	82.3254	16326	Kotapad|Kotpad
10555146	Tikri Kalan	Delhi	28.6836	76.9701	16313	
1274881	Chakulia	Jharkhand	22.4830	86.7179	16306	Chakuha
1256734	Shahgarh	Madhya Pradesh	24.3136	79.1181	16300	
11463106	Kadamakudi	Kerala	10.0642	76.2456	16295	Kadamakkudy
1278546	Annamalainagar	Tamil Nadu	11.4000	79.7333	16289	Anamalainagar|Annamalai
1278842	Ambasa	Tripura	23.9360	91.8544	16285	Ambassa
8224697	Arumanai	Tamil Nadu	8.3670	77.2433	16283	
1278676	Anandpur	Punjab	31.2393	76.5025	16282	Anandpur Sahib
1261049	Omalur	Tamil Nadu	11.7410	78.0456	16279	
1269850	Hatti	Karnataka	16.1984	76.6604	16278	Hutti
1274422	Chennimalai	Tamil Nadu	11.1638	77.6039	16268	
1264523	Madukkur	Tamil Nadu	10.4810	79.3994	16266	
7302862	Bahula	West Bengal	23.6518	87.1647	16264	
1278090	Ayyampettai	Tamil Nadu	10.9014	79.1798	16263	
1261145	Nuh	Haryana	28.1030	77.0014	16260	
1261767	Naroli	Dadra and Nagar Haveli and Daman and Diu	20.2735	72.9417	16260	Norali|Noroli
8442323	Thimiri	Tamil Nadu	12.8283	79.3079	16246	Timiri
11663358	Ellakkudi	Tamil Nadu	10.8060	78.7503	16244	
1268276	Kamalganj	Uttar Pradesh	27.2618	79.6313	16222	
1275978	Bhikangaon	Madhya Pradesh	21.8676	75.9639	16217	
13494688	Neelagiri	Tamil Nadu	10.7594	79.0934	16197	
1269449	Jalakandapuram	Tamil Nadu	11.6978	77.8730	16184	Jalakantapuram
1462735	Mullanwala	Punjab	31.0619	74.8228	16183	Mallanwala|Mallanwala Khass
1260556	Pandaria	Chhattisgarh	22.2249	81.4099	16165	Pandariya
1254590	Thiruvaiyaru	Tamil Nadu	10.8841	79.1036	16164	Tiruvadi
11556871	Elandakuttai	Tamil Nadu	11.4060	77.7750	16160	Ellandaikuttai
1257313	Sanwer	Madhya Pradesh	22.9742	75.8271	16150	Sawer
11655747	Nallavila	Tamil Nadu	8.2055	77.3444	16138	Nullivilai
11680524	Kamayakkavundanpatti	Tamil Nadu	9.7386	77.3200	16134	Kamayagoundanpatti
1275700	Bijapur	Chhattisgarh	18.7939	80.8160	16129	Bajapur|Byapur
1265402	Kuthalam	Tamil Nadu	11.0743	79.5622	16125	
10910167	Cherukunnu	Kerala	11.9956	75.2872	16111	
11500776	Chengalam	Kerala	9.5966	76.4678	16111	Chengalam South
13494542	Kuda	Nagaland	25.8909	93.7388	16108	
13353502	Chevvoor	Kerala	10.4586	76.2088	16086	
8443029	Vaniyamkulam	Kerala	10.7830	76.3336	16085	Vaniyamkulam- II|Variyamkulam
1254712	Tevaram	Tamil Nadu	9.8967	77.2809	16079	Tawarum|Thevaram
1275966	Bhiloda	Gujarat	23.7676	73.2470	16074	
1256731	Shahi	Uttar Pradesh	28.5502	79.3176	16064	
11627210	Kedia	Jharkhand	23.7945	85.5872	16054	Kedla
1256245	Simga	Chhattisgarh	21.6281	81.7038	16027	
13353501	Kandamkunnu	Kerala	11.8695	75.5808	16025	
1265809	Kudal	Maharashtra	16.0115	73.6887	16015	
1253644	Utnur	Telangana	19.3680	78.7761	16005	
1270082	Hindoria	Madhya Pradesh	23.9034	79.5686	16001	
1276400	Betma	Madhya Pradesh	22.6865	75.6146	15999	
11461741	Vellakkinar	Tamil Nadu	11.0736	76.9566	15998	
11655282	Kappiyara	Tamil Nadu	8.2466	77.2617	15998	
10733995	Balaungi	Punjab	30.7306	76.6937	15982	Balongi
1270522	Hajo	Assam	26.2452	91.5252	15977	Nij Hajo
1264077	Maliya	Gujarat	23.0930	70.7588	15964	Malia|Mallia
1266240	Kombai	Tamil Nadu	9.8475	77.2960	15960	Komebai
10202136	Asara	Uttar Pradesh	29.2471	77.3089	15959	
11185663	Koothappar	Tamil Nadu	10.7971	78.7923	15943	
1253977	Udalguri	Assam	26.7537	92.1021	15935	
1253374	Vaso	Gujarat	22.6608	72.7552	15934	
1274807	Chanasma	Gujarat	23.7147	72.1128	15932	
1275775	Boothapandi	Tamil Nadu	8.2659	77.4461	15931	
11501661	Bharanikavu Tekku	Kerala	9.1849	76.5608	15922	Bharanikkavu
1257940	Rura	Uttar Pradesh	26.4900	79.9011	15908	
10677907	Bunjwah	Jammu and Kashmir	33.1458	75.9479	15899	Bounjwah
1274747	Chandia	Madhya Pradesh	23.6565	80.7091	15891	
10490140	Vijayapuri North	Telangana	16.5853	79.3205	15887	
1267023	Khaniadhana	Madhya Pradesh	25.0298	78.1271	15877	
11557957	Kannampalaiyam	Tamil Nadu	10.9954	77.0990	15868	
1259554	Pipraich	Uttar Pradesh	26.8274	83.5263	15856	
1255620	Srivaikuntam	Tamil Nadu	8.6293	77.9128	15847	
1279407	Abhayapuri	Assam	26.3225	90.6853	15847	
1255425	Sunel	Rajasthan	24.3707	75.9571	15840	
1253754	Unhel	Madhya Pradesh	23.3379	75.5593	15837	
1256003	Sisauli	Uttar Pradesh	29.4139	77.4689	15837	
11463509	Marattakara	Kerala	10.4733	76.2558	15817	Marathakkara
11462894	Vadakkekkad	Kerala	10.6635	76.0033	15811	
1272421	Domchanch	Jharkhand	24.4748	85.6921	15809	
10883966	Molakalumuru	Karnataka	14.7178	76.7468	15797	
11185500	Jalda	Odisha	22.1872	84.8436	15789	
1268863	Jodiya Bandar	Gujarat	22.7167	70.2833	15788	Jodiya
13494583	Dera Colliery Township	Odisha	20.9528	85.1717	15787	
1269990	Holalkere	Karnataka	14.0429	76.1850	15783	Kholalkere
1272229	Dumra	Bihar	26.5671	85.5204	15778	
11664510	Pudukkottai	Tamil Nadu	9.9373	78.0533	15769	Nagamalaipudukottai
1263134	Mennanyam	Kerala	11.5579	75.7596	15768	Menhaniam
1255764	Sonpet	Maharashtra	19.0259	76.4739	15765	Sonepet|Sonepett|Sonpeth
1275558	Binika	Odisha	21.0263	83.8120	15765	Binka
1272829	Dharni	Madhya Pradesh	21.5533	76.8897	15761	
10689453	Bangarda	Madhya Pradesh	22.7592	75.7954	15761	Bangarda Bada
1254663	Thandla	Madhya Pradesh	23.0096	74.5775	15756	
1266631	Khuldabad	Maharashtra	20.0067	75.1924	15749	Rauza
1272053	Elumalai	Tamil Nadu	9.8650	77.6992	15746	
1266746	Khetia	Maharashtra	21.6712	74.5854	15744	Kkhetia
1275814	Bhudgaon	Maharashtra	16.9074	74.5995	15738	Budhgaon
1266598	Khusropur	Bihar	25.4817	85.3849	15731	Khusrupur
10469721	Yerkhera	Maharashtra	21.2165	79.1855	15727	
1266843	Khatima	Uttarakhand	28.9213	79.9707	15714	
1273512	Dapoli	Maharashtra	17.7593	73.1882	15713	Dapoli Camp|Gimhavane
1276939	Bari Sadri	Rajasthan	24.4134	74.4733	15713	
11519456	Kumarapalaiyam	Tamil Nadu	11.5021	77.2555	15706	Ariyappampalayam
13157120	Kabilpor	Gujarat	20.9508	72.9583	15699	
11683679	Periyapatti	Tamil Nadu	11.2052	78.1512	15690	
1445350	Yamjal	Telangana	17.2694	78.5767	15689	Turkayamjal|Yemjal
1259022	Rahon	Punjab	31.0527	76.1191	15676	Rabon
1253606	Vadakancheri	Kerala	10.6604	76.2466	15674	Vadakancheri-Cochin|Vadakkancheri|Wadakkanchery
1277930	Bagar	Rajasthan	28.1878	75.5001	15670	
11679731	Manaveli	Puducherry	11.8909	79.8104	15666	
1263610	Manthani	Telangana	18.6509	79.6650	15661	
13494611	Vidyavihar	Rajasthan	28.3681	75.5840	15644	
13156993	Neb Sarai	Delhi	28.5084	77.2006	15640	
1265239	Lakhipur	Assam	26.0300	90.3061	15633	
13353494	Panangad	Kerala	10.2728	76.1748	15630	
11680409	Chokkanathapuram	Tamil Nadu	9.9921	77.3566	15625	Melachokkanathapuram
8441290	Kamatgi	Maharashtra	16.0779	75.8132	15620	
1266596	Khutar	Uttar Pradesh	28.2031	80.2705	15618	
10253590	Satalkheri	Rajasthan	24.6522	75.9983	15617	
12501197	Maval	Maharashtra	18.7553	73.4443	15612	Kusgaon Budruk
1267617	Kasara	Maharashtra	19.6451	73.4743	15611	Kasara Budruk
1261826	Narayankher	Telangana	18.0341	77.7728	15610	Narayankhed
11677565	Agaram	Tamil Nadu	10.4433	77.9485	15610	
13157119	Baben	Gujarat	21.1373	73.0965	15610	
11522157	Salangaippalaiyam	Tamil Nadu	11.4260	77.5707	15609	Salangapalayam
1278064	Baberu	Uttar Pradesh	25.5471	80.7044	15607	
1273528	Danta	Rajasthan	27.2964	75.1867	15594	
1277955	Badshahpur	Haryana	28.3932	77.0492	15593	
1270335	Haripad	Kerala	9.2836	76.4552	15588	
10877887	Chengala	Kerala	12.4984	75.0503	15588	
9985580	Gulgam	Jammu and Kashmir	34.5500	74.2173	15587	Trehgam
1266433	Kuchinda	Odisha	21.7436	84.3485	15576	Kochinda
1445797	Kompalli	Telangana	17.5450	78.4884	15575	
10701276	Husainpur	Punjab	31.3118	75.3217	15575	
13353675	Kalher	Maharashtra	19.2472	73.0152	15573	
1254214	Tosham	Haryana	28.8699	75.9165	15559	Tosbam
11655584	Ponmana	Tamil Nadu	8.3552	77.3283	15554	
13157118	Sanjan	Gujarat	20.1916	72.8183	15544	
1275593	Bilsanda	Uttar Pradesh	28.2434	79.9514	15538	
1264949	Leteri	Madhya Pradesh	24.0598	77.4086	15519	
1253217	Vettavalam	Tamil Nadu	12.1077	79.2452	15506	
1263714	Mani Majra	Haryana	30.7140	76.8382	15489	
8740787	Kurwai	Madhya Pradesh	24.1172	78.0383	15487	
13494746	Taranagar	Tripura	23.9688	91.3708	15481	
1266070	Kosigi	Andhra Pradesh	15.8551	77.2446	15455	Kesigi|Kosgi
1439850	Brahmanan di Bari	Jammu and Kashmir	32.6440	74.9110	15453	Bari Brahamana
11522441	Tindal	Tamil Nadu	11.3169	77.6742	15440	Thindal
1268310	Kalugumalai	Tamil Nadu	9.1494	77.7057	15423	Kalugumali
1254396	Tirthahalli	Karnataka	13.6883	75.2455	15422	
13494610	Ajeetgarh	Rajasthan	27.4193	75.8214	15414	
1260221	Parvatsar	Rajasthan	26.8860	74.7660	15405	Parbatsar
1268722	Kachhwa	Uttar Pradesh	25.2062	82.7144	15381	
10524011	Ramachandrapuran	Telangana	17.5126	78.2885	15381	Ramachandrapuram BHEL Township
1258619	Rampur	Odisha	21.0735	84.3410	15379	Rairakhol|Ranpur|Redhakhol
1256929	Sayla	Gujarat	22.5493	71.4832	15376	
1256824	Seoni Chhapara	Madhya Pradesh	22.3939	79.5424	15371	Dungaria Chhapara|Seoni
1259158	Purushottampur	Odisha	19.5202	84.8851	15366	Purusottampur
1277841	Bah	Uttar Pradesh	26.8691	78.5939	15359	Bakh
13353500	Kanhirode	Kerala	11.9184	75.4645	15353	
1272367	Dornakal	Telangana	17.4447	80.1491	15350	
1273367	Davorlim	Goa	15.2722	73.9924	15350	
13156763	Morampudi	Andhra Pradesh	16.9800	81.8371	15346	
13157026	Penha de Franca	Goa	15.5170	73.8354	15342	
12523341	Kanchanpur	Tripura	24.0359	92.1996	15341	
1277997	Badgam	Jammu and Kashmir	34.0152	74.7207	15338	Badgom
11657965	Palaiyam	Tamil Nadu	10.7256	78.1354	15336	
13353499	Pappinivattom	Kerala	10.2937	76.1583	15336	
1263015	Mirganj	Uttar Pradesh	28.5401	79.2082	15335	
1265451	Kushalnagar	Karnataka	12.4580	75.9590	15326	Fraserpet
11604574	Darasuram	Tamil Nadu	10.9499	79.3561	15326	Dharasuram
13100431	Sayan	Gujarat	21.3198	72.8817	15324	
1267538	Katangi	Madhya Pradesh	21.7737	79.8051	15321	
10249440	Bhauri	Rajasthan	24.6609	72.9140	15312	Bhavri
1267492	Kathor	Gujarat	21.2885	72.9407	15311	
11186049	Villukuri	Tamil Nadu	8.2226	77.3732	15304	
1277194	Baonli	Rajasthan	26.3261	76.2283	15300	Kasba Bonli
1277202	Bantva	Gujarat	21.4882	70.0758	15291	Bantwa
13157025	Chimbel	Goa	15.4926	73.8747	15289	
1273642	Dalkola	West Bengal	25.8758	87.8401	15285	
1255619	Srivardhan	Maharashtra	18.0459	73.0155	15279	Savardhan|Shriwardham
1253175	Vilattikulam	Tamil Nadu	9.1323	78.1663	15277	Vilatikulam
1266126	Koratagere	Karnataka	13.5220	77.2373	15265	Kotagere
13353498	Thekkumkara	Kerala	10.2819	76.2132	15258	
6695468	Bommasandra Industrial Area	Karnataka	12.8177	77.6842	15254	Bommasandra
10910251	Kudali	Kerala	11.9198	75.4722	15236	Koodali
12519688	Yadagirigutta	Telangana	17.5889	78.9434	15232	
1262567	Mulanur	Tamil Nadu	10.7943	77.7115	15223	
1269824	Ichhawar	Madhya Pradesh	23.0282	77.0173	15221	
11628594	Saram	Jharkhand	23.7625	85.8300	15212	
10684812	Jugial	Punjab	32.3684	75.6782	15210	
10303818	Goniana Mandi	Punjab	30.3168	74.9125	15208	Goniana
1271642	Gangolli	Karnataka	13.6502	74.6707	15200	Ganguli
13353372	R.S. Pora	Jammu and Kashmir	32.6059	74.7334	15197	
13156905	Niz-Hajo	Assam	26.2494	91.5243	15188	
11487291	Kilattingal	Kerala	8.6926	76.7933	15185	Keezhattingal
13494687	Kangeyanallur	Tamil Nadu	12.9508	79.1506	15177	
1275132	Buguda	Odisha	19.8081	84.7908	15176	
1267006	Khapa	Maharashtra	21.4224	78.9817	15175	
1259840	Petlawad	Madhya Pradesh	23.0110	74.7977	15174	
1263997	Mahabalipuram	Tamil Nadu	12.6209	80.1933	15172	Mahabalipur|Mahaballipuram|Mahapalipuram|Makhabalipuram|Mamallapuram|Seven Pagodas
13494582	Ghantapada	Odisha	20.9345	85.1879	15169	
13156992	Sultan Pur	Delhi	28.4956	77.1611	15160	
1264757	Lormi	Chhattisgarh	22.2743	81.7018	15156	
11664459	Ottakkadai	Tamil Nadu	9.9580	78.1886	15152	Othakadai
1266092	Korwai	Madhya Pradesh	24.1177	78.0401	15136	
1267290	Kenda	West Bengal	23.1959	86.5150	15131	
1259210	Pupri	Bihar	26.4708	85.7031	15129	Janakpur Road
11680754	Ayikudi	Tamil Nadu	9.0032	77.3449	15129	Aygudi
13353497	Karamuck	Kerala	10.4842	76.1044	15129	
12493784	Shrivardhan	Maharashtra	18.0532	73.0011	15123	
13353461	Saligram	Karnataka	13.4991	74.7094	15123	
1271509	Garot	Madhya Pradesh	24.3234	75.6520	15122	Garoth
1259784	Phek	Manipur	25.6667	94.5000	15118	Pkhek
1255712	Sorada	Odisha	19.7608	84.4300	15117	Surada
10926303	Kizhariyur	Kerala	11.4982	75.6807	15116	Keezhariyur
1266924	Kharhial	Odisha	20.2885	82.7606	15087	Khariar
11604632	Tirunageswaram	Tamil Nadu	10.9646	79.4293	15082	Thirunageswaram
1261871	Naraini	Madhya Pradesh	25.1903	80.4750	15077	
1265150	Lalpur	Gujarat	22.1907	69.9635	15076	
1278785	Amingarh	Karnataka	16.0566	75.9477	15073	Aminagad|Amingad
1260442	Panth Piplia	Madhya Pradesh	24.1951	75.0060	15070	Piplya Mandi
1253673	Usehat	Uttar Pradesh	27.7980	79.2376	15068	
11655763	Alur	Tamil Nadu	8.1931	77.3643	15063	
1260954	Pachperwa	Uttar Pradesh	27.5123	82.6430	15056	
1255478	Sumbal	Jammu and Kashmir	34.2307	74.6472	15041	
1267097	Khamaria	Madhya Pradesh	23.2256	79.8801	15019	
1253785	Un	Uttar Pradesh	29.5848	77.2554	15007	
1262988	Misrikh	Uttar Pradesh	27.4314	80.5316	15007	
1267385	Kaveripatnam	Tamil Nadu	12.4219	78.2188	15006	Kaveripattinam|Kaverippattanam
1279213	Ahwa	Gujarat	20.7572	73.6863	15004	
1274900	Chakia	Uttar Pradesh	25.0489	83.2215	14999	
10210925	Loniya	Madhya Pradesh	22.0618	78.9126	14989	Lonia Karbal
7302453	Vagator	Goa	15.5977	73.7450	14986	
11656198	Mukkudal	Tamil Nadu	8.7431	77.5225	14983	
13353496	Chingoli	Kerala	9.2503	76.4520	14981	
10878016	Perole	Kerala	12.2573	75.1393	14965	
1273978	Churhat	Madhya Pradesh	24.4274	81.6695	14962	Chorhat
10252936	Bhucho Mandi	Punjab	30.2129	75.0969	14961	
1257242	Sarangarh	Chhattisgarh	21.5861	83.0785	14954	
13494686	Pandavarmangalam	Tamil Nadu	9.1533	77.8817	14954	
1262884	Mohiuddinnagar	Bihar	25.5737	85.6694	14938	Mohiuddinagar
13353495	Chowwara	Kerala	10.1271	76.3871	14933	
1252743	Yellareddi	Telangana	18.1943	78.0178	14923	
1275601	Biloli	Maharashtra	18.7738	77.7246	14923	
10793684	Kunnumma	Kerala	9.3567	76.4134	14918	
1263291	Mauranwan	Uttar Pradesh	26.4288	80.8801	14916	Maurawan
1255187	Tal	Madhya Pradesh	23.7198	75.3851	14913	
1272488	Diyodar	Gujarat	24.1087	71.7740	14912	Deodar|Diodar
8223937	Thottiyam	Tamil Nadu	10.9900	78.3341	14909	Tkhotijam
13353674	Shelar	Maharashtra	19.3222	73.0677	14899	
1263189	Mehnagar	Uttar Pradesh	25.8789	83.1161	14897	Mekhnagar
13156904	New Bongaigaon Railway Colony	Assam	26.4772	90.5360	14896	
1260577	Panchgani	Maharashtra	17.9245	73.8008	14894	Panchagani
13156991	Ghitorni	Delhi	28.4948	77.1440	14893	
1261607	Nawanshahr	Jammu and Kashmir	32.7651	74.5277	14884	
10835966	Baralota	Jharkhand	24.0402	84.0807	14880	Baratola
11680459	Palanisettipatti	Tamil Nadu	9.9998	77.4641	14879	Palani Chettipatti
12523388	Wangoi	Manipur	24.6749	93.8999	14878	Thongkhong Laxmi Bazar
1268460	Kalas	Maharashtra	18.1724	74.7905	14858	
1253640	Utran	Gujarat	21.2333	72.8667	14855	
1267015	Khanpur	Rajasthan	24.7324	76.3960	14854	
10883450	Pelawal	Jharkhand	24.0158	85.3379	14848	Palawa
1271925	Fatehgarh	Uttar Pradesh	27.3641	79.6311	14847	Fatekhgarkh
11532741	Kunjanpalaiyam	Tamil Nadu	11.5863	77.8011	14834	Arasiramani
1257879	Sadhaura	Haryana	30.3854	77.2220	14818	Sadaura
1256367	Sidhpura	Uttar Pradesh	27.6331	78.8692	14815	
1252753	Yelbarga	Karnataka	15.6154	76.0118	14814	
1266931	Khargapur	Madhya Pradesh	24.8230	79.1440	14813	
1256934	Sayalgudi	Tamil Nadu	9.1692	78.4470	14801	Sayalkudi
1259098	Quepem	Goa	15.2128	74.0772	14795	Quepem Town
1261283	Nirsa	Jharkhand	23.7844	86.7069	14794	
1262648	Mudukulathur	Tamil Nadu	9.3417	78.5139	14789	Mudukulatkhur|Mudukulattur
10261428	Bankner	Delhi	28.8525	77.0787	14788	
10458120	Suhagi	Madhya Pradesh	23.2206	79.9569	14787	
11461651	Somampalaiyam	Tamil Nadu	11.0484	76.8973	14787	Somayampalayam
1254321	Thiruvidaimaruthur	Tamil Nadu	10.9986	79.4523	14786	Tiruvadaimarudur|Tiruvadamarudur|Tiruvidaimardur|Tiruvidaimarudur
1261085	Obra	Bihar	24.8910	84.3742	14786	
8740796	Soyatkalan	Madhya Pradesh	24.1886	76.1778	14781	
1269070	Jetalsar	Gujarat	21.7089	70.5769	14771	
1266210	Kondalwadi	Maharashtra	18.8073	77.7703	14770	
1256385	Siddapur	Karnataka	14.3432	74.8940	14769	
1265933	Kottaiyur	Tamil Nadu	10.1096	78.7956	14766	
1262971	Meethari Marwar	Rajasthan	27.5761	74.6866	14760	
12523344	Panisagar	Tripura	24.2545	92.1486	14758	
13353612	Satlapur	Madhya Pradesh	23.1130	77.5266	14755	
1268202	Kamuthi	Tamil Nadu	9.4073	78.3734	14754	Kamudi|Kamuti|Kaumuri
1264525	Madugula	Andhra Pradesh	17.9159	82.8158	14741	
11655591	Kumarapuram	Tamil Nadu	8.2922	77.3214	14728	
1271898	Sakharkherda	Maharashtra	20.2056	76.3976	14719	
6268046	Kupwara	Jammu and Kashmir	34.0306	74.2642	14711	Kopawor
1262928	Mohan	Uttar Pradesh	26.7801	80.6750	14709	
1278758	Amloh	Punjab	30.6084	76.2320	14696	Amlokh
1272400	Dongargaon	Chhattisgarh	20.9717	80.8508	14693	
1267014	Khanpur	Uttar Pradesh	28.5345	78.0655	14688	
1252998	Walajabad	Tamil Nadu	12.7904	79.8236	14684	Dandei Sivaram|Wallajahbad
11664611	Nilaiyur	Tamil Nadu	9.8572	78.0598	14684	Nilaiyur I Bit
1268277	Kamalapuram	Andhra Pradesh	14.5983	78.6695	14677	
13157117	Bhalpara	Gujarat	20.9137	70.3870	14676	
10922772	Manantheri	Kerala	11.8408	75.6093	14667	
10263076	Chhawala	Delhi	28.5628	77.0033	14662	
1264215	Makhu	Punjab	31.1033	74.9963	14658	
11462935	Kandanissheri	Kerala	10.5979	76.0758	14645	Kandanassery
1265799	Kodavasal	Tamil Nadu	10.8616	79.4797	14639	Kudavasa|Kudavasal
1257691	Sakoli	Maharashtra	21.0871	79.9915	14636	
1266050	Kota	Uttar Pradesh	24.4464	83.1306	14632	
13156927	Rajopatti urf Kota Bazar	Bihar	26.5841	85.5051	14631	
1267867	Karambakkudi	Tamil Nadu	10.4587	79.1410	14626	Karambakuduy
1260174	Patan	Madhya Pradesh	23.2864	79.6896	14624	
1268024	Kankipadu	Andhra Pradesh	16.4353	80.7672	14616	Kankipad
1279237	Ahiri	Maharashtra	19.4139	80.0036	14609	Aheri
1270640	Gurh	Madhya Pradesh	24.5026	81.5004	14608	Goorha
1263294	Mauda	Maharashtra	21.1457	79.3979	14606	Maunda|Mouda
11654845	Samsikapuram	Tamil Nadu	9.4156	77.5917	14601	Samusigapuram|Shamsherkhanpuram
11655756	Chandapuram	Tamil Nadu	8.1584	77.3646	14598	Ganapathipuram
11184375	Thazhakara	Kerala	9.2502	76.5674	14596	
1253052	Wadgaon	Maharashtra	18.7392	73.6394	14595	Vadgaon
1276945	Bariarpur	Bihar	25.2879	86.5764	14595	
1271449	Gautampura	Madhya Pradesh	22.9866	75.5192	14584	Runaj|Runji-Gautampura
1267387	Kaveripak	Tamil Nadu	12.9085	79.4622	14583	Kaveripakkam
13157116	Gamdi	Gujarat	22.5722	72.9682	14582	
1273203	Deori	Maharashtra	21.0677	80.3675	14579	
1278752	Ammapettai	Tamil Nadu	10.7948	79.3199	14572	Ammapet
13494745	Gandhigram	Tripura	23.8920	91.2816	14572	
8223944	Vennandur	Tamil Nadu	11.5152	78.0907	14568	Vennanthur
1258900	Rajasingamangalam	Tamil Nadu	9.6357	78.8461	14565	R. S. Mangalam
1261124	Nurmahal	Punjab	31.0966	75.5939	14560	
10438617	Bad	Uttar Pradesh	27.4107	77.6922	14559	
1253422	Vanthli	Gujarat	21.4774	70.3311	14554	
10835962	Sudna	Jharkhand	24.0526	84.0720	14552	Sundna
10214294	Deolimet	Maharashtra	21.1580	78.9679	14545	Davlameti
11655918	Tengampudur	Tamil Nadu	8.1158	77.4579	14538	Thengampudur
1265225	Lakhtar	Gujarat	22.8568	71.7884	14534	Luctor
1466056	Kakalur	Tamil Nadu	13.1394	79.9287	14528	Kaklur
1269087	Jejuri	Maharashtra	18.2766	74.1601	14515	
10698040	Raya	Punjab	31.5423	75.2357	14506	Kalan|Khurd|Rayya
1264241	Majitha	Punjab	31.7571	74.9589	14503	
1257775	Saidpur	Uttar Pradesh	28.6109	77.9090	14496	
1275384	Bodri	Madhya Pradesh	23.1652	81.4326	14491	
1256725	Shahkot	Punjab	31.0817	75.3371	14488	Jullundur
6989785	Dariya	Chandigarh	30.6986	76.8176	14470	Daria
7645174	Bhagta	Punjab	30.4757	75.0981	14467	Bhagta Bhai Ka
1260009	Pawai	Madhya Pradesh	24.2663	80.1620	14465	Pavai
10458104	Karmeta	Madhya Pradesh	23.2072	79.8962	14452	
1272816	Dhasa	Gujarat	21.8049	71.5159	14448	Dhasa Vishi
1279409	Abhanpur	Chhattisgarh	21.0531	81.7409	14432	Abkhanpur
13156990	Baqiabad	Delhi	28.7325	77.2469	14429	
1270181	Hattin	Haryana	28.0423	77.2405	14421	Hathin
1275609	Bilkha	Gujarat	21.4415	70.6006	14421	Bhilka
13156742	Garacharma	Andaman and Nicobar	11.6137	92.7036	14419	
1263715	Manikpur	Uttar Pradesh	25.0608	81.0996	14415	
1274242	Chik Banavar	Karnataka	13.0822	77.5019	14409	
1267827	Karari	Uttar Pradesh	25.4524	81.4267	14403	
1254751	Tendukheda	Madhya Pradesh	23.3962	79.5395	14399	Tendukhera|Tendukhera Sailwara
10436954	Jandli	Haryana	30.3571	76.7964	14397	
10453817	Bhimnagar	Maharashtra	20.7243	78.5844	14394	Sawangi
1465883	Alapakam	Tamil Nadu	12.8944	80.1111	14390	Nedungundram
11462949	Brahmakulam	Kerala	10.5815	76.0693	14390	
11461187	Manjathala	Tamil Nadu	11.3624	76.7789	14383	Jagathala
1265085	Lanja	Maharashtra	16.8609	73.5499	14377	
1273077	Dewa	Uttar Pradesh	27.0362	81.1669	14375	
1264285	Mairang	Meghalaya	25.5617	91.6360	14363	
1274175	Chinchani	Maharashtra	19.8746	72.6851	14357	Chinchni
8985840	Dharamjaigarh	Chhattisgarh	22.4638	83.2113	14354	
10458124	Bilpura	Madhya Pradesh	23.2216	79.9917	14349	
9171965	Birsinghpur	Madhya Pradesh	24.7980	80.9729	14339	
10877851	Pallikere	Kerala	12.4060	75.0397	14334	Pallikkara
10269870	Bisokhar	Uttar Pradesh	28.8515	77.5842	14332	
13353493	Kurumpilavu	Kerala	10.4110	76.1682	14329	
10924957	Valayam	Kerala	11.7256	75.6492	14328	
11664560	Tanakkangulam	Tamil Nadu	9.8877	78.0397	14328	Thanakkankulam
10877830	Chammanad	Kerala	12.4802	75.0073	14323	Chemnad
1265913	Kottavalasa	Andhra Pradesh	17.8904	83.1907	14321	Kothavalasa
11655538	Vilavur	Tamil Nadu	8.2669	77.3052	14320	
1255100	Taloje	Maharashtra	19.0856	73.0984	14318	Talode Panchnad|Taloje Budrukh
1262905	Mohanur	Tamil Nadu	11.0594	78.1397	14315	
1270151	Heggadadevankote	Karnataka	12.0881	76.3296	14313	Heggaddevankote
1257599	Salon	Uttar Pradesh	26.0286	81.4540	14312	
11711973	Sendarappatti	Tamil Nadu	11.4373	78.5215	14308	Sentharapatti
11268912	Bhanumukkala	Andhra Pradesh	15.3119	78.2277	14307	Banumukkala
1269897	Huliyar	Karnataka	13.5836	76.5423	14304	
1278999	Aliyabad	Tamil Nadu	12.6317	79.2164	14304	Alliyabad|Kalambur|Kolambur
1278867	Ambahta	Uttar Pradesh	29.8571	77.3358	14303	
1261563	Nazira	Assam	26.9165	94.7361	14302	
1258903	Raja Sansi	Punjab	31.7202	74.8008	14298	
13156903	Ambikapur Part-X	Assam	24.7993	92.7920	14283	
1277235	Bansgaon	Uttar Pradesh	26.5503	83.3450	14282	
11655374	Sivandipuram	Tamil Nadu	8.7067	77.4000	14281	Sivanthipuram
10899484	Bhairapura	Karnataka	12.2200	76.8987	14276	Byrapura
13353431	Telo	Jharkhand	23.8179	86.1209	14274	
13157115	Hadgood	Gujarat	22.5282	72.9785	14262	
1258835	Rajnagar	Madhya Pradesh	24.8893	79.9118	14253	
1257263	Saraikela	Jharkhand	22.6996	85.9313	14252	Seraikella
11184668	Namsai	Arunachal Pradesh	27.6690	95.8640	14246	
10849382	Narayanapuram	Andhra Pradesh	14.7040	77.5780	14227	
1269805	Ikauna	Uttar Pradesh	27.5310	81.9692	14217	
1277695	Bakewar	Uttar Pradesh	26.6623	79.1762	14217	
1264310	Mailani	Uttar Pradesh	28.2909	80.3438	14212	Mailani Junction
1258269	Razole	Andhra Pradesh	16.4761	81.8391	14204	
1254025	Turuvekere	Karnataka	13.1637	76.6664	14194	
1257004	Sathankulam	Tamil Nadu	8.4416	77.9135	14193	Sattankulam
1265376	Kyelang	Himachal Pradesh	32.5717	77.0245	14182	Kejlong|Kyeang|Kyelong
11583672	Balasamudram	Tamil Nadu	10.4191	77.4992	14179	
11460609	Adigaratti	Tamil Nadu	11.3344	76.6971	14178	
13353492	Thurayur	Kerala	11.5280	75.6709	14176	
1259542	Pirangut	Maharashtra	18.5084	73.6892	14174	
1433078	Bhulwal	Jammu and Kashmir	32.8371	74.8193	14174	Bhalwal
13353491	Madayikonam	Kerala	10.3715	76.2254	14155	
1274099	Chirgaon	Uttar Pradesh	25.5720	78.8143	14147	
11522734	Mukasi Pidariyur	Tamil Nadu	11.1955	77.6027	14143	
1278889	Amarwara	Madhya Pradesh	22.2978	79.1694	14141	
1275677	Bijolia	Rajasthan	25.1609	75.3233	14140	Beejoliya Kalan|Bijolian
1256650	Shankargarh	Uttar Pradesh	25.1820	81.6177	14137	Shankargarkh
1269782	Iluppur	Tamil Nadu	10.5135	78.6236	14127	Illuppur
1259924	Pendra	Chhattisgarh	22.7755	81.9597	14120	
1256990	Satwas	Madhya Pradesh	22.5363	76.6845	14108	
1263650	Manoharpur	Tripura	23.7215	91.2126	14105	Madhupur
1270504	Haldibari	West Bengal	26.3389	88.7822	14099	Haldibabi
10316596	Pakhi Khanauri	Punjab	29.8427	76.1137	14096	Khanauri
1261050	Olpad	Gujarat	21.3365	72.7516	14091	
1258857	Rajim	Chhattisgarh	20.9635	81.8799	14090	
8442002	Tikkanbankad	Tamil Nadu	8.2216	77.2733	14086	Thikkanamcode
1262715	Moth	Uttar Pradesh	25.7260	78.9503	14077	
13157024	Calapor	Goa	15.4645	73.8466	14077	
1256574	Shergarh	Uttar Pradesh	28.6513	79.3681	14076	
1253425	Vansada	Gujarat	20.7582	73.3639	14072	Bansda|Wansda
1267593	Kasdol	Chhattisgarh	21.6186	82.4249	14071	
11462885	Pazhanji	Kerala	10.6882	76.0531	14067	
11462955	Orumanayur	Kerala	10.5701	76.0291	14064	
1465889	Pedappai	Tamil Nadu	12.8854	80.0220	14063	Padappai
1279074	Alampur	Telangana	15.8799	78.1335	14060	
1255981	Sitamau	Madhya Pradesh	24.0147	75.3532	14056	
1256251	Simaria	Madhya Pradesh	24.7950	81.1520	14045	Semaria
1275631	Bilaspur	Himachal Pradesh	31.3303	76.7566	14037	
1266516	Kirakat	Uttar Pradesh	25.6375	82.9160	14034	
1271295	Ghiror	Uttar Pradesh	27.1891	78.7931	14011	
13494609	Kesrisinghpur	Rajasthan	29.9475	73.6212	14010	
13353490	Kozhukkallur	Kerala	11.5146	75.7081	14007	
11442981	Tenambakkam	Tamil Nadu	12.8102	79.7341	13994	Thenambakkam
1255207	Takkolam	Tamil Nadu	13.0164	79.7325	13983	Thakkolam
13353489	Avinissery	Kerala	10.4699	76.2301	13983	
1255640	Srimushnam	Tamil Nadu	11.4012	79.4038	13971	Srimushnum
11682010	Karuppur	Tamil Nadu	11.7171	78.0924	13967	
1266422	Kodala	Odisha	19.6242	84.9407	13965	
1258911	Rajapur	Uttar Pradesh	25.3890	81.1450	13962	Majhgawan
1258652	Ramkola	Uttar Pradesh	26.9017	83.8376	13949	
1259082	Rabupura	Uttar Pradesh	28.2515	77.6025	13949	
1276956	Barhi	Madhya Pradesh	23.9033	80.8152	13946	
10975820	Kakti	Karnataka	15.9316	74.5260	13946	Kakati
13156762	Prasadampadu	Andhra Pradesh	16.6122	80.6844	13941	
1264829	Loharu	Haryana	28.4299	75.8078	13937	
1270888	Goshaingaon	Assam	26.4395	89.9631	13933	Gossaigaon
11876655	Sukma	Chhattisgarh	18.3274	81.6262	13926	
13157114	Mora	Gujarat	21.1783	72.6589	13924	
10925007	Meppayyur	Kerala	11.5389	75.7351	13922	
1274840	Chamkor	Punjab	30.8975	76.4154	13920	Chamkaur Sahib
1255910	Soalkuchi	Assam	26.1681	91.5711	13917	Sualkuchi|Suwalakuchi
1265901	Kotwa	Madhya Pradesh	25.0308	81.3191	13916	
1261257	Nizamabad	Uttar Pradesh	26.0529	83.0579	13895	
1252668	Ziro	Arunachal Pradesh	27.5950	93.8385	13893	Zero
11680475	Odaipatti	Tamil Nadu	9.8323	77.4433	13892	
10606880	Kralapur	Jammu and Kashmir	33.9995	74.8133	13889	Kral Pora
1278923	Amanganj	Madhya Pradesh	24.4266	80.0358	13886	
13156926	Damodarpur	Bihar	26.1397	85.3509	13884	
13157113	Saij	Gujarat	23.2183	72.5220	13882	
1258478	Rani	Rajasthan	25.3503	73.3089	13880	
13353673	Shivaji Nagar	Maharashtra	20.1265	79.0336	13877	
10431980	Buzurg	Madhya Pradesh	25.8904	78.3453	13868	
13494744	Radhakishorenagar	Tripura	23.8676	91.3427	13866	
1268814	Joshimath	Uttarakhand	30.5554	79.5644	13865	Joshinath
1278182	Attayampatti	Tamil Nadu	11.5327	78.0536	13852	Attayyampatti
10849562	Papampeta	Andhra Pradesh	14.6855	77.5780	13850	
1276728	Basugaon	Assam	26.4674	90.4195	13849	
1265583	Kunkuri	Chhattisgarh	22.7420	83.9510	13846	
10973307	Bhimavaram	Telangana	18.0299	79.5391	13841	Bhimaram
13157112	Savgadh	Gujarat	23.6165	72.9496	13841	
11345839	Udayendram	Tamil Nadu	12.6962	78.6227	13837	Uthayendram
1262160	Nagrota	Jammu and Kashmir	32.8011	74.9132	13836	Nagrota Panjgirain
1276890	Barod	Madhya Pradesh	23.7889	75.8116	13834	Badod
1274402	Cheruthuruthi	Kerala	10.7457	76.2745	13828	
1278990	Allahganj	Uttar Pradesh	27.5454	79.6872	13824	
1269696	Irikkur	Kerala	11.9867	75.5501	13820	
13494743	Anandanagar	Tripura	23.8087	91.3130	13814	
1266937	Kharela	Uttar Pradesh	25.5428	79.8123	13798	
1255146	Talbahat	Uttar Pradesh	25.0436	78.4344	13789	
1268686	Kadaura	Uttar Pradesh	25.9854	79.8384	13784	Baoni Kadawa
1265472	Kurud	Chhattisgarh	20.8307	81.7221	13783	
1260177	Patan	Maharashtra	17.3751	73.9014	13779	
10261430	Tikri Khurd	Delhi	28.8354	77.1195	13772	
10821761	Tola Rampurwa Motalke Kurwa Mathia	Bihar	26.8659	84.5279	13758	Kurwa Mathia
1274029	Chityal	Telangana	17.2316	79.1281	13752	
1349047	Solap	West Bengal	22.1278	88.1586	13751	
1269809	Iglas	Uttar Pradesh	27.7110	77.9397	13746	
10469672	Tikadi	Maharashtra	21.2577	79.2261	13741	Tekadi
10941137	Hindalgi	Karnataka	15.8750	74.4720	13741	
1269663	Ismailabad	Haryana	30.1172	76.6690	13726	
1264024	Malsisar	Rajasthan	28.3536	75.2975	13719	
1259914	Pennathur	Tamil Nadu	12.2468	79.2259	13718	Kilpennathur|Pennattur
1263764	Mangawan	Madhya Pradesh	24.6675	81.5464	13700	
1255939	Sivni	Maharashtra	20.6880	77.0489	13699	Shivani
1260548	Pandhana	Madhya Pradesh	21.6982	76.2249	13694	
1259075	Radaur	Haryana	30.0271	77.1518	13690	
1278806	Amethi	Uttar Pradesh	26.1570	81.8052	13684	
1254798	Tekanpur	Madhya Pradesh	25.9940	78.2832	13681	Takenpur
10910201	Kannadiparamba	Kerala	11.9372	75.4031	13677	
1259337	Pratapgarh	Uttar Pradesh	25.8951	81.9424	13672	Partabgarh City|Partapgarh
1268475	Kalanaur	Punjab	32.0123	75.1506	13671	
1465868	Vengavasal	Tamil Nadu	12.8991	80.1690	13671	
1254351	Tirupporur	Tamil Nadu	12.7259	80.1895	13666	Thiruporur|Tiruporur
11462884	Karikad	Kerala	10.7012	76.0679	13656	
1257347	Sanquelim	Goa	15.5642	74.0080	13651	
1254513	Tikri	Uttar Pradesh	29.2291	77.3548	13646	
1265697	Kumaralingam	Tamil Nadu	10.4894	77.3499	13642	Komaralingam
1258606	Rampur	Madhya Pradesh	24.5025	81.0552	13638	Rampur Baghelan
1256206	Sindi	Maharashtra	20.8051	78.8875	13636	
11677885	Chittayankottai	Tamil Nadu	10.2686	77.8327	13634	Sithayankottai
1273525	Dantewara	Chhattisgarh	18.8888	81.3507	13633	Dantevara
10846533	Kunjatturu	Kerala	12.7469	74.8879	13633	Kunjathur
1277533	Baloda	Chhattisgarh	22.1389	82.4817	13630	
10493510	Garhi	Madhya Pradesh	25.0449	79.6882	13625	
1269555	Jahanabad	Uttar Pradesh	28.6303	79.7182	13617	
13156989	Tilang Pur Kotla	Delhi	28.6496	77.0272	13614	
11681445	Killai	Tamil Nadu	11.4493	79.7668	13608	
1256708	Shahpura	Madhya Pradesh	23.1366	79.6640	13601	
1270439	Handwara	Jammu and Kashmir	34.3968	74.2814	13600	Handawer|Handawor
1256096	Sirathu	Uttar Pradesh	25.6429	81.3186	13598	
1264491	Mahabaleshwar	Maharashtra	17.5600	73.4000	13598	Mahabaleshvar|Malcolm Peth
1273993	Chopan	Uttar Pradesh	24.5195	83.0229	13585	
13157111	Nandelav	Gujarat	21.7203	72.9960	13583	
1270951	Gopamau	Uttar Pradesh	27.5347	80.2851	13581	
1278006	Badarwas	Madhya Pradesh	24.9752	77.5649	13571	
11655735	Tingalachi	Tamil Nadu	8.2010	77.3036	13567	Thingalnagar
1256181	Singapperumalkovil	Tamil Nadu	12.7595	80.0075	13566	Singaperumalkoil|Singaperumalkovil
11680722	Achanputtur	Tamil Nadu	9.0414	77.2969	13566	Achampudur
1265084	Lanji	Madhya Pradesh	21.5018	80.5406	13558	
11627234	Ara	Jharkhand	23.7604	85.5415	13547	
11184449	Sanaswadi	Maharashtra	18.6644	74.1094	13543	
10846518	Pudu	Karnataka	12.8667	74.9673	13533	
1264816	Lohogaon	Maharashtra	18.5992	73.9270	13529	
13494685	Anuppankulam	Tamil Nadu	9.4194	77.8430	13526	
1260104	Patiali	Uttar Pradesh	27.6909	78.9982	13515	
1271939	Farrukhnagar	Haryana	28.4474	76.8239	13513	Faruknagar
10835985	Shahpur	Jharkhand	24.0312	84.0543	13513	Shah Pur
1267760	Karimangalam	Tamil Nadu	12.3087	78.2033	13511	
1273040	Dhakuakhana	Assam	27.2011	94.4571	13502	Dnakuakhana
1253804	Umri	Maharashtra	19.0391	77.6454	13501	Peth Umri
1257077	Sasni	Uttar Pradesh	27.7029	78.0828	13498	
10878430	Karuvellur	Kerala	12.1761	75.1931	13498	
1258640	Ramnagar	Uttar Pradesh	27.0850	81.4057	13490	
10468814	Timmapur	Telangana	19.0484	78.6414	13485	Thimmapur
13157110	Anandpar	Gujarat	22.3220	70.8456	13483	
11662149	Pulangudi	Tamil Nadu	10.7266	78.8073	13469	Palaganangudy
1272680	Dundigal	Telangana	17.6080	78.4146	13465	Dhundgol
13157109	Shaktinagar	Gujarat	22.1996	69.6591	13463	
1266787	Khem Karan	Punjab	31.1444	74.5594	13446	
12519679	Laxmidevipally	Telangana	17.5699	80.6223	13442	
13353672	Khadkale	Maharashtra	18.7614	73.5576	13435	
1276358	Bhadarwah	Jammu and Kashmir	32.9794	75.7172	13429	Bhadarwab|Bhaderwah|Bhadrawah
8432290	Daporijo	Arunachal Pradesh	27.9911	94.2296	13405	Daparijo|Daparizo|Daporidzho|Deparijo|Deparizo
12501201	Mahabaleshwar	Maharashtra	17.9232	73.6586	13393	
6695224	Hunasamaranahalli	Karnataka	13.1438	77.6170	13389	Khunasamaranakhali
1271551	Garhi Pukhta	Uttar Pradesh	29.5498	77.3088	13381	Garhi
11484461	Odaiyakulam	Tamil Nadu	10.5679	76.9105	13370	
11625990	Gidi	Jharkhand	23.6909	85.3641	13356	
13353488	Kureekkad	Kerala	9.9298	76.3746	13348	
1263918	Mandal	Gujarat	23.2887	71.9185	13345	
11185817	Manapakkam	Tamil Nadu	13.0158	80.1761	13344	
13494684	Kumaragiri	Tamil Nadu	8.7452	78.0522	13344	
1264074	Malkapur	Maharashtra	16.9200	73.9347	13343	
1267190	Khaga	Uttar Pradesh	25.7721	81.1039	13338	
1267185	Khailar	Uttar Pradesh	25.3413	78.5313	13334	Khailor
1267331	Kelamangalam	Tamil Nadu	12.6031	77.8519	13321	Kelamnagalam
11655722	Mandakad	Tamil Nadu	8.1611	77.2795	13317	Mandaikadu
12165950	Shi Yomi	Arunachal Pradesh	28.5300	94.3732	13310	
1262167	Nagri	Chhattisgarh	20.3465	81.9600	13308	Nagari
1255285	Suwasra	Madhya Pradesh	24.0698	75.6523	13304	
13157108	Sukhpar	Gujarat	23.2163	69.6091	13303	
1271314	Ghaura	Madhya Pradesh	24.5059	79.0781	13301	Ghuwara
1268510	Kalagarh Project Colony	Uttarakhand	29.4778	78.7845	13298	Kalagarh
1278008	Badarpur	Assam	24.8685	92.5961	13298	
10571538	Borkheri	Maharashtra	20.9479	79.0151	13294	
1271734	Gandai	Chhattisgarh	21.6667	81.1001	13278	Gandai-Pandaria
13156988	Asola	Delhi	28.4573	77.1841	13275	
11184579	Peramangalam	Kerala	10.5733	76.1689	13260	
1275682	Bijni	Assam	26.4959	90.7030	13257	
1275645	Bilariaganj	Uttar Pradesh	26.1959	83.2269	13244	Bilrayaganj
10910262	Kuttyattur	Kerala	11.9703	75.4878	13244	Kuttiattoor
1268001	Kanor	Rajasthan	24.4344	74.2655	13239	
1270529	Hajan	Jammu and Kashmir	34.2989	74.6168	13239	
11463428	Kaniyarakod-Kizhakumuri	Kerala	10.7441	76.4339	13236	Kaniyarkode
1254367	Tirumullaivasal	Tamil Nadu	11.2400	79.8371	13234	Thirumalavasal
13157107	Bhadkodara	Gujarat	21.6042	73.0148	13233	
1266387	Kodumudi	Tamil Nadu	11.0775	77.8836	13225	
1253901	Uklana	Haryana	29.5112	75.8782	13219	Uklana Mandi
1262344	Muttur	Tamil Nadu	11.0464	77.7363	13212	Muthur
1264244	Majholi	Madhya Pradesh	23.5011	79.9240	13210	
11661673	Vadugappatti	Tamil Nadu	10.1036	77.5731	13204	
1255584	Suchindram	Tamil Nadu	8.1544	77.4670	13193	
13353430	Bandh Dih	Jharkhand	23.6588	86.0173	13192	
1272634	Digapahandi	Odisha	19.3727	84.5718	13190	Digapakhandi|Digapanahdi
1263651	Manoharpur	Jharkhand	22.3746	85.1923	13189	
1266892	Kharkhauda	Uttar Pradesh	28.8364	77.7416	13189	
10483793	Guntur	Telangana	17.9962	79.6445	13183	Enumamula
11655751	Veillyachi	Tamil Nadu	8.1517	77.3366	13182	Vellimalai
1275661	Bikapur	Uttar Pradesh	26.5953	82.1327	13177	
1270895	Goshainganj	Uttar Pradesh	26.5711	82.3809	13176	Gosainganj
10261640	Bhamian Kalan	Punjab	30.9191	75.9423	13174	
1257531	Sambre	Karnataka	15.8700	74.6114	13159	Sambra
10483781	Gorrakunta	Telangana	17.9762	79.6450	13159	
13157106	Galpadar	Gujarat	23.0975	70.1251	13155	
1253979	Udala	Odisha	21.5781	86.5668	13152	
1253705	Urakam	Kerala	10.4333	76.2167	13149	Oorakam|Urakom
13494683	Krishnasamudram	Tamil Nadu	10.7864	78.8002	13146	
13353371	Quimoh	Jammu and Kashmir	33.7215	75.0856	13138	
1277903	Baghamara	Meghalaya	25.1895	90.6479	13131	
8985720	Doboka	Assam	26.1165	92.8637	13118	
1258447	Ranir Bazar	Tripura	23.8346	91.3661	13104	
1278317	Asangaon	Maharashtra	19.4387	73.3059	13104	
13156957	Kirodimalnagar	Chhattisgarh	21.9269	83.3323	13102	
11463513	Trikur	Kerala	10.4614	76.2734	13093	Trikkur
13353487	Narath	Kerala	11.9602	75.3893	13092	
1278290	Ashti	Maharashtra	19.3767	76.2252	13084	
13494538	Ningthoukhong	Manipur	24.5717	93.7641	13078	
11655921	Puttalam	Tamil Nadu	8.0981	77.4640	13073	
13494682	South Kannanur	Tamil Nadu	10.9194	78.7401	13073	
1270926	Gorakhpur	Haryana	29.4477	75.6721	13068	Gorakpura
12522755	Jhinkpani	Jharkhand	22.4218	85.7462	13068	
1256716	Shahpur	Madhya Pradesh	23.8937	79.0507	13066	
1272783	Dhemaji	Assam	27.4833	94.5833	13058	
1275526	Birbhaddar	Uttarakhand	30.0712	78.2819	13058	Virbhadra
10568235	Worthi	Maharashtra	21.2401	79.6442	13058	Warthi
1273943	Vikasnagar	Uttarakhand	30.4694	77.7728	13055	Chuharpur
11185730	Kumarghat	Tripura	24.1597	92.0329	13054	
1273727	Dadra	Dadra and Nagar Haveli and Daman and Diu	20.3250	72.9662	13039	Dadara
1267112	Khallikot	Odisha	19.6091	85.0861	13022	Kallikota|Khallikote|Kullikota
1273534	Dankaur	Uttar Pradesh	28.3512	77.5551	13020	
13353486	Edakkode	Kerala	8.6807	76.8519	12994	
13494681	Ashokapuram	Tamil Nadu	11.1017	76.9545	12993	
1268398	Kanina Khas	Haryana	28.3309	76.3110	12989	Kalina Khas|Kanina
10684769	Daulatpur	Punjab	32.2666	75.6326	12988	
11664882	Mallankinar	Tamil Nadu	9.5982	78.0558	12986	
1254842	Tattayyangarpettai	Tamil Nadu	11.1242	78.4492	12980	Thathaiyangarpet
1265337	Ladhaura	Madhya Pradesh	25.0729	78.8675	12974	Lidhora Khas
1254378	Thirukattupalli	Tamil Nadu	10.8443	78.9565	12972	Tirukattupalli|Tirukkattuppalli
1445396	Pochampalli	Telangana	17.3492	78.8228	12972	
13353485	Vallachira	Kerala	10.4384	76.2271	12970	
11624853	Bachra	Jharkhand	23.6884	85.0855	12969	
11461238	Hulikal	Tamil Nadu	11.3208	76.7733	12960	
1264614	Madanpur	West Bengal	23.0059	88.4917	12959	
1277581	Bali Chak	West Bengal	22.3648	87.5530	12957	
1271984	Ettaiyapuram	Tamil Nadu	9.1441	77.9907	12956	
1274484	Chaurai	Madhya Pradesh	22.0546	79.2519	12956	Chaurai Khas
11557982	Malaimachchampatti	Tamil Nadu	10.9058	77.0050	12936	Malumichampatti
13353370	Drug Mulla	Jammu and Kashmir	34.4853	74.2871	12930	
12519107	Meghnagar	Madhya Pradesh	22.9066	74.5416	12929	
8442947	Edattirutti	Kerala	10.3640	76.1737	12921	Edathirinji|Edathiruthy
1261469	Neyyur	Tamil Nadu	8.1983	77.3038	12917	Neyyoor
8443025	Katavallur	Kerala	10.7169	76.0695	12912	
1256796	Serula	Goa	15.5477	73.8433	12908	Socorro
13353671	Karivali	Maharashtra	19.2917	73.0382	12907	
1275629	Bilaua	Madhya Pradesh	26.0501	78.2752	12893	
1262504	Mundi	Madhya Pradesh	22.0669	76.4933	12889	
1273783	Curtorim	Goa	15.2756	74.0216	12886	
11626434	Tati	Jharkhand	23.3772	85.4379	12878	
1265240	Lakhipur	Assam	24.7928	93.0091	12871	
1256719	Shahpur	Gujarat	22.1561	70.7707	12867	Shapur
1257681	Sakri	Chhattisgarh	22.1054	82.0821	12861	Sakari
13353484	Thirumittacode-II	Kerala	10.7317	76.1607	12855	
11500448	Puluvappatti	Tamil Nadu	10.9630	76.8158	12853	Pooluvapatti
1332363	Ratannagar	Rajasthan	28.2134	74.9552	12841	Ratonnagar
1274735	Chandla	Madhya Pradesh	25.0715	80.1929	12838	
13494608	Banasthali	Rajasthan	26.4040	75.8696	12835	
1348789	Raghudebbati	West Bengal	22.5256	88.1958	12833	
13494581	Pratapsasan	Odisha	20.2046	85.8717	12830	
1277353	Bandora	Goa	15.4082	73.9813	12819	
11463012	Elavalli	Kerala	10.5660	76.0912	12819	
1278035	Bachhrawan	Uttar Pradesh	26.4709	81.1158	12809	
1259540	Pirawa	Rajasthan	24.1551	76.0273	12807	
13156956	Mandir Hasaud	Chhattisgarh	21.2237	81.7676	12807	
10877877	Bare	Kerala	12.4460	75.0420	12804	
1265974	Kot Isa Khan	Punjab	30.9466	75.1378	12800	Kot-Ise-Khan
1255179	Talainayar Agraharam	Tamil Nadu	10.5614	79.7723	12798	Thalanayar
13157105	Reliance Complex	Gujarat	22.3440	69.8590	12796	
1256931	Sawyerpuram	Tamil Nadu	8.6822	78.0265	12792	Sav'erpuram|Sayapuram|Sayarpuram
1263791	Mangalapadi	Kerala	12.6687	74.9104	12790	Mangalpady
10537522	Devendranagar	Madhya Pradesh	24.6169	80.3789	12785	
10770306	Peddaboddepalle	Andhra Pradesh	17.6606	82.6296	12781	
8410466	Malsian	Punjab	31.1300	75.3502	12780	
11556450	Kulattur	Tamil Nadu	11.8486	77.7512	12748	Kolathur
1262429	Muri	West Bengal	23.3707	85.8624	12744	
1272302	Dudhi	Uttar Pradesh	24.2136	83.2407	12742	
1253622	Uthukkottai	Tamil Nadu	13.3355	79.8900	12740	Uttukkottai|Uttukotai
10524196	Kottapeta	Telangana	17.3059	78.4910	12740	Kothapet
1272307	Dudhani	Maharashtra	17.3579	76.3669	12735	Dudhni
1445309	Bandlaguda	Telangana	17.3511	78.3912	12734	
1265534	Kurara	Uttar Pradesh	25.9805	79.9898	12730	
13156902	Digboi Oil Town	Assam	27.3885	95.6189	12726	
1271380	Ghanpur	Telangana	17.8500	79.3667	12721	Ghanpur Station
8442535	Puliyur	Tamil Nadu	10.9499	78.1453	12720	Pullyur
13156972	Kadaiya	Dadra and Nagar Haveli and Daman and Diu	20.4645	72.8543	12717	
10261492	Bakhtawarpur	Delhi	28.8234	77.1754	12716	Bakhtawar Pur
11655514	Temanur	Tamil Nadu	8.3326	77.2524	12715	Vellamcode
11654647	Kodikkulam	Tamil Nadu	9.6493	77.5860	12713	South Kodikulam
1264050	Mallapuram	Tamil Nadu	11.9823	78.2480	12705	B.Mallapuram|Manapuram
1256469	Shirwal	Maharashtra	18.1506	73.9779	12703	Shirval
1273078	Devrukh	Maharashtra	17.0672	73.6152	12689	
1253981	Udaiyarpalaiyam	Tamil Nadu	11.1873	79.2933	12688	Udayarpalayam
1272358	Dostpur	Uttar Pradesh	26.2749	82.4709	12688	
10877540	Madhuru	Kerala	12.5398	75.0102	12685	Madhur
10214670	Vaghapur	Maharashtra	20.3954	78.1106	12684	Waghapur
10910257	Maniyur	Kerala	11.9529	75.4481	12681	Maniyoor
1259413	Ponnamaravati	Tamil Nadu	10.2803	78.5360	12676	Ponnamaravathy
1262403	Murud	Maharashtra	18.3282	72.9621	12665	Janjira|Marad|Murad
1259880	Perya	Kerala	11.8333	75.8541	12659	Periya
1462737	Phup Kalan	Madhya Pradesh	26.6445	78.8736	12657	
13353483	Pullur	Kerala	10.3450	76.2445	12656	
13494729	Teegalpahad	Telangana	18.8590	79.4892	12656	
11678671	Lakshminarayanapuram	Tamil Nadu	11.7914	79.5555	12648	
1278103	Awantipur	Jammu and Kashmir	33.9198	75.0152	12647	Awantipura|Wantipor|Wantipur
10787782	Ponduru	Andhra Pradesh	18.3496	83.7565	12640	
11442961	Orikkai	Tamil Nadu	12.8016	79.7111	12638	
1266640	Khudaganj	Uttar Pradesh	28.1461	79.7147	12636	
11186259	Vangani	Maharashtra	19.0924	73.2971	12628	
13157104	Vavol	Gujarat	23.2252	72.6209	12628	
1277008	Barela	Madhya Pradesh	23.0968	80.0508	12620	
1261906	Nannilam	Tamil Nadu	10.8793	79.6106	12618	
1276961	Barharwa	Jharkhand	24.8571	87.7790	12617	
11184558	Puthukkad	Kerala	10.4177	76.2701	12615	
1255766	Sonegaon	Maharashtra	20.6291	78.6921	12614	
1259644	Pingawan	Haryana	27.8959	77.1022	12612	Pinangwa|Pinangwan
11333576	Dommasandra	Karnataka	12.8779	77.7535	12610	
1256053	Sirsa	Uttar Pradesh	25.2634	82.0919	12608	
13353670	Gandhinagar	Maharashtra	16.7071	74.3005	12601	
10674762	Manegaon	Madhya Pradesh	23.2062	80.0123	12599	
1264070	Malkera	Jharkhand	23.7821	86.2877	12591	
1269685	Isagarh	Madhya Pradesh	24.8391	77.8827	12583	
13353669	Medankarwadi	Maharashtra	18.7477	73.8691	12576	
1257918	Sabaur	Bihar	25.2428	87.0447	12575	Sabour
12518923	Becharaji	Gujarat	23.4994	72.0447	12574	Bechar
13157103	Mahendranagar	Gujarat	22.8401	70.8603	12565	
6695500	Madanayakahalli	Karnataka	13.0587	77.4621	12563	Madanaiyakanahalli
1270827	Gua	Jharkhand	22.2136	85.3877	12554	
13156971	Samarvarni	Dadra and Nagar Haveli and Daman and Diu	20.2563	73.0080	12553	
1253752	Uniara	Rajasthan	25.9150	76.0260	12551	
1262183	Nagothana	Maharashtra	18.5422	73.1349	12549	Nagothna
11423412	Sembedu	Tamil Nadu	13.1298	79.5634	12548	
13157102	Singarva	Gujarat	23.0229	72.6974	12547	
13353611	Akoda	Madhya Pradesh	26.5334	78.9036	12534	
1270413	Hansot	Gujarat	21.5850	72.8076	12525	Hansut
11441203	Ammur	Tamil Nadu	12.9750	79.3628	12513	Ammoor
1270552	Hadiaya	Punjab	30.3276	75.5020	12507	
11678871	Kondur	Tamil Nadu	11.7540	79.7045	12506	
11462929	Chundal	Kerala	10.6240	76.0921	12502	Choondal
1253257	Vengurla	Maharashtra	15.8613	73.6318	12498	
10835967	Rerma	Jharkhand	24.0372	84.0818	12497	
1253328	Vedasandur	Tamil Nadu	10.5310	77.9502	12493	
10910263	Mayyil	Kerala	11.9848	75.4384	12490	
1267653	Karunguli	Tamil Nadu	12.5333	79.9039	12485	Karanguli|Karunguzhi
10701315	Siat	Rajasthan	25.8879	73.7385	12472	Sojat Road
13156970	Dunetha	Dadra and Nagar Haveli and Daman and Diu	20.4294	72.8509	12470	
1261660	Navelim	Goa	15.5333	73.9833	12469	
1278344	Arumbavur	Tamil Nadu	11.3810	78.7297	12467	Arumbvur
11680322	Pudur	Tamil Nadu	9.0001	77.2076	12457	
10973773	Vaddu	Karnataka	15.1866	76.6311	12453	
1263557	Marandahalli	Tamil Nadu	12.3883	78.0032	12451	Marandahally
11682015	Bomminayakkanpatti	Tamil Nadu	11.6823	78.0545	12448	Maramangalathupatti
1268022	Kankon	Goa	15.0270	74.0462	12444	Advota|Canacona|Chauri|Chauri Town
10894231	Malhipur	Bihar	25.4069	86.0234	12439	
1253672	Usgao	Goa	15.4333	74.0667	12436	
6697165	Canacona	Karnataka	14.9959	74.0506	12434	Kanakona
11685951	Kurumbalur	Tamil Nadu	11.2360	78.8005	12420	
1278435	Aravakkurichchi	Tamil Nadu	10.7760	77.9087	12412	Aravakurichi
11682491	Sirappalli	Tamil Nadu	11.4544	78.2453	12403	Seerapalli
11463495	Nedumpura	Kerala	10.7328	76.2644	12399	
13353668	Kherdi	Maharashtra	17.5189	73.5566	12397	
1465595	Chinnasekkadu	Tamil Nadu	13.1609	80.2573	12396	
1268004	Kanodar	Gujarat	24.0893	72.3935	12389	
13157101	Balitha	Gujarat	20.3893	72.9135	12380	
13156761	Thummalamenta	Andhra Pradesh	15.0276	78.0235	12373	
11661675	Tamaraikkulam	Tamil Nadu	10.1085	77.5553	12372	Thamaraikulam
1258537	Ranapur	Madhya Pradesh	22.6470	74.5212	12371	
1279059	Alangudi	Tamil Nadu	10.3606	78.9849	12367	
1264297	Maindargi	Maharashtra	17.4574	76.2932	12363	
11184818	Chennithala	Kerala	9.2808	76.5185	12360	
1269823	Ichora	Telangana	19.4297	78.4528	12358	Ichoda
1253162	Vinchia	Gujarat	22.2103	71.3797	12355	Vichhia
13353667	Bhagur	Maharashtra	19.8760	73.8338	12353	
1269839	Ibrahimpatan	Telangana	17.1957	78.6510	12349	Ibrahimpatnam
1263850	Mandleshwar	Madhya Pradesh	22.1760	75.6599	12343	
11462924	Iringappuram	Kerala	10.6103	76.0525	12343	Iringaprom
13157100	Palej	Gujarat	21.9155	73.0789	12334	
1279062	Alanganallur	Tamil Nadu	10.0470	78.0903	12331	
11519470	Periyakoduveri	Tamil Nadu	11.4778	77.2990	12330	
1270364	Harduaganj	Uttar Pradesh	27.9436	78.1579	12328	Harduganj
1261661	Navelim	Goa	15.2589	73.9664	12323	
1262196	Nagireddipalli	Andhra Pradesh	14.2700	79.1013	12318	Nagireddipalle
1261077	Odlabari	West Bengal	26.8364	88.6294	12311	Oldabari
1262414	Mursan	Uttar Pradesh	27.5779	77.9409	12310	
1267919	Captainganj	Uttar Pradesh	26.9264	83.7133	12299	Kaptanganj
11462957	Pavaratti	Kerala	10.5648	76.0625	12299	
1268610	Athmallik	Odisha	20.7212	84.5351	12298	Athmalik|Atmallik|Kaintaragarh|Kaintragarh
1278200	Atmakur	Telangana	16.3380	77.8085	12297	Amatkur|Atamkur
1260281	Parnera	Gujarat	20.5610	72.9485	12296	
10533298	Hatwans	Madhya Pradesh	22.7683	78.3464	12295	Hatwas
1276932	Barjora	West Bengal	23.4275	87.2904	12294	
10261579	Tharike	Punjab	30.8667	75.7816	12294	
13157099	Bhagdawada	Gujarat	20.4334	72.9135	12291	
1256324	Sikandra	Uttar Pradesh	26.3672	79.6298	12289	
10371510	Mundali	Uttar Pradesh	28.8698	77.8266	12287	
1273201	Deori	Chhattisgarh	21.4500	82.6167	12286	
10910230	Mavitayi	Kerala	11.8412	75.4770	12286	
1259452	Polaia Kalan	Madhya Pradesh	23.2119	76.5529	12268	Polaykalan
1271074	Gohpur	Assam	26.8818	93.6156	12223	
1271285	Ghogha	Gujarat	21.6881	72.2763	12208	Cogna|Gogha
11500562	Ottaikkalmantapam	Tamil Nadu	10.8827	76.9943	12207	Othakalmandapam
1278805	Amethi	Uttar Pradesh	28.0167	81.0500	12206	
13157098	Ravapara	Gujarat	22.7956	70.8257	12206	
7646160	Kambainallur	Tamil Nadu	12.2066	78.3172	12194	
1262029	Namchi	Sikkim	27.1649	88.3638	12190	
12519105	Bodeli	Gujarat	22.2731	73.7158	12184	
11462997	Kuttur	Kerala	10.5586	76.1998	12179	Kuttoor
1278091	Ayyampalaiyam	Tamil Nadu	10.2253	77.7485	12175	
1260407	Papparapatti	Tamil Nadu	12.2209	78.0592	12174	Paparapatti|Papparappatti
8740324	Bishnupur	Manipur	24.6285	93.7618	12167	
11659962	Ponnampatti	Tamil Nadu	10.3668	78.3955	12167	
1260447	Pansemal	Madhya Pradesh	21.6598	74.6994	12166	
1275845	Bhonrasa	Madhya Pradesh	22.9930	76.2098	12166	Bhaurasa
11462971	Mullassheri	Kerala	10.5333	76.0858	12165	Mullassery
11500564	Tirumalaiyampalaiyam	Tamil Nadu	10.8790	76.9295	12164	Thirumalayampalayam
1257298	Sapatgram	Assam	26.3373	90.1236	12163	
1263424	Mashat	Dadra and Nagar Haveli and Daman and Diu	20.2451	73.0084	12139	Masat|Massate
10503885	Khadki Buzurg	Maharashtra	20.6676	77.0223	12133	Khadki Bk
10657182	Yaripur	Jammu and Kashmir	33.7225	75.0181	12123	Yari Pora
1465996	Elandacheri	Tamil Nadu	13.1898	80.2710	12119	Edayanchavadi
10453733	Nalvadi	Maharashtra	20.7574	78.6222	12119	
1258714	Rambha	Odisha	19.5167	85.1000	12111	
1276983	Barghat	Madhya Pradesh	22.0307	79.7328	12100	
13157097	Ichchhapor	Gujarat	21.1931	72.7365	12097	
11682087	Neykkarappatti	Tamil Nadu	11.6225	78.1058	12090	
1272001	Erumaippatti	Tamil Nadu	11.1467	78.2900	12085	
1269106	Jawhar	Maharashtra	19.9121	73.2268	12082	
1257366	Sankheda	Gujarat	22.1702	73.5782	12077	
13353666	Chandkapur	Maharashtra	21.2815	79.1042	12077	
1275270	Bori	Maharashtra	20.9121	79.0045	12072	Patan Bori
11462943	Peragam	Kerala	10.5989	76.0240	12072	
13156925	Habibpur	Bihar	25.2383	86.9468	12063	
1260962	Pachmarhi	Madhya Pradesh	22.4679	78.4331	12062	Pachmarhi Cantonment|Pachmarhi Cantt
1254177	Trimbak	Maharashtra	19.9327	73.5291	12056	
1256976	Saurikh	Uttar Pradesh	27.0305	79.4881	12055	Saurikkh|Saurnikh
11682016	Karukkalvadi	Tamil Nadu	11.6714	78.0126	12052	
1270232	Hata	Uttar Pradesh	26.7412	83.7453	12050	
1266962	Kharar	West Bengal	22.7221	87.6782	12049	
1274672	Chandwa	Jharkhand	23.6756	84.7401	12046	
11519436	Kovilpalaiyampudur	Tamil Nadu	11.5077	77.3629	12044	Vaniputhur
10263044	Mubarakpur Dobas	Delhi	28.7098	77.0394	12043	
1253347	Vav	Gujarat	24.3646	71.5120	12034	
11522908	Arachchalur	Tamil Nadu	11.1627	77.7007	12034	Arachalur
13353348	Yol Cantonment	Himachal Pradesh	32.1845	76.3816	12028	
1253177	Vikravandi	Tamil Nadu	12.0369	79.5460	12022	
1267481	Kati	Maharashtra	17.9614	75.8889	12022	
1265875	Kozhancheri	Kerala	9.3500	76.7000	12021	Kozhencheri
8985727	Bihpuria	Assam	27.0169	93.9150	12016	
1271663	Gangavalli	Tamil Nadu	11.4983	78.6497	12015	
11488264	Kaniyur	Tamil Nadu	11.0930	77.1560	12011	
1277570	Balimila	Odisha	18.2517	82.1066	12008	Balimela
12519119	Marwar Junction	Rajasthan	25.7250	73.6033	12004	
1271985	Etikoppaka	Andhra Pradesh	17.5000	82.7333	12000	
1273847	Colva	Goa	15.2798	73.9228	12000	Kolva
8593959	Dayapar	Gujarat	23.6337	68.9019	12000	
1267176	Khairabad	Rajasthan	24.6596	75.9307	11993	
1267660	Karumbakkam	Tamil Nadu	12.7020	80.0911	11992	Karumbakham
1257765	Sailana	Madhya Pradesh	23.4622	74.9232	11989	
1260385	Paramati	Tamil Nadu	11.1544	78.0213	11986	Paramatti
1274961	Cavelossim	Goa	15.1725	73.9419	11983	Caveloesim|Kavelossim
1268875	Jobat	Madhya Pradesh	22.4160	74.5683	11976	Dzhobad
1263666	Mankuwa	Gujarat	23.2099	69.5676	11975	Mankuva
1278291	Ashti	Maharashtra	18.8052	75.1756	11972	Ashti Bidh
1270790	Gudur	Karnataka	15.9391	75.9141	11969	
11463378	Natathara	Kerala	10.5092	76.2591	11969	
1260821	Pakhar	Rajasthan	27.1174	76.9109	11960	Mandawar
1279373	Adalaj	Gujarat	23.1645	72.5811	11957	
1265766	Kukdeshwar	Madhya Pradesh	24.4828	75.2675	11956	
13156955	Mana-Camp	Chhattisgarh	21.1940	81.7170	11953	
13494742	Bankimnagar	Tripura	23.8187	91.4313	11949	
13157096	Kharaghoda	Gujarat	23.1871	71.7266	11944	
1275354	Bolanikhodan	Odisha	22.1131	85.3364	11942	Bolani
11661643	Ganguvarpatti	Tamil Nadu	10.1694	77.6974	11942	
10448743	Balirampur	Maharashtra	19.1208	77.3394	11939	
1258607	Rampur	Madhya Pradesh	24.3399	81.4753	11936	Rampur Naikin
1258788	Rajur	Maharashtra	20.1109	78.8931	11934	
10313772	Satraud Kalan	Haryana	29.1029	75.8147	11932	Satrod Kalan
1256952	Sawa	Rajasthan	24.7589	74.5799	11923	
12523315	Santirbazar	Tripura	23.3123	91.5613	11921	
1276472	Benaulim	Goa	15.2644	73.9281	11919	
1278196	Athner	Madhya Pradesh	21.6238	77.9152	11915	
1273287	Delvada	Gujarat	20.7754	71.0465	11912	
11557956	Pallappalaiyam	Tamil Nadu	10.9951	77.0845	11910	Pallapalayam
11655518	Attur	Tamil Nadu	8.3224	77.2558	11910	Athur
1278897	Amarpur	Tripura	23.5257	91.6588	11906	
1258731	Ramanuj Ganj	Chhattisgarh	23.8064	83.6998	11893	
11184591	Parappukkara	Kerala	10.4005	76.2493	11893	
8432857	Majhauli	Madhya Pradesh	24.1197	81.6300	11892	Majholi
11677244	Labbaikkudikkadu	Tamil Nadu	11.3922	79.0217	11891	
10688584	Maldhe	Maharashtra	20.5216	74.5534	11881	
1256072	Sirmaur	Madhya Pradesh	24.8365	81.3645	11878	
1253815	Umrala	Gujarat	21.8435	71.8030	11874	
11655925	Tamarakutamkudiyiruppu	Tamil Nadu	8.1014	77.4937	11872	Thenthamaraikulam
12523061	Barhi	Jharkhand	24.3037	85.4142	11867	
13156901	Gobindapur	Assam	26.1633	90.5927	11863	
1253950	Udiyavara	Karnataka	13.3025	74.7387	11854	Udayavara
10975846	Yelur	Karnataka	15.7816	74.5182	11850	Yellur
13353482	Kurattissery	Kerala	9.3187	76.5282	11849	
1278189	Atraulia	Uttar Pradesh	26.3333	82.9473	11847	Atrauliya
10682270	Tibri	Punjab	32.0031	75.4505	11845	
8443021	Kattakampala	Kerala	10.6942	76.0336	11836	
10706463	Partabpur	Madhya Pradesh	21.8343	75.6373	11835	Jaitpur
1276434	Beriwala	Rajasthan	28.7046	72.6419	11831	Beriyawali
13353429	Egarkunr	Jharkhand	23.7510	86.7694	11829	
13353369	Arwani	Jammu and Kashmir	33.7823	75.0674	11815	
13353428	Satgawan	Jharkhand	24.5480	84.2820	11811	
1257161	Sarjapur	Karnataka	12.8598	77.7866	11807	Sarjapura
1256467	Shitab Diara	Bihar	25.7563	84.6133	11800	Sitab-Diara
1269792	Ilampillai	Tamil Nadu	11.6066	78.0068	11797	
10774253	Chittapari	Odisha	18.2433	82.0499	11796	Balimela
13157095	Sidsar	Gujarat	21.7189	72.1112	11795	
11203604	Nahira	Assam	26.1093	91.4704	11790	
13353665	Nagapur	Maharashtra	19.1585	74.7009	11790	
11522812	Avalpundurai	Tamil Nadu	11.2310	77.7182	11789	Avalpoondurai
1348791	Gobindapur	West Bengal	22.5931	88.0914	11781	
1275713	Bihpuriagaon	Assam	27.0172	93.9167	11780	
1265190	Lala	Assam	24.5542	92.6159	11771	
1445131	Mailaram	Telangana	17.5013	78.1239	11759	Eddumailaram
1253504	Valangaiman	Tamil Nadu	10.8901	79.3932	11754	
11583642	Neykkarappatti	Tamil Nadu	10.4489	77.4627	11753	Neikkarapatti
13494679	Kuhalur	Tamil Nadu	11.4338	77.4960	11753	
1271621	Ganjam	Odisha	19.3870	85.0508	11747	Canjam
13156987	Chilla Saroda Khadar	Delhi	28.5876	77.3036	11743	
1275633	Bilaspur	Haryana	30.3045	77.3042	11733	
13494678	Sevugampatti	Tamil Nadu	10.1988	77.8046	11730	
11463869	Vadakkumbagam	Kerala	10.1418	76.4168	11727	Vadakkumbhagom
13157094	Ranoli	Gujarat	22.4007	73.1354	11726	
13353610	Pankhedi	Madhya Pradesh	23.3471	76.8363	11723	
1274406	Cherrapunjee	Meghalaya	25.3009	91.6962	11722	Cerapunci|Cerapundzi|Cerapundzis|Cherapundzhi|Cherapundzi|Cherapunjee|Cherapunji|Cherrapundzhi|Cherrapunji|Cherripunji|Czerapundzi
13156900	Lido Town	Assam	27.2940	95.7417	11717	
11519512	Lakkampatti	Tamil Nadu	11.4461	77.4119	11716	
1267311	Kelwa	Rajasthan	25.1521	73.8433	11712	
13156899	Salpara Molandubi Pt.-I	Assam	26.0283	90.6735	11709	
1277658	Balagunda	Odisha	22.1000	85.3667	11708	Balgoda
1279318	Aduthurai	Tamil Nadu	11.0154	79.4809	11705	
1269947	Hosakote	Karnataka	14.2760	77.1683	11692	
13156898	Ambicapur Pt VIII	Assam	24.8209	92.7754	11691	
1274457	Chechat	Rajasthan	24.7667	75.8833	11690	
13353664	Nachane	Maharashtra	16.9844	73.3393	11688	
1264200	Makron	Madhya Pradesh	23.5067	76.0748	11678	Makdon|Makrone
1270458	Hamirgarh	Rajasthan	25.1877	74.6312	11678	Hameer Garh
1262284	Naduvattam	Tamil Nadu	11.4808	76.5436	11674	
1269525	Jainpur	Uttar Pradesh	26.1539	83.3350	11674	Jianpur|Jiyanpur
11604588	Ullur	Tamil Nadu	10.9706	79.4063	11673	
1266513	Kiranur	Tamil Nadu	10.5699	78.7868	11667	Keeranur
13494677	Naranapuram	Tamil Nadu	9.4505	77.8352	11665	
11500541	Vedappatti	Tamil Nadu	10.9988	76.8960	11658	
13157093	Freelandgunj	Gujarat	22.8384	74.2363	11657	
1279110	Akodia	Madhya Pradesh	23.3803	76.5987	11652	
1260606	Panamaram	Kerala	11.7401	76.0737	11651	
1274229	Chikiti	Odisha	19.2023	84.6145	11645	Chikati|Chikitigarh|Chikitigarkh
1275466	Bishnah	Jammu and Kashmir	32.6106	74.8556	11645	Bishna
8347660	Veeraganur	Tamil Nadu	11.4769	78.7352	11624	Veraganur
1256747	Shahapur	Maharashtra	19.4523	73.3257	11623	
13353481	Padiyam	Kerala	10.4526	76.1030	11623	
12572558	Saitual	Mizoram	23.6831	92.9671	11619	
1274184	Chiman	Punjab	30.0936	75.6875	11615	Cheema
1258242	Rehti	Madhya Pradesh	22.7378	77.4340	11611	Rheti
10846142	Nadisal	Karnataka	13.1326	74.7777	11611	Nadsal
11663257	Kallakkudi	Tamil Nadu	10.9768	78.9513	11604	
11462993	Veluthur	Kerala	10.5397	76.2237	11602	
10523631	Gokunda	Maharashtra	19.6071	78.2007	11600	
1273088	Devipattinam	Tamil Nadu	9.4776	78.8956	11599	Devipatam|Devipattana|Devipattanam
1252734	Yercaud	Tamil Nadu	11.7760	78.2093	11582	
13353480	Velloorkunnam	Kerala	10.0047	76.5474	11576	
11463555	Vadapadam	Kerala	10.2673	76.2666	11573	Vadama
1254302	Titron	Uttar Pradesh	29.6682	77.3239	11569	
1270252	Hasanpur	Haryana	27.9694	77.4954	11569	Hassan Pur
1275959	Bhim	Rajasthan	25.7380	74.0801	11568	
6692844	Chikkabidarakallu	Karnataka	13.0516	77.4884	11554	
1270854	Govindgarh	Rajasthan	27.5042	76.9994	11552	
1466017	Tirurageswaram	Tamil Nadu	13.0092	80.1475	11551	Gerugambakkam
10699493	Kudwa	Maharashtra	21.4780	80.1856	11549	
11578838	Chinnakkampalaiyam	Tamil Nadu	10.7064	77.4575	11546	
8846373	Rajgamar	Chhattisgarh	22.3820	82.8330	11544	
1253730	Uppala	Kerala	12.6844	74.9007	11542	
11463018	Kolazhi	Kerala	10.5724	76.2187	11540	
10972498	Dharmaram	Telangana	18.3038	79.4892	11537	
1260603	Panapakkam	Tamil Nadu	12.9210	79.5663	11536	Panapakkam-Arkonam
1254142	Tsrar Sharif	Jammu and Kashmir	33.8632	74.7652	11533	Charar Sharif|Charar-i-Sharief|Charar-i-Sharif|Cherar-i-Sharif|Tasrar Sharif
1274916	Chakai	Bihar	24.5493	86.3978	11525	
1260064	Patrasaer	West Bengal	23.1970	87.5332	11520	Patrassyar
1268893	Jiran	Madhya Pradesh	24.3087	74.8909	11518	
11682168	Ayodhyapattanam	Tamil Nadu	11.6755	78.2409	11517	Ayothiapattinam
10468899	Potreddipalli	Telangana	17.5880	78.0798	11514	Pothreddipalle
1261033	Orchha	Madhya Pradesh	25.3519	78.6403	11511	Orachha|Orcha|Orchga|Orchkha|Orcsha
11680349	Puduppatti	Tamil Nadu	9.7658	77.3065	11511	
11488257	Arasur	Tamil Nadu	11.0866	77.1146	11510	
13353663	Chitegaon	Maharashtra	19.7584	75.2895	11507	
11461621	Talaiyur	Tamil Nadu	11.0102	76.8490	11500	Dhaliyur
10673523	Kamalapuram	Telangana	18.2680	80.4890	11493	
8199724	Thondamuthur	Tamil Nadu	10.9908	76.8418	11492	
1272660	Dhuwaran	Gujarat	22.2378	72.7591	11473	Dhuvaran
13156760	Bandarulanka	Andhra Pradesh	16.5828	81.9617	11470	
1348776	Masila	West Bengal	22.5808	88.2328	11461	
7289823	Hinjawadi	Maharashtra	18.5934	73.7298	11459	
1253751	Uniara	Rajasthan	26.1534	75.2152	11441	Uniyara Khurd
11185173	Dumarkunda	Jharkhand	23.7150	86.7935	11434	
1259292	Pudur	Tamil Nadu	12.9980	79.1435	11432	
1261832	Narayanavanam	Andhra Pradesh	13.4256	79.5888	11432	
1273637	Dalmau	Uttar Pradesh	26.0648	81.0298	11432	Dalmaw
1257178	Sargur	Karnataka	11.9997	76.3961	11425	Saragur
1262201	Nagina	Haryana	27.9172	76.9821	11417	
13156759	Modameedipalle	Andhra Pradesh	14.7360	78.5606	11397	
1279083	Azhagiapandipuram	Tamil Nadu	8.3007	77.4439	11392	Alagiapandipuram|Azhakiapandipuram
1268671	Kadiyampatti	Tamil Nadu	11.8720	78.0961	11390	
1265234	Lakhna	Uttar Pradesh	26.6482	79.1477	11389	Dakhna
9794231	Roing	Arunachal Pradesh	28.1432	95.8447	11389	
10929437	Kuttali	Kerala	11.5855	75.7666	11389	Koothali
1268687	Kadattur	Tamil Nadu	12.0861	78.2926	11382	Kadatur
13494675	Pudupalayam	Tamil Nadu	12.3620	78.8776	11382	
1270317	Harji	Rajasthan	25.2918	72.8598	11380	
13353662	Utekhol	Maharashtra	18.2439	73.2867	11380	
1263795	Mangalam	Tamil Nadu	9.7647	78.6404	11379	Mungalum
8432244	Kakching Khunou	Manipur	24.4047	93.8998	11379	
1256167	Singhana	Rajasthan	28.0996	75.8389	11372	
1271948	Faridnagar	Uttar Pradesh	28.7692	77.6293	11371	
13494741	Gakulnagar	Tripura	23.7116	91.2571	11369	
1273474	Dariawad	Rajasthan	24.1012	74.4431	11368	Dhariawad
13353459	Konaje	Karnataka	12.7970	75.5102	11368	
10244618	Bishrampur	Chhattisgarh	23.1897	83.0047	11367	
1277863	Bagra	Jharkhand	23.7333	86.3167	11364	
1255221	Takalghat	Maharashtra	20.9152	78.9469	11363	
1263201	Meghraj	Gujarat	23.4980	73.5135	11363	
1277135	Baragaon	Uttar Pradesh	25.4294	82.8171	11362	
10812086	Sanrha	Bihar	25.7979	84.7505	11362	
1264456	Mahalpur	Punjab	31.3619	76.0377	11360	
13494740	Uttar Champamura	Tripura	23.8312	91.3399	11359	
11348609	Sevur	Tamil Nadu	12.9555	78.8531	11356	
1253381	Vartej	Gujarat	21.7395	72.0655	11354	
1268874	Jobner	Rajasthan	26.9726	75.3875	11354	
1258590	Rampura	Uttar Pradesh	26.3497	79.1823	11347	
11462978	Venkidanga	Kerala	10.5192	76.0860	11335	Venkitangu
1255713	Sorab	Karnataka	14.3814	75.0918	11332	
1256661	Shamsabad	Madhya Pradesh	23.8149	77.4957	11329	
13494674	Manimutharu	Tamil Nadu	8.6577	77.4139	11323	
1265205	Lakshettipet	Telangana	18.8667	79.2167	11322	Lakhsetipet|Laxettipet|Luxettipet
1271130	Gobindpur	Jharkhand	23.8356	86.5185	11318	
1252714	Yol	Himachal Pradesh	32.1642	76.1962	11314	Yol Cantonment
1253992	Udayagiri	Odisha	20.1242	84.3687	11302	G. Udayagiri|Ghumusar Udayagiri|Udaigiri
10905380	Ghazipur	Bihar	25.0983	86.6603	11299	Gazipur
1276568	Belaguntha	Odisha	19.8825	84.6380	11297	
11522268	Kanjikkovil	Tamil Nadu	11.3689	77.5962	11294	Kanjikoil
1263648	Manohar Thana	Rajasthan	24.2400	76.8018	11292	
11657498	Uppidamangalam	Tamil Nadu	10.9034	78.1575	11292	
1255791	Sonamura	Tripura	23.4755	91.2659	11285	
8442575	Puduvayal	Tamil Nadu	10.1034	78.8462	11284	
13494728	Allipur	Telangana	17.6763	77.6289	11276	
1256117	Sinor	Gujarat	21.9112	73.3397	11267	
10801076	Karnawad	Madhya Pradesh	22.7361	76.2439	11266	
11621236	Tirumalarajanpatnam	Puducherry	10.8721	79.8302	11264	Thirumalairayanpattinam
13157092	Antarjal	Gujarat	23.0544	70.0831	11256	
1268000	Kanota	Rajasthan	26.8710	75.9484	11250	Kanauta
1269811	Idukki	Kerala	9.8500	76.9667	11248	Idiaki|Idikki
11184586	Pathsala	Assam	26.5114	91.1802	11242	
11656708	Marungur	Tamil Nadu	8.1721	77.5037	11236	
1268694	Kadambuttur	Tamil Nadu	13.0976	79.8623	11235	Kadambattur|Kadambatur
13353458	Srirampura	Karnataka	12.2549	76.6215	11234	
13353661	Shivatkar	Maharashtra	18.1016	74.2142	11228	
11680655	Rayagiri	Tamil Nadu	9.3037	77.4475	11223	
1278682	Anandnagar	Uttar Pradesh	27.1006	83.2716	11220	Pharenda
1445624	Chandur	Telangana	17.8745	78.1002	11220	
13156897	Chapra	Assam	24.8704	92.5579	11220	
1257887	Sadat	Uttar Pradesh	25.6712	83.3027	11211	
1267390	Kavaratti	Lakshadweep	10.5669	72.6420	11210	Atol Kavaraci|Kavaratis
1276922	Barkhera Kalan	Uttar Pradesh	28.4521	79.8066	11209	Barkhera|Barkhera Kala|Barkkhera
13156954	Bhatgaon	Chhattisgarh	23.3598	82.9966	11204	
1254832	Tawang Town	Arunachal Pradesh	27.5742	91.7950	11202	Mon Tawang|T'a-wan|Tang Shyo|Tavang|Tawang|Tawang Shyo|Towang
13353427	Hasir	Jharkhand	23.7735	85.8140	11195	
1262435	Murgud	Maharashtra	16.3960	74.1914	11194	
12382219	Andrott	Lakshadweep	10.8119	73.6741	11191	
11625366	Tundhul	Jharkhand	23.3247	85.2447	11190	Tundiul
10165772	Diwakari	Rajasthan	27.5553	76.6594	11188	
10778128	Guntupalle	Andhra Pradesh	16.5679	80.5476	11187	
11682456	Pillanallur	Tamil Nadu	11.4322	78.1334	11181	
1272446	Dohrighat	Uttar Pradesh	26.2722	83.5092	11180	
1259261	Puliyur	Tamil Nadu	10.6337	78.8414	11174	
11682097	Pudur	Tamil Nadu	11.6327	78.1051	11173	Puthur Agraharam
1254358	Tirupananthal	Tamil Nadu	11.0923	79.4525	11169	Thiruppanandal|Tirupanandal|Tiruppanandal
13156986	Raj Pur Khurd	Delhi	28.4945	77.1908	11161	
13494739	Fulkumari	Tripura	23.5230	91.5048	11160	
1277795	Bahsuma	Uttar Pradesh	29.2006	77.9722	11157	
1277225	Banskhoh	Rajasthan	26.8309	76.1521	11150	Banskho
1278187	Atru	Rajasthan	24.8769	76.6611	11141	
13353479	Poomangalam	Kerala	10.3113	76.1929	11141	
11604573	Annal Agraharam	Tamil Nadu	10.9485	79.3683	11129	
1441210	Chhutmalpur	Uttar Pradesh	30.0321	77.7533	11127	Chkhutmalpur
13156758	Perur	Andhra Pradesh	13.6188	79.3825	11127	
1267221	Keskal	Chhattisgarh	20.0836	81.5867	11115	
1262572	Mulaikkaraippatti	Tamil Nadu	8.5454	77.7679	11112	Moolakaraipatti|Mulaikaraipatti
11072585	Maidan Garhi	Delhi	28.5003	77.2056	11111	
1253308	Velankanni	Tamil Nadu	10.6833	79.8333	11108	Vailankanni|Velangann|Velanganni
11686591	Okni	Jharkhand	24.0001	85.3548	11106	Okani-II
11519433	Kempanayakkanpalaiyam	Tamil Nadu	11.5310	77.3014	11103	Kembainaickenpalayam
1275474	Bisenda Buzurg	Uttar Pradesh	25.4035	80.6189	11100	Bisanda|Bisenda
1265739	Kulattur	Tamil Nadu	10.7052	78.5507	11083	
1270402	Hanur	Karnataka	12.0874	77.3021	11066	Hamur
10261557	Bhattian	Punjab	30.9610	75.8289	11066	
1274383	Cheyyur	Tamil Nadu	12.3495	80.0030	11060	Chaeur|Chejjur|Cheyur
11463053	Chiramanangad	Kerala	10.6905	76.1177	11060	
11656724	Kottaram	Tamil Nadu	8.1188	77.5243	11055	
1271287	Ghogaon	Madhya Pradesh	21.9162	75.7473	11054	Gogaon
8858031	Bilha	Chhattisgarh	21.9500	82.0500	11048	
1257737	Saitlaw	Mizoram	23.9719	92.5745	11043	Saitual
1267428	Kattupputtur	Tamil Nadu	10.9939	78.2193	11040	Kattuputtur|Katuputur
1253383	Varsoli	Maharashtra	18.6665	72.8692	11039	Chendhare
10790583	Attippattu	Tamil Nadu	13.2633	80.2911	11034	Athipattu
1259039	Raha	Assam	26.2333	92.5167	11030	
1257005	Satrikh	Uttar Pradesh	26.8605	81.1957	11023	
9072757	Khawzawl	Mizoram	23.5177	93.1889	11022	
11660340	Budipuram	Tamil Nadu	10.0035	77.4458	11022	Boothipuram
13156896	Gerimari Chapori	Assam	26.4278	92.0251	11004	
1260555	Pandatarai	Chhattisgarh	22.1871	81.3281	11000	
1270286	Harrai	Madhya Pradesh	22.6143	79.2221	11000	Kharai
10941117	Benkanhalli	Karnataka	15.8641	74.4570	10999	Benakanahalli
11186282	Anjugramam	Tamil Nadu	8.1544	77.5781	10982	
1263880	Mandawar	Rajasthan	27.8637	76.5500	10979	
10700999	Budha Theh	Punjab	31.5177	75.3009	10979	
1278802	Amgaon	Maharashtra	21.3720	80.3845	10972	Amgaon bk.
10192324	Mahu Khurd	Rajasthan	26.4693	76.7325	10971	Mahu Kalan
11522284	Nasiyanur	Tamil Nadu	11.3381	77.6408	10970	
1263942	Manavalakurichi	Tamil Nadu	8.1478	77.3055	10969	
1264473	Mahagama	Jharkhand	25.0343	87.3187	10969	
11683541	Tottakkurichchi	Tamil Nadu	11.0713	78.0315	10969	Punjai Thottakurichi
1271983	Ettapur	Tamil Nadu	11.6624	78.4764	10968	
1276374	Bhabhra	Madhya Pradesh	22.5305	74.3285	10968	Bhabra|Bhavra
1255844	Solim	Goa	15.6152	73.7674	10936	Siolim
1271052	Gola Bazar	Uttar Pradesh	26.3446	83.3530	10936	
1275940	Bhimpur	Dadra and Nagar Haveli and Daman and Diu	20.4500	72.8833	10936	Bhimpore|Bimpor
13157155	Satrod Khas	Haryana	29.1308	75.7917	10932	
13353660	Rahanal	Maharashtra	19.2704	73.0272	10928	
11419015	Bhuja Bhuja Nellore	Andhra Pradesh	14.3947	79.9399	10927	Buja Buja Nellore
11658948	Marudur	Tamil Nadu	10.9160	78.4509	10925	
11488210	Moparipalaiyam	Tamil Nadu	11.1332	77.1470	10923	Mopperipalayam
1348583	Kesabpur	West Bengal	22.9683	88.2628	10921	
1273371	Daurala	Uttar Pradesh	29.1134	77.7047	10915	
13353368	Mehmood Pora	Jammu and Kashmir	33.6874	74.9952	10910	
1275053	Buriya	Haryana	30.1591	77.3581	10903	Buria
1270798	Gudlavalleru	Andhra Pradesh	16.3500	81.0500	10902	
13156895	Gutlong Gaon	Assam	26.6534	92.8161	10900	
1436767	Kheri Sampla	Haryana	28.7781	76.7756	10891	
1253145	Viralimalai	Tamil Nadu	10.6023	78.5471	10883	
10485745	Chandur	Telangana	16.9809	79.0588	10880	
1261844	Narasingapuram	Andhra Pradesh	13.6076	79.3165	10875	
1268271	Kamalpur	Tripura	24.1959	91.8344	10872	
1263253	Mayapur	West Bengal	22.4167	88.1167	10871	Moyapur
1258221	Rengali	Odisha	21.6460	84.0531	10867	
13589597	Dever Inder Bug	Jammu and Kashmir	34.4558	74.4507	10863	
1260706	Paliyad	Gujarat	22.2576	71.5602	10862	Paliad
8443026	Anjur	Kerala	10.5917	76.1545	10860	
1253147	Viraganur	Tamil Nadu	11.4761	78.7355	10854	
11664575	Sakkimangalam	Tamil Nadu	9.8812	78.1924	10854	
11461184	Vubatalai	Tamil Nadu	11.3597	76.7649	10852	Hubbathala
10910199	Valavilcheleri	Kerala	11.9525	75.4043	10848	Cheleri
8224280	Kargal	Karnataka	14.1883	74.8127	10847	Jog Kargal
10261563	Pratap Singhwala	Punjab	30.9282	75.7786	10843	Partap Singhwala
13494537	Thongju	Manipur	24.7576	93.9374	10836	
11682544	Kalappanayakkanpatti	Tamil Nadu	11.3284	78.2444	10831	Kalappanaickenpatti
10688582	Sangmeshwar	Maharashtra	20.5499	74.5283	10815	
1272508	Dispur	Assam	26.1356	91.8007	10812	Dishpur|Dispuras
1261915	Nangavalli	Tamil Nadu	11.7619	77.8909	10809	Nangavelli
11442819	Nemili	Tamil Nadu	12.9783	79.6172	10806	
10979212	Jali	Karnataka	13.9901	74.5307	10802	
11463872	Tekkumbagam	Kerala	10.1234	76.4166	10798	Thekkumbhagom
1279161	Ajjampur	Karnataka	13.7279	76.0068	10795	
8223964	Krishnarayapuram	Tamil Nadu	10.9563	78.2831	10792	
11463871	Kizhakkumbagam	Kerala	10.1315	76.4447	10791	
10735248	Bagrana	Rajasthan	26.8847	75.9324	10790	
1445342	Medpalli	Telangana	17.4061	78.6044	10787	Medipalle
13156935	Mauli Jagran	Chandigarh	30.6919	76.8259	10786	
1266632	Khujner	Madhya Pradesh	23.7860	76.6177	10785	
1271692	Gangaikondan	Tamil Nadu	8.8578	77.7802	10779	Gaingundaun|Gangalkondan
1278987	Allapalli	Maharashtra	19.4317	80.0638	10772	Alapillai
6989990	Bhankarpur	Punjab	30.6062	76.8363	10768	
1277874	Bagli	Madhya Pradesh	22.6412	76.3488	10764	
1268355	Kallupatti	Tamil Nadu	9.7167	77.8667	10762	T.Kallupatti
1260232	Partapur	Rajasthan	23.5928	74.1740	10758	Partapor
1261638	Nawabganj	Uttar Pradesh	26.4972	80.3093	10758	Kanpur Nawabganj
9782154	Choglamsar	Ladakh	34.1116	77.5879	10754	
1274380	Chhachhrauli	Haryana	30.2449	77.3603	10751	
11184126	Ammavarikuppam	Tamil Nadu	13.1779	79.4128	10750	
8477299	Mahuver	Gujarat	21.0267	72.8868	10749	Mahuvar
11662067	Sirugamani	Tamil Nadu	10.8950	78.5301	10743	
11712127	Pulambadi	Tamil Nadu	11.4124	78.7141	10737	Poolambadi
1268399	Kalinagar	Uttar Pradesh	28.6202	80.0815	10728	
1275193	Bramhabarada	Odisha	20.7426	86.2445	10721	Brahmabarada
8985916	Siltara	Chhattisgarh	21.3812	81.6638	10721	
1258914	Rajapur	Maharashtra	16.6568	73.5170	10718	
1262083	Nalagarh	Himachal Pradesh	31.0417	76.7228	10708	
1259017	Raia	Goa	15.3050	73.9710	10706	
11185798	Maktampur	Gujarat	21.7051	73.0119	10704	
11656337	Gopalasamudram	Tamil Nadu	8.6747	77.6379	10694	
1260249	Parshadepur	Uttar Pradesh	26.0735	81.4921	10690	
1279072	Alampur	Madhya Pradesh	26.0251	78.7970	10686	
10689458	Piplya Kumar	Madhya Pradesh	22.7685	75.9121	10684	
10926789	Kathanian	Punjab	31.6373	74.7572	10679	
8740333	Chakghat	Madhya Pradesh	25.0428	81.7281	10678	
1275859	Bhulath Gharbi	Punjab	31.5428	75.5075	10669	Bholath
1265452	Kushalgarh	Rajasthan	23.1990	74.4507	10666	
1263833	Mandu	Madhya Pradesh	22.3412	75.4013	10657	Mandav
1274772	Chandarun	Rajasthan	26.9270	74.3355	10655	Goredi Chancha
1276955	patamda	Jharkhand	24.3000	85.4167	10655	
11184492	Puranattukara	Kerala	10.5453	76.1522	10655	
10261413	Puth Khurd	Delhi	28.7700	77.0494	10654	Pooth Khurd
10534080	Khanr	Madhya Pradesh	24.1808	81.2857	10653	Khand
11677612	Srirampuram	Tamil Nadu	10.4346	77.8075	10653	
1259875	Periyapatti	Tamil Nadu	10.7581	77.2709	10647	Perijapati
1267680	Karrapur	Madhya Pradesh	23.9489	78.8658	10647	
1272996	Dhana	Madhya Pradesh	23.7470	78.8623	10641	
13156985	Jona Pur	Delhi	28.4661	77.1538	10635	
1265740	Kulattur	Tamil Nadu	9.0032	78.1928	10632	Kulathur
1276388	Betul Bazar	Madhya Pradesh	21.8557	77.9291	10630	Betul
10707464	Takli	Maharashtra	20.4707	75.0244	10630	Takali Pr. Chalisgaon
1255127	Talgram	Uttar Pradesh	27.0475	79.6481	10629	
10469713	Kandri	Maharashtra	21.2430	79.2391	10624	
1278070	Babai	Rajasthan	27.8876	75.7622	10620	
11680389	Hanumantanpatti	Tamil Nadu	9.7858	77.3170	10619	
10261499	Ibrahimpur	Delhi	28.7757	77.1777	10614	Ibrahim Pur
10832916	Janpur	Bihar	25.2958	84.8789	10614	
10525096	Yenugonda	Telangana	16.7567	78.0357	10611	
11522022	Appukkudal	Tamil Nadu	11.4685	77.5766	10610	Appakudal
1275426	Bithur	Uttar Pradesh	26.6066	80.2710	10602	
1255297	Suthalia	Madhya Pradesh	23.9955	77.1395	10596	
1257264	Sarai Ekdil	Uttar Pradesh	26.7444	79.0935	10594	
12523401	Lamshang	Manipur	24.8159	93.8742	10593	Lamjaotongba
10498962	Satai	Madhya Pradesh	24.7220	79.6310	10592	
1262062	Naliya	Gujarat	23.2606	68.8265	10587	
1255130	Talen	Madhya Pradesh	23.5695	76.7282	10582	
10853355	Arshakunti	Karnataka	13.0785	77.4225	10567	Arasinakunte
8431462	Rengte	Assam	24.4811	92.7586	10554	Vairengte
1260933	Paddhari	Gujarat	22.4365	70.6016	10547	
1270856	Govindgarh	Madhya Pradesh	24.3785	81.2964	10547	
8858051	Nawagarh	Chhattisgarh	21.9008	81.6135	10541	
1277614	Baldev	Uttar Pradesh	27.4068	77.8221	10536	Baldeo|Dauji
1264567	Madhogarh	Uttar Pradesh	26.2752	79.1859	10530	
1265943	Kothri Kalan	Madhya Pradesh	23.0722	76.8296	10526	Kothri|Kotri Kalan
1264041	Mallur	Tamil Nadu	11.5442	78.1408	10524	
7303913	Pavuluru	Andhra Pradesh	15.8529	80.1647	10524	
1445236	Kotur	Telangana	17.1484	78.2873	10519	Kothur
1271534	Gariaband	Chhattisgarh	20.6332	82.0622	10517	
10434734	Rurki	Punjab	30.3695	76.4741	10509	Rurki Kasba
13157091	Mithapur	Gujarat	22.4141	69.0088	10508	
10519947	Kondhi	Maharashtra	20.0145	79.2856	10497	Kondumal
10975825	Kangarali-budrukh	Karnataka	15.9052	74.5113	10496	
1260786	Palamedu	Tamil Nadu	10.1050	78.1134	10493	
13353478	Ala	Kerala	10.2535	76.1857	10493	
1270467	Haludpukhur	Jharkhand	22.6011	86.1384	10485	
13156757	Yenumalapalle	Andhra Pradesh	14.1442	77.8169	10482	
11463928	Poyya	Kerala	10.2099	76.2551	10478	
13157090	Daheli	Gujarat	20.2697	72.8788	10475	
1257857	Safapur	Jammu and Kashmir	34.2606	74.6642	10471	Safa Pora
13353477	Keerikkad	Kerala	9.1772	76.4856	10465	
1268177	Kanar	Madhya Pradesh	23.6721	76.1708	10458	Kanad
11556854	Padaivedu	Tamil Nadu	11.4401	77.8089	10451	
1258484	Rangpo	Sikkim	27.1773	88.5336	10450	Rongphu|Rungpo
1261968	Nandgaon	Uttar Pradesh	27.7110	77.3865	10449	
10883452	Marai Kalan	Jharkhand	24.0211	85.3506	10447	
11185845	Minicoy	Lakshadweep	8.2890	73.0617	10447	
1262891	Mohgaon	Madhya Pradesh	21.6394	78.7364	10446	
1466005	Surappattu	Tamil Nadu	13.1429	80.1917	10444	Soorapattu
1277247	Banposh	Odisha	22.2483	84.8104	10430	Banposi|Panposh
13353476	Kadannappalli	Kerala	12.1000	75.2762	10430	
1275753	Bichhia	Madhya Pradesh	22.4505	80.7024	10427	
1277875	Bagicha	Chhattisgarh	22.9773	83.6570	10427	
1270192	Hatod	Madhya Pradesh	22.7938	75.7393	10425	
1263646	Manor	Maharashtra	19.7244	72.9097	10421	Manori|Munnar
1276463	Beniganj	Uttar Pradesh	27.2929	80.4436	10418	
1258190	Revadanda	Maharashtra	18.5536	72.9256	10416	Revdanda
1262650	Mudki	Punjab	30.7800	74.8811	10415	
1276399	Bethamangala	Karnataka	13.0085	78.3282	10413	Betmangala
6991400	Kari	Madhya Pradesh	24.8368	78.8665	10409	
1261675	Naushahra	Jammu and Kashmir	33.1571	74.2401	10408	Naoshera|Nowshehra
13353475	Vadakkumkara	Kerala	10.3042	76.2189	10407	
1254442	Tindwari	Uttar Pradesh	25.6174	80.5272	10406	
1267974	Kantaphor	Madhya Pradesh	22.5766	76.5596	10405	
1262134	Naigarhi	Madhya Pradesh	24.7869	81.7787	10404	Niagurhi
10846344	Manjanadi	Karnataka	12.7828	74.8979	10401	
1267357	Kayattar	Tamil Nadu	8.9483	77.7742	10400	Kayatar|Kayatharu
1257215	Saravli	Maharashtra	19.7770	72.7528	10397	Salwad
1259898	Peraiyur	Tamil Nadu	9.7358	77.7896	10394	Paryur
1274822	Champua	Odisha	22.0673	85.6646	10394	
1263760	Manglya	Madhya Pradesh	22.8146	75.9258	10393	Manglaya Sadak|Manglia
11345687	Nattarampalli	Tamil Nadu	12.5920	78.5116	10390	Natrampalli
13156894	Umrangso	Assam	25.5119	92.7376	10376	
1272023	Eraniel	Tamil Nadu	8.2059	77.3173	10375	
12523508	Pfutsero	Nagaland	25.5704	94.2983	10371	
13156893	Kampur Town	Assam	26.1595	92.6586	10371	
11677743	Kannivadi	Tamil Nadu	10.3794	77.8303	10369	
1278921	Amanpur	Uttar Pradesh	27.7122	78.7379	10362	
1279385	Acharapakkam	Tamil Nadu	12.4028	79.8170	10362	Acharapokam|Achcharapakkam
8402790	Lohian	Punjab	31.1619	75.2097	10362	Lohian Khas
1264921	Lilia	Gujarat	21.5368	71.3636	10359	Lilia Moia|Liliya
1276093	Bharweli	Madhya Pradesh	21.8373	80.2271	10357	
11683710	Kusavampatti	Tamil Nadu	11.2192	78.1808	10356	Kosavampatti
11184900	Devsar	Gujarat	20.7851	72.9840	10346	
1276756	Basna	Chhattisgarh	21.2788	82.8267	10345	
10214306	Brahmani	Maharashtra	21.2477	78.9065	10341	Bamhni
1261107	Nyamti	Karnataka	14.1487	75.5764	10338	Nyamati
10263040	Kanjhawala	Delhi	28.7368	77.0052	10331	
1261262	Niwari	Uttar Pradesh	28.8761	77.5382	10330	
1262452	Muragacha	West Bengal	23.5363	88.3942	10324	Muragachha
13156892	Morongial	Assam	26.3326	92.6835	10318	
1269657	Itamati	Odisha	20.1378	85.1524	10317	
1277046	Barauni	Madhya Pradesh	25.6851	78.3754	10309	Badoni|Baroni|Baroni Khurd
13156741	Prothrapur	Andaman and Nicobar	11.6180	92.7244	10308	
13156891	Chapakhowa Town	Assam	27.9153	95.7664	10305	
11683678	Kondichettippatti	Tamil Nadu	11.2007	78.1634	10300	
1264569	Madhoganj	Uttar Pradesh	27.1181	80.1406	10299	Hardoi
11462910	Vayilathur	Kerala	10.6392	76.0157	10298	Vylathur
11488167	Agrahara Samakkulam	Tamil Nadu	11.1528	77.0110	10289	Sarcarsamakulam
1259259	Pullambadi	Tamil Nadu	10.9411	78.9104	10288	Pullampadi
1266484	Kishangarh	Rajasthan	27.8189	76.7297	10288	
13494673	Sankaramanallur	Tamil Nadu	10.4811	77.3621	10283	
1277770	Baikunthpur	Madhya Pradesh	24.7277	81.4098	10282	Baikanthpur|Baikantkhpur
13494672	Ilanji	Tamil Nadu	8.9604	77.2800	10282	
1255493	Sultanpur	Madhya Pradesh	23.1381	77.9340	10268	
1277470	Bamhni	Madhya Pradesh	22.4822	80.3716	10266	Bamhani|Bamni
1465576	Agaram	Tamil Nadu	13.1100	80.2333	10263	Puthagaram
11488311	Muttukavundanpudur	Tamil Nadu	11.0498	77.1151	10259	Muthugoundam Pudur
1268273	Kamalnagar	Karnataka	18.2310	77.1791	10252	Kamainagar
1257651	Islampur	Rajasthan	28.1501	75.5399	10247	Salampur
1261034	Orathanadu	Tamil Nadu	10.6232	79.2549	10247	Orattanad|Orattanadu
13494541	Diphupar 'A'	Nagaland	25.8578	93.7690	10246	
1277793	Bahua	Uttar Pradesh	25.8394	80.6226	10243	
1253115	Virpur	Gujarat	23.1892	73.4799	10238	
11185242	Dimaruguri	Assam	26.3452	92.7149	10235	
1261829	Narayangarh	Madhya Pradesh	24.2708	75.0501	10233	
10759174	Koteshwar	Karnataka	13.5894	74.6962	10229	
13157023	Sao Jose de Areal	Goa	15.2546	74.0146	10229	
1274267	Chichli	Madhya Pradesh	22.8336	78.8261	10225	
10689459	Lassodyameri	Madhya Pradesh	22.7832	75.9126	10225	Lasudiya Mori
1263832	Mandu	Jharkhand	23.7946	85.4687	10223	
11682195	Erumapalaiyam	Tamil Nadu	11.6324	78.1695	10220	
10433124	Lahauran Bara	Punjab	30.3967	76.1562	10218	Alhoran
1277671	Buxwaha	Madhya Pradesh	24.2511	79.2862	10216	Bakshwaho|Bakswaho
13157036	Chhatral INA	Gujarat	23.2869	72.4380	10215	Chhatral
1254222	Tori-Fatehpur	Uttar Pradesh	25.4550	79.1143	10210	
13156890	Khaira Bari	Assam	26.5108	90.9689	10210	
11684152	Kirippatti	Tamil Nadu	11.5357	78.4897	10208	Keeripatti
12524521	Abbaspur	Jammu and Kashmir	33.8174	73.9757	10208	
13156924	Shekhpura	Bihar	26.1439	85.3907	10204	
1258742	Ramanapeta	Telangana	17.2894	79.0942	10202	
10719792	Pakhanjur	Chhattisgarh	20.0325	80.6211	10201	
11682118	Chittanur	Tamil Nadu	11.6724	78.0881	10199	Mallamooppampatti
1266882	Kharod	Chhattisgarh	21.7442	82.5788	10193	
1266668	Khonsa	Arunachal Pradesh	27.0167	95.5667	10187	Horu Khunma|Khela|Kkhonsa
13494671	Sikkarayapuram	Tamil Nadu	13.0177	80.1027	10187	
1265682	Kumbalgod	Karnataka	12.8791	77.4464	10178	Kumbalagodu
1254972	Tankara	Gujarat	22.6562	70.7494	10175	
1276616	Begowal	Punjab	31.6115	75.5213	10175	Begowala
13157089	Nanakwada	Gujarat	20.6029	72.9220	10172	
13156984	Saidabad	Delhi	28.5278	77.2899	10168	
1255891	Sogam	Jammu and Kashmir	34.5014	74.3823	10166	
10689564	Ahirkheri	Madhya Pradesh	22.6800	75.8048	10165	Hukmakhedi
1271408	Ghagga	Punjab	30.0197	76.1041	10162	Chagga|Chagghar|Ghaggar
13157088	Chhapra	Gujarat	20.9253	72.9289	10147	
11463037	Chiranellur	Kerala	10.6323	76.1405	10145	Eranellur
1275363	Bokakhat	Assam	26.6402	93.6005	10143	
1268752	Kab	Bihar	25.3892	84.7895	10141	
8442966	Kalombe	Maharashtra	16.6633	74.2116	10138	Kalambe Turf Thane
1267105	Khamanon Kalan	Punjab	30.8173	76.3548	10135	Khamanon
1260176	Patan	Chhattisgarh	21.0333	81.5333	10133	
1253621	Uttukkuli	Tamil Nadu	11.1689	77.4543	10130	Uttukuli
1256063	Sirpur	Telangana	19.4795	79.5756	10116	Sirpur-Tandura
1260645	Palsud	Madhya Pradesh	21.8262	74.9691	10113	
1263010	Mirik	West Bengal	26.8882	88.1901	10109	
12522831	Baliapur	Jharkhand	23.7225	86.5259	10097	
11345838	Valaiyampattu	Tamil Nadu	12.6927	78.6347	10076	Valayambattu
13156889	Kamalabaria N.C.	Assam	26.7685	94.1930	10071	
11656716	Mayiladi	Tamil Nadu	8.1550	77.5056	10070	Mylaudy
11071412	Omkareshwar	Madhya Pradesh	22.2425	76.1504	10063	
1268449	Kalavai	Tamil Nadu	12.7703	79.4200	10057	Kalaval
1253947	Udpura	Rajasthan	24.7336	75.9751	10051	
1276738	Bastar	Chhattisgarh	19.2031	81.9296	10048	Baster
1278944	Alwarkurichchi	Tamil Nadu	8.7838	77.3952	10045	Alvurkurchi|Alwarkurichi
1269548	Jahangirpur	Uttar Pradesh	28.1792	77.7050	10042	
13156756	Gavaravaram	Andhra Pradesh	16.7163	81.0831	10029	
1269567	Jagnair	Uttar Pradesh	26.8636	77.6023	10023	
10694048	Deodora	Madhya Pradesh	22.6149	80.3616	10008	
1258904	Raja Ranapur	Odisha	20.0617	85.3436	10001	Ranapurgada|Ranpur
1264217	Makhjan	Maharashtra	17.2698	73.5003	10000	
1270448	Hampi	Karnataka	15.3352	76.4603	10000	Conjunto Monumental de Hampi|Hampe|Hampis|Khampi
1273383	Daulatabad	Maharashtra	19.9361	75.2215	10000	
1278464	Arambol	Goa	15.6868	73.7045	10000	Arambol'
7180617	vadlamuru	Andhra Pradesh	17.0954	82.1656	10000	
8593721	Yamuna Vihar	Delhi	28.6988	77.2737	10000	
1258747	Ramamangalam	Kerala	9.9333	76.5000	9999	
10821819	Kargahia Purab	Bihar	26.7887	84.5298	9995	
11185246	Gajsinghpur	Rajasthan	29.6596	73.4403	9995	Gajesinghpura
1264860	Lodhikheda	Madhya Pradesh	21.5824	78.8591	9994	Lodhikhera
1254374	Tirumakudal Narsipur	Karnataka	12.2121	76.9018	9980	
1271616	Ganj Muradabad	Uttar Pradesh	26.9573	80.1840	9970	Muradabad Patti
10318603	Bhakli	Haryana	28.4165	76.4754	9970	Bhakali
1273024	Dhamda	Chhattisgarh	21.4500	81.3167	9961	Dhamdha
11521070	Olagadam	Tamil Nadu	11.5656	77.6428	9958	
11345015	Nagojanahalli	Tamil Nadu	12.3570	78.2886	9953	
1278516	Antri	Madhya Pradesh	26.0580	78.2103	9949	Antari
12523445	Sarupathar	Assam	26.1926	93.8641	9931	
13353457	Allipura	Karnataka	13.4885	77.4586	9930	
11185522	Kansbahal	Odisha	22.2164	84.6635	9923	Panposh
1274761	Chandbali	Odisha	20.7752	86.7414	9918	
13353474	Kozhukkully	Kerala	10.5209	76.2780	9918	
1275740	Bidadi	Karnataka	12.7993	77.3865	9917	
13156888	Kahi Kuchi	Assam	26.1012	91.5990	9917	
13494670	Puthukkadai	Tamil Nadu	8.2759	77.1793	9909	
11557324	Modakkurichchi	Tamil Nadu	11.2329	77.7794	9907	Modakurichi
1254993	Tangdhar	Jammu and Kashmir	34.3979	73.8598	9904	
1265923	Kottapalli	Telangana	18.4954	79.0943	9899	
1276916	Barkuhi	Madhya Pradesh	22.1901	78.7047	9895	
1436610	Chima	Punjab	30.6854	76.0864	9894	
1278869	Ambagarh Chauki	Chhattisgarh	20.7764	80.7461	9889	Ambagarh-Chowki
1275314	Bora	Madhya Pradesh	23.6585	76.8112	9886	Boda
1269165	Jasrana	Uttar Pradesh	27.2359	78.6524	9883	
11011476	Kurthaur	Bihar	25.5620	85.1217	9880	
1259102	Qazigund	Jammu and Kashmir	33.6383	75.1426	9871	
11532626	Avadattur	Tamil Nadu	11.7013	77.8638	9869	
1262168	Nagram	Uttar Pradesh	26.6187	81.1404	9858	
1266477	Kishni	Uttar Pradesh	27.0249	79.2620	9852	
1266646	Khreuh	Jammu and Kashmir	34.0189	74.9991	9851	Khrew
11563086	Achchippatti	Tamil Nadu	10.6998	77.0125	9849	Achipatti
13156887	Bhuragaon Rev. Town	Assam	26.4038	92.2390	9845	
10210206	Chikhli Kalan	Madhya Pradesh	22.2152	78.7430	9840	Neuton Chikhli Kalan
10674758	Khamaria	Madhya Pradesh	23.2129	80.0313	9839	Ordnance Factory Khamaria
1256727	Shahjahanpur	Rajasthan	27.9974	76.4491	9837	
1348694	Begampur	West Bengal	22.7307	88.2576	9831	
7302858	Sarupathar	Assam	26.2060	96.8100	9827	
11682203	Attanur	Tamil Nadu	11.5006	78.1356	9827	
1272066	Elivala	Karnataka	12.3578	76.5407	9826	Elwala|Yelwal
13353473	Anthicad	Kerala	10.4584	76.1215	9826	
1276857	Barsana	Uttar Pradesh	27.6480	77.3764	9815	
1277699	Bakani	Rajasthan	24.2862	76.2371	9812	
10448744	Dhanegaon	Maharashtra	19.1273	77.3371	9809	
13156886	Golaghatia Basti	Assam	25.9925	92.8640	9809	
1261121	Nurpur	Himachal Pradesh	32.3015	75.8848	9807	
11462933	Alur	Kerala	10.6030	76.0961	9807	
10472256	Jhundpura	Madhya Pradesh	26.3473	77.5010	9803	
1273129	Devikapuram	Tamil Nadu	12.4981	79.2531	9800	Devakapuram
1275254	Borigumma	Chhattisgarh	19.0468	82.5532	9785	Boriguma
10261421	Khera Khurd	Delhi	28.7755	77.0997	9777	
1262671	Muddanuru	Andhra Pradesh	14.6872	78.3931	9775	Muddanur
1262020	Namli	Madhya Pradesh	23.4611	75.0604	9774	
1271714	Gandhi Nagar	Tamil Nadu	13.0064	80.2542	9773	Gandhinagao
10448734	Wajegaon	Maharashtra	19.1439	77.3457	9772	
10657255	Patha Deosar	Jammu and Kashmir	33.6340	75.0719	9765	Devsar
1270463	Halwara	Punjab	30.7251	75.6425	9761	
1276441	Berhait	Jharkhand	24.8900	87.6073	9753	Berhait Bazar|Berhait Santali
1271887	Fingeshwar	Chhattisgarh	20.9690	82.0404	9752	
13353426	Isri	Jharkhand	23.9873	86.0293	9749	
1263677	Mankapur	Uttar Pradesh	27.0519	82.2296	9746	
10209342	Ghoradongri	Madhya Pradesh	22.1243	77.9997	9745	Ghoda Dongri Ryt|Ghodadongri
11460468	Sholur	Tamil Nadu	11.4852	76.6556	9745	
1254645	Thanniyam	Kerala	10.4167	76.1333	9743	
1259290	Puduvayal	Tamil Nadu	13.3301	80.1458	9742	
10757563	Bandbahal	Odisha	21.7494	83.8776	9735	
10877864	Kikana	Kerala	12.3825	75.0558	9735	Keekan
13157087	Chiloda	Gujarat	23.1027	72.6616	9735	
1268542	Kakosi	Gujarat	24.0040	72.3031	9734	Kakoski
7290222	Periyapattinam	Tamil Nadu	9.2726	78.9023	9730	
1266503	Kiri Buru	Odisha	22.0833	85.3500	9719	
1279282	Agastiswaram	Tamil Nadu	8.0996	77.5215	9717	Agastheeswaram
1256820	Seorinarayan	Chhattisgarh	21.7205	82.5934	9707	Seorinaryan|Shivrinarayan
1274600	Charama	Chhattisgarh	20.4932	81.3675	9707	
1270336	Haringhata	West Bengal	22.9647	88.5745	9705	Harringhatta
10846419	Bajpe	Karnataka	12.9803	74.8832	9701	
13353659	Mohpada	Maharashtra	18.8995	73.1822	9694	
13353609	Deohra	Madhya Pradesh	23.1427	81.5961	9686	
1260046	Patti	Uttar Pradesh	25.9215	82.2005	9685	
10542380	Jaitwari	Madhya Pradesh	24.7237	80.8613	9685	
1266294	Kolayat	Rajasthan	27.8381	72.9597	9684	Sri Kolayatji
12518860	Kasinagar	Odisha	18.8570	83.8809	9684	
10875997	Devapur	Telangana	19.0443	79.3499	9683	
12519582	Kondamallapally	Telangana	16.7178	79.0020	9683	
1263087	Mhasla	Maharashtra	18.1334	73.1116	9679	Mhusla|Mkhasla
1262658	Mudgere	Karnataka	13.1335	75.6416	9677	Mudigere
10878427	Pilikodu	Kerala	12.1915	75.1644	9676	Pilicode
1278373	Noria	Jammu and Kashmir	32.5209	74.7985	9662	Arnia
10916700	Tarlapalli	Telangana	18.8345	79.4907	9656	Thallapalle
1267271	Keolari	Madhya Pradesh	22.3697	79.9060	9654	
1259614	Pipalrawan	Madhya Pradesh	23.1625	76.4704	9652	
1263418	Masinigudi	Tamil Nadu	11.5683	76.6409	9642	Masnigudi
13156953	Visrampuree	Chhattisgarh	20.0791	81.7720	9641	
1278566	Anjuna	Goa	15.5800	73.7449	9636	
13156885	Bhalukdubi	Assam	26.1575	90.6131	9636	
11656767	Alagappapuram	Tamil Nadu	8.1468	77.5413	9626	
1254323	Tiruvennanallur	Tamil Nadu	11.8589	79.3665	9623	Thiruvennainallur|Tiruvenneynallur
1273347	Debipur	West Bengal	24.2503	88.6182	9613	
13157086	Bajwa	Gujarat	22.3681	73.1406	9611	
11519623	Kolappalur	Tamil Nadu	11.3791	77.4293	9607	
1268052	Kaniyambadi	Tamil Nadu	12.8118	79.1340	9597	
1255505	Sulibele	Karnataka	13.1844	77.8014	9587	
1263104	Mettuppalaiyam	Tamil Nadu	11.1681	78.4494	9587	Mettupalayam
8442946	Vatakemuri	Kerala	10.4176	76.1542	9585	Kizhakkummuri|Vadakkummuri
11463347	Enkakad	Kerala	10.6576	76.2559	9584	
11626385	Arsande	Jharkhand	23.4296	85.3514	9582	
1260693	Pallattur	Tamil Nadu	10.1461	78.8031	9580	Pallatur
1266926	Khargupur	Uttar Pradesh	27.3761	81.9882	9576	Kkhargupur
13494669	Kadaparai	Tamil Nadu	10.9992	78.0823	9574	
1252810	Yairipok	Manipur	24.6779	94.0477	9569	
13157154	Farakhpur	Haryana	30.1331	77.2430	9569	
1267754	Karimpur	West Bengal	23.9759	88.6192	9565	
13353425	Panrra	Jharkhand	23.8002	86.7228	9563	
1266222	Konanur	Karnataka	12.6302	76.0504	9555	
1267370	Kawant	Gujarat	22.0928	74.0508	9553	Kavant
8432241	Kumbi	Manipur	24.4328	93.8129	9546	
13353608	Bhilakhedi	Madhya Pradesh	22.5992	77.7035	9540	
13494668	Venkatachalapuram	Tamil Nadu	9.3747	77.9101	9540	
11654915	Vaittilingapuram	Tamil Nadu	9.4751	77.6098	9538	Padikkasu vaithanpatti
1270890	Goshainganj	Uttar Pradesh	26.7679	81.1075	9537	Gosainganj
13353424	Patra	Jharkhand	24.9696	87.8423	9536	
10846337	Talpadi	Karnataka	12.7660	74.8894	9532	Talapady
1268084	Kangra	Himachal Pradesh	32.0913	76.2627	9528	Kangar
1256146	Singoli	Madhya Pradesh	24.9667	75.3000	9523	
13156884	Kanakpur Part-II	Assam	24.8003	92.8036	9519	
1264490	Mahaban	Uttar Pradesh	27.4326	77.7434	9514	
1258395	Ras	Rajasthan	26.3058	74.1953	9511	
11522870	Ottapparai	Tamil Nadu	11.1783	77.5812	9493	
1271582	Garautha	Uttar Pradesh	25.5719	79.2976	9489	Garautkha
13353423	Baua Kalan	Jharkhand	23.8121	86.3647	9489	
10689662	Limbodi	Madhya Pradesh	22.6666	75.8900	9488	
1267372	Kawai	Rajasthan	24.7564	76.7348	9487	
13353607	Dumar Kachhar	Madhya Pradesh	23.1687	82.1113	9480	
1270127	Harbatpur	Uttarakhand	30.4386	77.7406	9478	Herbertpur
1272027	Eral	Tamil Nadu	8.6258	78.0228	9478	
11532639	Pulampatti	Tamil Nadu	11.6573	77.7658	9477	Poolampatti
1264653	Machalpur	Madhya Pradesh	24.1277	76.3167	9476	Maohalpur
1254933	Tapukrah	Rajasthan	28.1107	76.8327	9471	Tapookra
1261795	Nari	Gujarat	21.7726	72.0728	9467	
1271361	Gharghoda	Chhattisgarh	22.1743	83.3517	9455	Gkhargkhoda
10524136	Narsingi	Telangana	17.3902	78.3569	9449	
1270056	Hiranagar	Jammu and Kashmir	32.4549	75.2719	9446	
1270806	Gudibanda	Karnataka	13.6710	77.7041	9441	
1261235	Nohan	Punjab	31.0343	76.5710	9439	Nehon
1261120	Nurpur Kalan	Punjab	31.1667	76.4833	9437	Nurpur
10517591	Jiraun Kasba	Madhya Pradesh	25.1210	78.6560	9426	Jeron Khalsa
13494667	Pennathur	Tamil Nadu	12.8466	79.1108	9425	
13494666	Kailasagiri	Tamil Nadu	12.8358	78.7122	9421	
13353422	Nagri Kalan	Jharkhand	23.8164	86.3437	9410	
13494594	Sufipind	Punjab	31.2775	75.6388	9406	
11446049	Alappakkam	Tamil Nadu	12.6760	79.9954	9404	
10873317	Isapur	Maharashtra	19.8836	79.3260	9398	Visapur
1256717	Shahpur	Madhya Pradesh	23.0245	81.0038	9394	
10469637	Walni	Maharashtra	21.3231	79.0872	9393	Walani
1260414	Paparhahandi	Chhattisgarh	19.3333	82.5167	9390	Pappadahandi
10214291	Sonegaon	Maharashtra	21.1367	78.9973	9387	
10967957	Nanda	Maharashtra	19.7722	79.1309	9378	
10894326	Laruara	Bihar	25.4540	86.1212	9376	
13353658	Eklahare	Maharashtra	19.9801	73.8823	9376	
1260410	Papireddippatti	Tamil Nadu	11.9177	78.3687	9369	Papireddipatti
11682181	Panamarattuppatti	Tamil Nadu	11.5620	78.1649	9368	Panaimarathupatti
1253694	Uri	Jammu and Kashmir	34.0860	74.0320	9366	
11462917	Pukkod	Kerala	10.6236	76.0426	9366	Pookode
1253796	Umri	Madhya Pradesh	26.5106	78.9367	9364	
1257326	Santokhgarh	Himachal Pradesh	31.3520	76.3178	9363	Santokgarh
12519091	Sitapur	Chhattisgarh	22.7807	83.4955	9361	
11185616	Keeramangalam	Tamil Nadu	10.2863	79.0989	9357	
10926723	Nag	Punjab	31.7301	74.9423	9352	Nag Kalan
11500522	Ettimadai	Tamil Nadu	10.8911	76.9087	9352	
1254376	Tirukurangudi	Tamil Nadu	8.4365	77.5657	9342	Thirukarungudi|Tirukkurungudi|Tirukurungudi
1261444	Needamangalam	Tamil Nadu	10.7738	79.4188	9336	Nedamangalam|Nidamangalam
11557711	Vegarai	Tamil Nadu	11.0902	77.9679	9330	Venkarai
13494727	Jallaram	Telangana	18.7241	79.5710	9329	
11680352	Pannaipuram	Tamil Nadu	9.8658	77.2836	9323	
13353657	Hajarmachi	Maharashtra	17.3143	74.2311	9317	
11680715	Panpuli	Tamil Nadu	9.0214	77.2502	9313	
10845973	Badagabettu	Karnataka	13.3335	74.7999	9309	
11184845	Chottanikkara	Kerala	9.9364	76.3811	9308	Kanayannur
1255878	Sohana	Punjab	30.6887	76.7066	9306	
11189030	Joka	West Bengal	22.4531	88.3023	9302	
1278943	Alwa Tirunagari	Tamil Nadu	8.6064	77.9398	9289	Alvar Tirunagari|Alwar Tirunagari|Alwarthirunagiri
1261111	Nuvem	Goa	15.3174	73.9387	9288	
1263888	Mandasa	Andhra Pradesh	18.8683	84.4630	9287	
1266189	Konganapuram	Tamil Nadu	11.5710	77.9004	9286	
1274262	Chicholi	Madhya Pradesh	22.0123	77.6710	9282	
7005112	Baragaon	Madhya Pradesh	24.5682	79.0185	9282	Badagaon
1276487	Belur	Tamil Nadu	11.7075	78.4144	9281	
1263794	Mangalam	Tamil Nadu	11.6368	79.2806	9278	Mangalampet
1277905	Bag	Madhya Pradesh	22.3590	74.7905	9274	Bagh
13353606	Dola	Madhya Pradesh	23.2209	82.1332	9273	
1260880	Pahalgam	Jammu and Kashmir	34.0159	75.3190	9264	Pahlgam
1466064	Dasiripuram	Tamil Nadu	13.1242	80.0300	9251	Nadukuthagai
10466215	Boyapalli	Telangana	16.7808	77.9910	9247	
13353367	Mattan	Jammu and Kashmir	33.7630	75.2090	9246	
1254301	Tittachcheri	Tamil Nadu	10.8674	79.7893	9245	Titachery|Tittacheri
1257985	Run	Rajasthan	26.8430	73.7931	9241	Roon
1266878	Kharora	Chhattisgarh	21.4010	81.9276	9236	
1271956	Farah	Uttar Pradesh	27.3208	77.7618	9236	
1257547	Samayanallur	Tamil Nadu	9.9792	78.0359	9227	
11656548	Vadakkankulam	Tamil Nadu	8.2588	77.6084	9220	
13353347	Mehatpur Basdehra	Himachal Pradesh	31.4071	76.3423	9218	
1262796	Morak	Rajasthan	24.7266	75.9558	9204	Modak
1445132	Bhanur	Telangana	17.4899	78.1774	9203	
8475945	Loharda	Madhya Pradesh	22.5918	76.5957	9202	Lokharda
11663474	Valavandankottai	Tamil Nadu	10.7607	78.8371	9202	
1268215	Kampil	Uttar Pradesh	27.6127	79.2769	9200	
1263282	Maoli	Rajasthan	24.7835	73.9839	9199	Mauli|Mavli|Mavli Junction
1274989	Candolim	Goa	15.5181	73.7626	9197	
11557951	Pattanam	Tamil Nadu	10.9808	77.0542	9196	
13494665	Kollankoil	Tamil Nadu	11.1281	77.7436	9196	
13353656	Palidevad	Maharashtra	19.0006	73.1338	9194	
10250924	Bargaon	Rajasthan	24.6324	73.6826	9193	Bargaon Rural
11520166	Kavundanpalaiyam	Tamil Nadu	11.1625	77.2623	9192	Velayudampalayam
13353655	Ganeshpur	Maharashtra	21.1503	79.6442	9192	
10166437	Barhi Majra	Haryana	30.1141	77.3055	9188	
13353472	Paralam	Kerala	10.4591	76.1942	9187	
10792147	Santpur	Rajasthan	24.4705	72.7703	9186	Santpur Rural
1267964	Kantilo	Odisha	20.3615	85.1921	9181	
13157153	Maheshari	Haryana	28.2145	76.8218	9180	
1260722	Pali	Maharashtra	18.5380	73.2222	9176	
13157085	Nandej	Gujarat	22.8956	72.6792	9176	
1258776	Rakhabh Dev	Rajasthan	24.0756	73.6930	9171	Rishabhdeo
13157084	Pardi Kanade	Gujarat	21.0939	72.8774	9167	
1254333	Tiruvalam	Tamil Nadu	12.9825	79.2661	9153	Thiruvalam|Tiruvallam
1273765	Dabhol	Maharashtra	17.5897	73.1800	9142	
11205260	Paluvai	Kerala	10.5783	76.0554	9127	
11185171	Donkamokam	Assam	25.9334	92.7074	9116	
13494664	Tittangulam	Tamil Nadu	9.1706	77.8983	9115	
13494663	Gandhinagar	Tamil Nadu	12.9547	79.1407	9114	
1275866	Bhojudih	Jharkhand	23.6396	86.4411	9109	
11522025	Mettuppalaiyam	Tamil Nadu	11.4503	77.5682	9109	P. Mettupalayam
13157083	Vavdi Bujarg	Gujarat	22.7753	73.6421	9107	
1252702	Zafarabad	Uttar Pradesh	25.6987	82.7335	9106	
1267448	Katra	Jammu and Kashmir	32.9917	74.9320	9106	
1260717	Pali	Uttar Pradesh	24.4919	78.4162	9098	
11682169	Masinayakkanpatti	Tamil Nadu	11.6674	78.2283	9098	Masinaickenpatty
11462980	Parakad	Kerala	10.5005	76.1540	9093	
11519486	Kasipalaiyam	Tamil Nadu	11.4558	77.3314	9093	
1273817	Cortalim	Goa	15.4025	73.9088	9080	Cortolim
1277613	Baldeogarh	Madhya Pradesh	24.7562	79.0671	9079	Baldeogarkh
13494662	Senur	Tamil Nadu	12.9470	79.1071	9078	
13353654	Ujalaiwadi	Maharashtra	16.6654	74.2711	9075	
11607142	Tiruppundurutti	Tamil Nadu	10.8621	79.0815	9074	Melathiruppanthuruthi
10787928	Balaga	Andhra Pradesh	18.3154	83.8933	9071	
10822641	Akera	Rajasthan	27.0121	75.8088	9062	Akedadoongar
1259074	Radhakishorepur	Tripura	23.5368	91.4915	9052	Dhwajnagar|Gakulpur|Radha Kishorpur|Rahdakisorpur
6989858	Chandiman	Haryana	30.7317	76.8988	9051	Chandimandir
13156883	Durga Nagar Part-V	Assam	24.8815	92.8821	9051	
1262689	Mowad	Maharashtra	21.4647	78.4510	9045	Mowar
1265686	Kumarmunda	Odisha	22.3000	84.7833	9043	Kuanrmunda
1262369	Mustafabad	Haryana	30.2022	77.1487	9042	
10896979	Bogadi	Karnataka	12.3030	76.5982	9041	Bhogadi
1267036	Khandpara	Odisha	20.2644	85.1767	9038	Kandaparha|Khandapada|Khandparagarh
1277455	Bamna	Madhya Pradesh	23.0945	74.7616	9034	Bamnia
13157082	Vareli	Gujarat	21.1773	72.9511	9033	
1267280	Kenduadih	Jharkhand	23.7360	86.3740	9032	
11683818	Minnampalli	Tamil Nadu	11.0005	78.1180	9031	
1258966	Raipur Rani	Haryana	30.5856	77.0218	9028	Raipur
11607797	Vilar	Tamil Nadu	10.7313	79.1554	9028	
1273334	Dediapada	Gujarat	21.6277	73.5903	9026	
1276258	Bhairamgarh	Chhattisgarh	19.0064	81.0592	9026	Byramgarh
13156882	Chekonidhara	Assam	26.7350	94.2113	9026	
11421456	Kodivalasa	Tamil Nadu	13.2547	79.4249	9024	
13157081	Bhilad	Gujarat	20.2767	72.8856	9022	
11679542	Manamodu	Tamil Nadu	11.1965	79.5953	9017	Manalmedu
11664563	Ottappatti	Tamil Nadu	9.8960	78.0896	9016	Harveypatti
1255887	Sohagi	Madhya Pradesh	24.9818	81.6956	9009	
7279751	Jorethang	Sikkim	27.1070	88.3233	9009	
1270391	Haraiya	Uttar Pradesh	26.7948	82.4644	9000	
6621344	Puttaparthi	Andhra Pradesh	14.1652	77.8117	9000	Puttaparti
1261076	Odugattur	Tamil Nadu	12.7679	78.8830	8998	Odugathur|Udugattur
11655872	Tazhakudi	Tamil Nadu	8.2348	77.4533	8992	Thazhakudy
1264992	Lawan	Chhattisgarh	21.6414	82.3412	8984	
13494580	Krushnanandapur	Odisha	20.3587	86.2606	8974	
10697837	Kosmi	Madhya Pradesh	21.8045	80.2068	8970	
1269801	Iklehra	Madhya Pradesh	23.1467	76.3904	8969	
1274954	Chabua	Assam	27.4825	95.1745	8966	
10458113	Amkhera	Madhya Pradesh	23.2133	79.9334	8957	
13157080	Alikherva	Gujarat	22.2811	73.7179	8951	
1278409	Arimalam	Tamil Nadu	10.2550	78.8840	8948	
10261414	Barwala	Delhi	28.7613	77.0628	8948	
1278077	Baba Bakala	Punjab	31.5555	75.2639	8946	Babahakala
13353653	Dandi	Maharashtra	19.7982	72.7651	8942	
1274450	Chelakara	Kerala	10.6929	76.3439	8936	
1270357	Hariana	Punjab	31.6351	75.8389	8928	
11683702	Chinnamudalippatti	Tamil Nadu	11.2437	78.1766	8928	
1263692	Manjeshvar	Kerala	12.7129	74.8886	8927	Bungar Munjeshwar|Manjeshwar|Manjeshwara
1436717	Uncha Sawana	Haryana	29.6208	76.9994	8922	
10520256	Barigarh	Madhya Pradesh	25.2325	80.0347	8918	
13494661	Nathampannai	Tamil Nadu	10.4093	78.7918	8915	
1260683	Pallipattu	Tamil Nadu	13.3386	79.4449	8912	Pallipat
10846582	Mogral	Kerala	12.5725	74.9584	8912	
11682486	Pattanam	Tamil Nadu	11.4728	78.2109	8912	
1278541	Annavasal	Tamil Nadu	10.4606	78.7003	8906	
13157079	Chandrapur	Gujarat	22.6035	70.9590	8906	
1252756	Yelandur	Karnataka	12.0463	77.0303	8901	Jagir
1264351	Mahroni	Uttar Pradesh	24.5862	78.7277	8898	Mahrauni|Makhroni
1442213	Sikandarpur	Haryana	29.4151	76.9342	8894	Sikanderpur
1259734	Phulpur	Uttar Pradesh	26.0778	82.8761	8893	
1259293	Pudur	Tamil Nadu	9.2917	78.1385	8891	V. Pudur
1272020	Eriyodu	Tamil Nadu	10.5172	78.0627	8890	Eriodu|Eriyodi
13494660	Adaikkakuzhi	Tamil Nadu	8.3078	77.1411	8888	
11445630	Molasur	Tamil Nadu	12.9387	79.8838	8887	Molachur
11460329	Kilkunda	Tamil Nadu	11.2632	76.6542	8886	
1261764	Narot Mehra	Punjab	32.2673	75.5647	8885	
10453814	Mhasal	Maharashtra	20.7504	78.6363	8883	Masala
13156881	Badarpur Railway Town	Assam	24.8711	92.5704	8882	
1268010	Kannavam	Kerala	11.8445	75.6627	8880	
11655558	Ayakod	Tamil Nadu	8.3457	77.2987	8874	Ayacode
11532789	Eranapuram	Tamil Nadu	11.5581	77.9893	8871	
13353652	Bhuwaneshwar	Maharashtra	18.4319	73.1235	8871	
1254400	Tirodi	Madhya Pradesh	21.6852	79.7191	8870	
10859990	Shamshi	Himachal Pradesh	31.8664	77.1472	8870	
10877293	Munnuru	Karnataka	12.8616	75.0186	8864	
10778852	Damonojodi	Odisha	18.7632	82.9194	8862	Damanjodi
13156983	Fateh Pur Beri	Delhi	28.4577	77.1788	8861	
13156952	Koora	Chhattisgarh	21.4324	81.6653	8857	
1278787	Amingaon	Assam	26.1849	91.6786	8855	
1279225	Ahmadpur	West Bengal	23.8301	87.6866	8855	
11729555	Paratdiha	Jharkhand	24.1638	86.3070	8854	Paratdih
1465624	Manappakkam	Tamil Nadu	13.0108	80.1686	8851	
13156880	Jhagra Pt.III	Assam	26.0399	89.9592	8838	
1261974	Nandgad	Karnataka	15.5775	74.5690	8837	Mouje Nandgad
1275487	Birvadi	Maharashtra	18.1019	73.5080	8829	
1254359	Tiruppalaikudi	Tamil Nadu	9.5461	78.9172	8824	Thiruppalaikudi|Tirupalakudi|Tiruppalaikkudi
9884965	Sethiyathope	Tamil Nadu	11.4369	79.5425	8824	Sethiathoppu
13353456	Maragondahalli	Karnataka	12.8338	77.6557	8824	
11185661	Koolimuttam	Kerala	10.2862	76.1356	8823	Padiyur
1258937	Rajabhita	Jharkhand	23.8667	86.3333	8820	Rajbhita
1254536	Tikaitnagar	Uttar Pradesh	26.9461	81.5658	8806	
13494579	Sayadpur	Odisha	20.7279	86.4007	8798	
13353605	Kelhauri	Madhya Pradesh	23.1873	81.6310	8796	
1254734	Teok	Assam	26.8320	94.4165	8795	
1265983	Kothi	Madhya Pradesh	24.7526	80.7775	8793	
13156951	Naya Baradwar	Chhattisgarh	22.0101	82.8177	8793	
10815250	Boraj	Rajasthan	26.4541	74.6103	8780	
12523246	Azara	Assam	26.1241	91.6116	8780	
1272902	Dhanwar	Jharkhand	24.4107	85.9818	8777	
1445887	Muttargi	Telangana	17.5410	78.2271	8777	Muthangi
1265578	Kunnattur	Tamil Nadu	11.2728	77.4107	8774	
10689674	Bicholi Hapsi	Madhya Pradesh	22.7155	75.9394	8774	Bhicholi Hapsi
10569337	Saori	Maharashtra	21.1120	79.5456	8770	Sawari Jawharnagar
1272845	Dharmaragar	Tripura	24.3491	92.1314	8761	Dewanpasa|Dharmanagar
7279750	Parwanoo	Himachal Pradesh	30.8372	76.9614	8758	
1275980	Bhigvan	Maharashtra	18.3007	74.7670	8753	
13156879	Tarapur Pt VI	Assam	24.8516	92.7667	8753	
1253656	Utai	Chhattisgarh	21.1167	81.3833	8752	
13156878	Sarupathar Bengali	Assam	27.3406	95.3135	8752	
1271085	Gogunda	Rajasthan	24.7584	73.5298	8751	
12523259	Hamren	Assam	25.8470	92.5741	8747	
1271444	Gawan	Uttar Pradesh	28.4197	78.3519	8744	
13494536	Andro	Manipur	24.7485	94.0430	8744	
12523444	Medziphema	Nagaland	25.7576	93.8654	8738	
8223977	Pannaikadu	Tamil Nadu	10.2793	77.6285	8731	
13494659	Nadaikavu	Tamil Nadu	8.2915	77.1479	8727	
10696949	Satiawala	Punjab	30.9273	74.6456	8724	Satyewala
1277907	Bageshwar	Uttarakhand	29.8374	79.7716	8708	
12523425	Jalukie	Nagaland	25.6467	93.6609	8706	
1277055	Barauda	Madhya Pradesh	23.5575	75.2489	8700	Badawada
11563088	Chinnampalaiyam	Tamil Nadu	10.6604	77.0248	8695	
1258682	Ramgarh	Bihar	25.2889	83.6535	8690	
1255496	Sultanpur	Maharashtra	20.0870	76.5187	8688	
11461756	Idigarai	Tamil Nadu	11.1184	76.9690	8686	
10482944	Kadipikonda	Telangana	17.9637	79.5098	8685	
1265515	Kurgunta	Karnataka	17.1932	77.3577	8682	
1267454	Katpur	Gujarat	21.0587	71.7946	8677	Jegri|Kadpur|Katpar|Kutpur
1262469	Munirabad	Karnataka	15.3093	76.3383	8672	Munirabad Project Area
10017352	Baruwali	Punjab	30.5378	74.6538	8668	Bariwala
1258098	Roha	Gujarat	23.1965	69.2708	8664	
13494658	Nazarathpettai	Tamil Nadu	13.0469	80.0798	8660	
1348734	Parbatipur	West Bengal	22.6625	88.2222	8657	
1277134	Baragaon	Uttar Pradesh	25.4755	78.7122	8655	
1266532	Kinattukkadavu	Tamil Nadu	10.8225	77.0196	8653	Kinathukadavu
6417393	Ran	Gujarat	22.1786	69.3331	8648	
11684538	Balakrishnanpatti	Tamil Nadu	11.2389	78.4858	8635	
13353651	Rees	Maharashtra	18.8954	73.2000	8632	
11203670	Barajamda	Jharkhand	22.1649	85.4272	8629	Jamda
10261427	Bhorgarh	Delhi	28.8293	77.0952	8627	
11655283	Midalam	Tamil Nadu	8.2216	77.2617	8625	Mathicode
13353650	Gokul Shirgaon	Maharashtra	16.6434	74.2741	8623	
11604584	Perumpandi	Tamil Nadu	10.9687	79.3744	8620	
11626575	Bargawan	Jharkhand	23.3194	85.3902	8615	Bargarwa
1270699	Gundardehi	Chhattisgarh	20.9462	81.2892	8614	Gunderdehi
11462998	Puzhakkal	Kerala	10.5471	76.1777	8609	
10705281	Dehri	Madhya Pradesh	22.6676	75.5196	8606	Dehrisaray
13353455	Belvata	Karnataka	12.3554	76.6496	8605	
10469705	Bhokra	Maharashtra	21.2279	79.0680	8602	Bhokara
1259590	Pipla	Madhya Pradesh	21.5907	78.7349	8595	Piplanarayanwar
1254216	Torpa	Jharkhand	22.9361	85.0889	8592	
1263384	Mataundh	Uttar Pradesh	25.4359	80.1565	8591	
13494607	Kolvi	Rajasthan	23.9421	75.5986	8584	
1259562	Pippara	Andhra Pradesh	16.7167	81.5500	8581	
1271400	Ghaghra	Jharkhand	23.2666	84.5530	8580	Ghagra
13494535	Kwakta	Manipur	24.4482	93.7302	8579	
1265184	Lalam	Kerala	9.7167	76.7000	8571	
1260774	Palari	Chhattisgarh	21.5363	82.1586	8567	
1278751	Ammapettai	Tamil Nadu	11.6197	77.7426	8552	
1255958	Chittode	Tamil Nadu	11.3946	77.6588	8550	
13157078	Lavachha	Gujarat	20.2965	72.9900	8549	
11532835	Thevur	Tamil Nadu	11.5240	77.7539	8548	
1266094	Korukollu	Andhra Pradesh	16.5000	81.2500	8543	
13494657	Kattimancode	Tamil Nadu	8.1905	77.3526	8541	
1465879	Nandambakkam	Tamil Nadu	12.9779	80.0678	8540	
1274518	Nangal Chaudhri	Haryana	27.8927	76.1121	8538	Chaudhri ka Nangal
1265954	Kotra	Uttar Pradesh	25.8077	79.3091	8534	
1253471	Valpoi	Goa	15.5324	74.1367	8532	Valpoi Town|Valpoj|Valpoy
1263966	Manalurpettai	Tamil Nadu	12.0079	79.0918	8523	Manalurpet
13156877	Belsor	Assam	26.3818	91.3516	8523	
1255489	Sultanpur	Uttarakhand	29.7553	78.1103	8518	Adampur
12523338	Manu	Tripura	23.9991	91.9892	8515	
11654695	Sundarapandiyam	Tamil Nadu	9.6127	77.6738	8513	
1273319	Dahi	Madhya Pradesh	22.1122	74.5879	8509	Dehi
1264101	Malhar	Chhattisgarh	21.8927	82.2832	8505	
10778854	Kurmur	Odisha	18.7545	82.9379	8504	Kurumuli
10975920	Sulebhavi	Karnataka	15.8957	74.6549	8503	
1274357	Chhapera	Madhya Pradesh	23.8948	76.4538	8501	Chhapiheda
1278796	Amguri	Assam	26.8148	94.5261	8494	
1348615	Bagnan	West Bengal	22.9334	88.1386	8494	
1277450	Bamora	Madhya Pradesh	24.0554	78.0893	8493	
11532781	Kavundaneri	Tamil Nadu	11.5737	77.9802	8485	Naduvaneri
10436836	Boh	Punjab	30.3809	76.8800	8482	
10878260	Gond Pipri	Maharashtra	19.7150	79.6862	8474	
10434244	Darapur	Jammu and Kashmir	34.5122	74.4140	8464	Dara Pora
1256470	Shirud	Maharashtra	20.7353	74.8919	8455	
10537433	Kakarati	Madhya Pradesh	24.5639	80.2659	8452	
1272771	Dhilwan	Punjab	31.5143	75.3457	8447	Dhilvan
1269064	Jetpur	Gujarat	22.3447	73.8409	8446	
10812896	Pareo	Bihar	25.5582	84.8017	8435	
11656323	Mel Seval	Tamil Nadu	8.6722	77.6147	8435	Melacheval
13156876	Moran Town	Assam	27.1874	94.9147	8434	
1278185	Attani	Tamil Nadu	11.5221	77.5122	8430	Athani
11488357	Semmipalaiyam	Tamil Nadu	11.0093	77.2357	8429	
1259505	Pithora	Chhattisgarh	21.2502	82.5171	8428	
10431921	Ramgarh	Madhya Pradesh	25.8906	78.3293	8423	
1278905	Amarkantak	Madhya Pradesh	22.6749	81.7591	8416	
1274927	Chail	Uttar Pradesh	25.4265	81.6320	8407	
11461663	Chinnatadagam	Tamil Nadu	11.0816	76.8674	8407	
1257479	Sanchi	Madhya Pradesh	23.4865	77.7378	8401	
1275443	Bissamcuttack	Odisha	19.5117	83.5060	8399	Bishamakatak|Bissamcutack
13156875	Dahali	Assam	26.0969	91.4984	8397	
11185497	Jaithari	Madhya Pradesh	23.0405	81.7976	8396	
10436050	Nilpur	Punjab	30.4689	76.5797	8391	
1269495	Jaithari	Madhya Pradesh	23.2086	78.6149	8386	
11664990	Attippatti	Tamil Nadu	9.4939	78.1271	8384	Athipatti
11488307	Nilambur	Tamil Nadu	11.0590	77.0838	8382	Neelambur
10692195	Chhapi	Gujarat	24.0323	72.4006	8379	
11462961	Vanmenad	Kerala	10.5567	76.0624	8377	Venmanad
1258562	Ramsin	Rajasthan	25.0051	72.5471	8376	Ramsen
13156950	Than-Khamharia	Chhattisgarh	21.8005	81.3381	8373	
1275688	Bijeraghogarh	Madhya Pradesh	23.9955	80.6066	8371	Vijayraghavgarh
1275334	Bomdila	Arunachal Pradesh	27.2647	92.4247	8370	Bomdilla
1264322	Maibong	Assam	25.3012	93.1381	8364	Maibang
13494656	Vavarai	Tamil Nadu	8.2921	77.1617	8362	
11462400	Desamangalam	Kerala	10.7549	76.2321	8355	
8440767	Tikarapara	Odisha	19.6239	83.4954	8346	Tikarpada
1279084	Alagapuram	Tamil Nadu	11.8871	78.9176	8345	
1259853	Perur	Tamil Nadu	10.9752	76.9129	8341	Melai Citamparam
1258771	Rakholi	Dadra and Nagar Haveli and Daman and Diu	20.2167	73.0333	8339	Racoli
1254325	Tiruvengadam	Tamil Nadu	9.2586	77.6748	8337	Thiruvenkadam
11269054	Dommaranandyala	Andhra Pradesh	14.8641	78.3641	8337	
1263840	Mandrem	Goa	15.6534	73.7227	8336	
11018426	Raghunandanpur	West Bengal	24.6508	87.9728	8335	
13353366	Wail	Jammu and Kashmir	34.2707	74.8036	8335	
1254925	Tarabha	Odisha	20.7325	83.6744	8334	Tarbha|Torba
1264099	Malhargarh	Madhya Pradesh	24.2829	74.9902	8332	
11661110	Vallalappatti	Tamil Nadu	10.0584	78.2873	8325	A. Vellalapatti
1275759	Bibinagar	Telangana	17.4728	78.7960	8320	
13353421	Rasikpur	Jharkhand	24.2855	87.2538	8320	
13156874	Borpukhuri	Assam	26.0155	92.8452	8318	
10214666	Pimpalgaon	Maharashtra	20.4128	78.1282	8317	
1278515	Antu	Uttar Pradesh	26.0565	81.9027	8316	
11654667	Puduppatti	Tamil Nadu	9.6171	77.6375	8316	V.Pudupatti
1268114	Kandri	Maharashtra	21.4203	79.2766	8315	
10974014	Gonikoppal	Karnataka	12.1830	75.9294	8306	
13353649	Deogiri	Maharashtra	20.3188	77.7960	8303	
1259569	Piploda	Madhya Pradesh	23.6073	74.9420	8294	
1264250	Majhgawan	Madhya Pradesh	24.9213	80.8075	8290	
13157041	Nandesari INA	Gujarat	22.4062	73.0952	8290	Nandesari
1256255	Simaluguri	Assam	26.9185	94.7568	8286	Sibsagar Road|Simaluguri Junction|Simalunguri
13156934	Behlana	Chandigarh	30.6781	76.8006	8281	
1445310	Balapur	Telangana	17.3102	78.4997	8280	
12501140	Vilavancode	Tamil Nadu	8.3129	77.2048	8277	Maruthancode
10468914	Isnapuram	Telangana	17.5424	78.1995	8276	Isnapur
1266540	Kilvelur	Tamil Nadu	10.7672	79.7419	8272	Kil Valur|Kilvelure
13156873	Bohari	Assam	26.2544	91.1391	8264	
10834311	Saraiya	Bihar	24.8012	84.0816	8260	
11602339	Varadarajampettai	Tamil Nadu	11.3553	79.4186	8259	
1255710	Sorala	Odisha	19.1308	84.7509	8258	Surala
10883317	Konra	Jharkhand	24.3103	85.4221	8258	
1275253	Borim	Goa	15.3667	74.0000	8257	
10261420	Khera Kalan	Delhi	28.7745	77.1172	8252	
10767607	Tangellamudi	Andhra Pradesh	16.7212	81.1052	8250	
1261261	Niwas	Madhya Pradesh	23.0457	80.4447	8248	
1272444	Doiwala	Uttarakhand	30.1767	78.1166	8247	
1271047	Golakganj	Assam	26.1022	89.8227	8244	Golakgans
1255652	Srigobindpur	Punjab	31.6895	75.4775	8241	Sri Govindpur|Sri Hargobindpur
11625994	Religara	Jharkhand	23.7128	85.3610	8239	Pochhari
13156949	Chhurikala	Chhattisgarh	22.4814	82.6129	8239	
13353648	Jasai	Maharashtra	18.9319	73.0189	8234	
1269503	Jaisinghnagar	Madhya Pradesh	23.6858	81.3909	8233	
13353365	Seer Hamdan	Jammu and Kashmir	33.7887	75.2430	8233	
1260229	Partibanur	Tamil Nadu	9.5855	78.4545	8232	Melaparthibanur|Parthibanur
11488301	Chinniyampalaiyam	Tamil Nadu	11.0561	77.0644	8232	Chinniam palayam
13156872	Chatibor Gaon	Assam	26.5181	90.5229	8231	
13156948	Mehmand	Chhattisgarh	22.0372	82.1961	8231	
11712136	Tidavur	Tamil Nadu	11.4940	78.6975	8230	Thedavur
1276630	Bed	Gujarat	22.4310	69.8998	8229	
11679310	Usuppur	Tamil Nadu	11.3816	79.6970	8221	
10708425	Tundra	Chhattisgarh	21.6769	82.6092	8211	
1264966	Lelanga	Chhattisgarh	22.3920	83.5808	8208	Lailanga|Lailunga
1269110	Iawar	Madhya Pradesh	23.0094	76.5007	8206	Jawar
1272744	Dhola	Gujarat	21.8813	71.7727	8206	
10941138	Kangarali-khurd	Karnataka	15.8954	74.4990	8204	
1253791	Umsning	Meghalaya	25.7365	91.8880	8198	Umroi
1265074	Lansdowne	Uttarakhand	29.8418	78.6801	8198	
12519445	Beerwah	Jammu and Kashmir	34.0124	74.5956	8192	
10836001	Chainpur	Jharkhand	24.0116	84.0467	8188	Chain Pur
11441117	Velappakkam	Tamil Nadu	12.8525	79.2958	8174	Vilapakkam
1258635	Ramnagar	Jammu and Kashmir	32.8073	75.3112	8166	
1259315	Priol	Goa	15.4167	73.9833	8164	
1258078	Rohru	Himachal Pradesh	31.2027	77.7548	8160	Rokhru
1268116	Kandra	Jharkhand	22.8517	86.0519	8157	
10846408	Mudashedde	Karnataka	12.9344	74.8922	8155	
13156871	Majgaon	Assam	26.6525	92.7910	8154	
13353471	Vellookkara	Kerala	10.3232	76.2160	8146	
1279405	Abiramam	Tamil Nadu	9.4423	78.4399	8144	
1275209	Barmhan Kalan	Madhya Pradesh	23.0346	79.0209	8143	Barman|Barmhan|Brahmand
13353420	Jena	Jharkhand	23.6762	86.0181	8143	
10767340	Sanivarapupeta	Andhra Pradesh	16.7305	81.0777	8142	
1274080	Chitalwana	Rajasthan	24.9089	71.6607	8141	
11563092	Makkinayakkinpatti	Tamil Nadu	10.6450	77.0294	8134	Makkinampatti
11607293	Milattur	Tamil Nadu	10.8576	79.2394	8131	Melattur
1333553	Bhanupratappur	Chhattisgarh	20.3098	81.0731	8125	
1273810	Covelong	Tamil Nadu	12.7865	80.2506	8124	Kovalam
13494654	Jaffrabad	Tamil Nadu	12.6905	78.6080	8121	
1253500	Azhikkal	Kerala	11.9404	75.3051	8117	Azhikal|Baliapatam|Beliapatanam|Valapattanam|Valarpattanam
1258204	Reodhar	Rajasthan	24.6197	72.5262	8117	Reodar|Revdar
10845400	Badagrama	Karnataka	13.1911	74.7472	8117	Bada
1262198	Naginimora	Nagaland	26.8149	94.8108	8116	Naginimara
10877842	Uduma	Kerala	12.4359	75.0181	8115	Udma
11420598	Mangasamudram	Andhra Pradesh	13.2291	79.0909	8113	
13156870	Sarbhog	Assam	26.4893	90.8843	8112	
13494653	Chennasamudram	Tamil Nadu	11.0585	77.8996	8111	
1258167	Riasi	Jammu and Kashmir	33.0812	74.8324	8101	Reasi
1268308	Kalundri	Maharashtra	18.9802	73.1271	8101	
1257817	Saha	Haryana	30.3119	76.9771	8100	
10456502	Hirdepur	Madhya Pradesh	23.8272	79.4235	8100	
1263967	Manali	Himachal Pradesh	32.2574	77.1748	8096	
8740271	Dharapur	Assam	26.1495	91.6420	8095	
13353604	Vehicle Factory Area Jabalpur	Madhya Pradesh	23.2266	79.9770	8087	
1262392	Musafir-Khana	Uttar Pradesh	26.3784	81.7961	8081	Musafirkhana
13353454	Gokak Falls	Karnataka	16.1879	74.7776	8080	
12402415	Nasvadi	Gujarat	22.0452	73.7316	8076	
13494652	Tajpura	Tamil Nadu	12.8933	79.3192	8075	
10886277	Satghara	Bihar	26.3977	86.1678	8060	
13494578	Nuapatna	Odisha	20.4462	85.4690	8057	
13156869	Kumar Kaibarta Gaon	Assam	26.7509	94.2365	8056	
1252964	Wangjing	Manipur	24.5892	94.0639	8055	Vanczin
13353647	Kolki	Maharashtra	17.9792	74.4500	8054	
13157022	Reis Magos	Goa	15.5076	73.8097	8053	
13156868	Rupahi Town	Assam	26.4197	92.7456	8052	
1276079	Bhatgaon	Chhattisgarh	21.1500	81.7000	8044	Bkhatgaon
10790095	Peddikuppam	Tamil Nadu	13.4410	80.1218	8044	
12519438	Vijaypur	Jammu and Kashmir	32.5653	75.0186	8044	Vijay Pur
1272409	Dondi	Chhattisgarh	20.4881	81.0871	8042	Dondi-Awari|Doundi
11185177	Edakkalathur	Kerala	10.5932	76.1232	8039	
1275635	Bilaspur	Uttar Pradesh	28.3913	77.6242	8036	
11442889	Sirukkaveripakkam	Tamil Nadu	12.8530	79.6772	8032	
13353453	Bhimarayanagudi	Karnataka	16.7263	76.7978	8029	
13156923	Sarimpur	Bihar	25.5877	83.9933	8020	
11626060	Lapanga	Jharkhand	23.6333	85.3770	8017	
1257167	Sarila	Uttar Pradesh	25.7758	79.6753	8012	
11657000	Pudur	Tamil Nadu	8.8692	77.9938	8012	Pudiyamputhur
11520279	Iduvay	Tamil Nadu	11.0789	77.2853	8006	Iduvai
12518877	Arjyapalli Marine	Odisha	19.3167	84.9737	8001	Arjyapalli
1269163	Jasrasar	Rajasthan	27.7070	73.8128	8000	
7303983	Jhulasan	Gujarat	23.3286	72.4731	8000	
13494651	Muzhucode	Tamil Nadu	8.3619	77.2281	8000	
1258367	Ratangarh	Madhya Pradesh	24.8167	75.1167	7994	
13494577	Suvani	Odisha	19.1334	84.7151	7993	
1277155	Bara Bazar	West Bengal	22.5667	88.3500	7985	Barabazar|Calcutta Bara Bazar
10530673	Gamharia	Madhya Pradesh	23.8597	78.8139	7984	Gamiria Sagar
13353419	Tanr Balidih	Jharkhand	23.6685	86.0504	7982	
1254240	Tonk Khurd	Madhya Pradesh	23.0983	76.2155	7979	Tonk
10704206	Mahindale	Maharashtra	20.9054	74.7475	7977	
1272093	Eklahra	Madhya Pradesh	22.2035	78.6893	7975	Eklaira|Iklehra
13156867	Ambicapur Pt VI	Assam	24.7826	92.7892	7971	
13156922	Talkhapur Dumra	Bihar	26.5615	85.5074	7970	
1277476	Bamboo Flat	Andaman and Nicobar	11.7000	92.7167	7962	
13156866	Nidanpur Pt-II	Assam	26.0233	90.3037	7954	
1273300	Dekan	Madhya Pradesh	24.7064	75.1044	7951	Diken
11186058	Veppathur	Tamil Nadu	11.0161	79.4418	7949	
13156947	Jaijepur	Chhattisgarh	21.8313	82.8164	7946	
1254415	Tira Sujanpur	Himachal Pradesh	31.8336	76.5054	7943	Sujanpur|Sujanpur Tira
10854217	Bashettihalli	Karnataka	13.2616	77.5538	7943	Basettihalli
1270412	Hanspura	Bihar	25.0572	84.5490	7940	
1260845	Pail	Punjab	30.7213	76.0605	7923	Payal
1262032	Nambutalai	Tamil Nadu	9.7277	79.0071	7914	
1259877	Periyanegamam	Tamil Nadu	10.7432	77.1030	7913	
10979604	Tonse East	Karnataka	13.3963	74.7217	7911	
13156865	Barika Chuburi	Assam	26.6363	92.8085	7911	
11663316	Puvalur	Tamil Nadu	10.8986	78.8303	7905	
1267949	Kanwat	Rajasthan	27.5890	75.6988	7903	
13494650	Alamelumangapuram	Tamil Nadu	12.9422	79.1869	7900	
1271393	Ghumarwin	Himachal Pradesh	31.4417	76.7151	7899	Ghamarwin
13353418	Purihasa	Jharkhand	22.7445	86.1930	7897	
1271549	Garhi Harsaru	Haryana	28.4452	76.9395	7894	
1258620	Rampur	Odisha	20.1981	83.5205	7892	Madanpur Rampur
13157077	Dehari	Gujarat	20.1533	72.7414	7892	
11682005	Kottaikavundanpatti	Tamil Nadu	11.7196	78.0685	7891	Kottagoundampatty
13494576	Erei	Odisha	21.0871	86.5270	7890	
1274127	Chintapalle	Andhra Pradesh	17.8712	82.3511	7888	
1276819	Barwadih	Jharkhand	23.8478	84.1105	7888	
1263983	Mamit	Mizoram	23.9270	92.4897	7884	
1348788	Sahapur	West Bengal	22.5244	88.1669	7883	
11463028	Avanur	Kerala	10.6024	76.1752	7879	
13353603	Ordnance Factory Itarsi	Madhya Pradesh	22.5733	77.8653	7878	
12519447	Shangus	Jammu and Kashmir	33.6969	75.2837	7875	
11627388	Sewai	Jharkhand	23.6175	85.6783	7874	
11184234	Tuli	Nagaland	26.6643	94.6421	7864	
13353470	Cherpu	Kerala	10.4313	76.1990	7864	
8985894	Gangadharpur	West Bengal	22.7600	88.2200	7862	
13353417	Bandhgora	Jharkhand	23.6214	86.1466	7859	
1273752	Dabra	Chhattisgarh	21.7804	83.0824	7854	Dabhra
11463017	Pottor	Kerala	10.5791	76.2026	7848	Pottore
11680411	Minakshipuram	Tamil Nadu	9.9908	77.3709	7846	B. Meenakshipuram
12382220	Amini	Lakshadweep	11.1141	72.7191	7843	
1254310	Titabar	Assam	26.6014	94.2039	7836	
13157076	Pardi Sondhpur	Gujarat	20.6199	72.9400	7833	
11655993	Nallur	Tamil Nadu	8.8705	77.5171	7828	
1277408	Banavar	Karnataka	13.4103	76.1631	7827	Banavara
11519576	Elattur	Tamil Nadu	11.3866	77.3080	7827	
11682147	Sedaikavundanur	Tamil Nadu	11.6403	78.1806	7823	Sanniyasigundu
12261432	Seethanagaram	Andhra Pradesh	17.1767	81.6925	7816	
1279050	Alawalpur	Punjab	31.4316	75.6561	7815	
1253718	Uppinangadi	Karnataka	12.8364	75.2461	7813	
13494649	Malayadi	Tamil Nadu	8.3609	77.1795	7812	
1257703	Sakit	Uttar Pradesh	27.4346	78.7790	7811	
13156755	Yerrabalem	Andhra Pradesh	13.7046	80.0186	7803	
1258375	Rasulabad	Uttar Pradesh	26.7449	80.4901	7800	
1260275	Parol	Jammu and Kashmir	32.3460	75.4344	7800	Nagri|Parole
10877389	Narikombu	Karnataka	12.8846	75.0542	7800	
11682028	Nallakavundanpalaiyam	Tamil Nadu	11.5923	78.0137	7796	Perumagoundampatti
13353416	Kurpania	Jharkhand	23.7917	85.9323	7789	
13157152	Jhakal Mandi	Haryana	29.8076	75.8248	7788	
1274270	Chicalim	Goa	15.3984	73.8422	7787	Chiquilim
11664562	Vilachcheri	Tamil Nadu	9.8937	78.0603	7787	Vilacheri
10883531	Meru	Jharkhand	24.0097	85.4673	7780	
11441187	Settithangal	Tamil Nadu	12.9565	79.3371	7780	Chettithangal
1261847	Narasimharajapura	Karnataka	13.6107	75.5120	7775	
11729577	Dandedih	Jharkhand	24.1634	86.3273	7769	Dandidih
10846124	Mallar	Karnataka	13.2142	74.7610	7765	
13100430	Pipodara	Gujarat	21.3605	72.9598	7765	
13353646	Chandrapada	Maharashtra	19.3616	72.8818	7750	
11655542	Kannanur	Tamil Nadu	8.2793	77.2922	7747	Kannanoor
10878497	Beltangadi	Karnataka	12.9795	75.2699	7746	
8431474	Kawnpur	Mizoram	24.0476	92.6756	7732	N. Kawnpui
11186365	Dalavaipatti	Tamil Nadu	11.6614	78.0834	7732	Dalavaypattanam|Dalavoipatnam
11423479	Ammanur	Tamil Nadu	13.0650	79.6530	7731	
1276917	Barkot	Uttarakhand	30.8086	78.2060	7725	
12625366	Thaikattussery	Kerala	10.4601	76.2436	7724	Palissery|Thycattusserry
10700647	Fateh Nangal	Punjab	31.9453	75.3191	7721	
1259571	Piploda	Madhya Pradesh	23.3500	75.4333	7719	
13494648	Bhavanisagar	Tamil Nadu	11.4806	77.1291	7710	
1253719	Uppiliyapuram	Tamil Nadu	11.2636	78.5139	7705	Uppiliapuram
13494726	Tangapur	Telangana	16.3956	78.6266	7704	
12382221	Agatti	Lakshadweep	10.8352	72.1822	7700	
1253122	Virinchipuram	Tamil Nadu	12.9234	79.0219	7699	Virinjiuram
13100429	Palod	Gujarat	21.3847	72.9584	7698	
1261250	Nizampur	Maharashtra	21.1128	74.3307	7696	
8442574	Kandanur	Tamil Nadu	10.1037	78.8254	7696	
13156946	Chandrapur	Chhattisgarh	21.7076	83.2349	7688	
1263740	Mangvadi	Maharashtra	18.4313	73.8600	7685	Yewalewadi
13156864	Irongmara	Assam	24.6890	92.7422	7685	
10543412	Harduli	Madhya Pradesh	22.9278	79.9030	7682	
13156945	Jhagrakhand	Chhattisgarh	23.1942	82.1976	7680	
10256352	Akalgarh	Punjab	30.7595	75.6457	7678	
13494647	Kulappuram	Tamil Nadu	8.3219	77.1489	7677	
1253530	Vaithisvarankoil	Tamil Nadu	11.1958	79.7074	7676	Vaitheeswarankoil
1276491	Beltangadi	Karnataka	13.9833	75.3000	7676	Beltangady
10524786	Tarichar Kalan	Madhya Pradesh	25.4118	78.8900	7674	
13494646	Nattalam	Tamil Nadu	8.2796	77.2345	7674	
1277716	Bajna	Uttar Pradesh	27.8979	77.6784	7673	
11463040	Mundathikod	Kerala	10.6446	76.1953	7672	
10165740	Bhugor	Rajasthan	27.5169	76.6100	7666	Bhoogar
1269278	Jamwa Ramgarh	Rajasthan	27.0202	76.0109	7665	Ramgarh Jamwa
8442172	Virudampattu	Tamil Nadu	12.9595	79.1444	7662	
1276869	Barpathar	Assam	26.2871	93.8884	7657	
13353469	Kodannur	Kerala	10.4665	76.1842	7655	
10168209	Doha	Haryana	27.6783	76.9361	7642	
9915003	Outabgarh	Delhi	28.8010	76.9616	7639	Qutab Garh
12720101	Belthangady	Karnataka	12.9880	75.2824	7635	
10846585	Shiravagilu	Kerala	12.5492	74.9876	7630	Shiribagilu
10536511	Waghoda	Maharashtra	21.3731	78.9349	7628	
13156863	Bamun Sualkuchi	Assam	26.1683	91.5817	7628	
10880091	Mathurapur	Bihar	25.8710	85.7882	7627	
1276506	Belluru	Karnataka	12.9814	76.7331	7626	Bellur
1279019	Aligarh	Rajasthan	25.9652	76.0830	7626	Aligarkh|Rampura
10901477	Rekurti	Telangana	18.4689	79.1119	7626	
13494644	Pavali	Tamil Nadu	9.6023	77.9213	7622	
1263636	Manpur	Madhya Pradesh	22.4315	75.6211	7621	
11557462	Vellavadanparappu	Tamil Nadu	11.1854	77.8424	7621	Vellottamparappu
1273379	Daulatpur	West Bengal	25.3260	88.3299	7620	Muhanundp
1278223	Ateli Mandi	Haryana	28.1008	76.2598	7619	Ateli
11655976	Terur	Tamil Nadu	8.1733	77.4651	7615	Therur
1255708	Sorbhog	Assam	26.4861	90.8859	7614	
11184230	Longleng	Nagaland	26.4899	94.8177	7613	
1465855	Navalur	Tamil Nadu	12.8448	80.2265	7610	Muthukadu
1271093	Gogapur	Madhya Pradesh	23.5575	75.5166	7608	
1263932	Manda	Maharashtra	19.5684	72.7972	7605	Umbar Pada Nandade
10770623	Nakkapalle	Andhra Pradesh	17.4079	82.7166	7603	
13353415	Jangalpur	Jharkhand	23.8274	86.5793	7603	
1273648	Dalhousie	Himachal Pradesh	32.5522	75.9466	7601	
11601667	Periyakkurichchi	Tamil Nadu	11.5400	79.4894	7599	Periyakurichi
1262291	Nadigaon	Uttar Pradesh	26.1078	79.0228	7597	
1271575	Garhdiwala	Punjab	31.7415	75.7557	7593	Gardhiwala
13494593	Rail	Punjab	30.9990	76.4676	7589	
13157075	Ahmadabad Cantonment	Gujarat	23.0477	72.6099	7588	
13353364	Rakh Gadi Garh	Jammu and Kashmir	32.6692	74.8389	7588	
13494643	Sembianallur	Tamil Nadu	11.1773	77.2413	7586	
1266747	Kherwara	Rajasthan	23.9859	73.5949	7581	Khairwara|Kherwara Chhaoni
1466008	Kattrivedu	Tamil Nadu	13.1378	80.2044	7580	Kadhirvedu
10515503	Murmari	Maharashtra	21.0729	79.8280	7576	
1259294	Puduppatti	Tamil Nadu	11.1522	78.2121	7570	
1264139	Malaudh	Punjab	30.6333	75.9356	7567	Maloud
13156921	Padri	Bihar	26.1645	85.9124	7566	
10975865	Mutge	Karnataka	15.8656	74.5918	7561	Mutga
11441900	Paiyur	Tamil Nadu	12.6707	79.3024	7555	
11463086	Kumaranellur	Kerala	10.6696	76.2475	7553	
1276242	Bhakhara	Chhattisgarh	20.8995	81.6028	7547	Bhakhra
13353452	Gogipeth	Karnataka	16.7352	76.7443	7544	
13156862	Kochpara	Assam	26.0890	91.5318	7540	
1274633	Chantongia	Nagaland	26.5459	94.6856	7532	Changtongya
12218081	Koonimedu	Tamil Nadu	12.0852	79.8893	7528	Canhameira|Congi-medu|Congimer|Conimere|Coonimode
13645567	Maan	Maharashtra	18.5812	73.7041	7527	
1266028	Kotar	Madhya Pradesh	24.6980	80.9807	7520	
13157021	Murda	Goa	15.4802	73.8544	7517	
9909450	Sunari Kalan	Haryana	28.8610	76.5690	7506	
1271750	Gamharia	Jharkhand	22.8094	86.1034	7505	Bara Gamharia|Chota Gamahria|Gamaria
8224730	Nachiyar Koil	Tamil Nadu	10.9195	79.4459	7505	Natchiarkoil
11031631	Nimbhora Budrukh	Maharashtra	21.0486	75.8419	7501	
1264435	Bishunpur Urf Maharajganj	Uttar Pradesh	26.2591	83.1164	7499	Maharajganj
1253503	Valantaravai	Tamil Nadu	9.3391	78.8871	7498	
10214095	Borgaon	Madhya Pradesh	21.5611	78.8131	7497	
1254900	Tarapur	Maharashtra	19.8650	72.6843	7493	Tarapore|Tarapur town
1271264	Ghorawal	Uttar Pradesh	24.7546	82.7797	7492	Ghorawul|Ghorwal
10431325	Malanpur	Madhya Pradesh	26.3572	78.2870	7492	
1273173	Dera Nanak	Punjab	32.0373	75.0279	7491	Dera Baba Nanak
11189057	Kegaon	Maharashtra	18.8957	72.9131	7485	
10728723	Sargaon	Chhattisgarh	21.9009	81.9772	7484	
11522095	Kuruppanayakkanpalaiyam	Tamil Nadu	11.4645	77.6941	7484	Kuruppanaickenpalayam
13494642	P. J. Cholapuram	Tamil Nadu	10.9057	78.2792	7484	
11692058	Jajang	Odisha	21.9383	85.4425	7482	Jajanga
1274235	Chikhli	Gujarat	20.7575	73.0627	7480	
11684164	Puduppatti	Tamil Nadu	11.4965	78.2706	7478	R. Pudupatti
1268086	Kangpokpi	Manipur	25.1527	93.9717	7476	
1268677	Kadipur	Uttar Pradesh	26.1678	82.3703	7472	
1252765	Yechagam	Jammu and Kashmir	33.9873	74.7517	7461	Ichgam
13353468	Tholur	Kerala	10.5718	76.1291	7454	
8477292	Ukal	Gujarat	21.2374	73.5779	7453	Ukai
1254899	Tarapur	Bihar	25.0907	86.6620	7450	
1257385	Sanjeli	Gujarat	23.0584	73.9702	7448	Sanjell
1265440	Kusmi	Chhattisgarh	23.2839	83.9083	7448	
1269758	Indargarh	Rajasthan	25.7282	76.1904	7444	Indragarh
1263452	Marwad	Dadra and Nagar Haveli and Daman and Diu	20.4376	72.8322	7443	Marvor
11557605	Vengambur	Tamil Nadu	11.1053	77.8783	7443	Vengampudur
1271215	Gidam	Chhattisgarh	18.9743	81.3989	7440	Geedam|Gidum
1252825	Xeldem	Goa	15.2500	74.0833	7434	
10846415	Tokuru	Karnataka	12.9638	74.8380	7433	
1265501	Kurkhera	Maharashtra	20.6181	80.2085	7430	Kurkheda
10210945	Sirgora	Madhya Pradesh	22.2063	78.8832	7430	
11341315	Venkatapuram	Tamil Nadu	12.5344	78.2020	7430	
1256065	Sironcha	Maharashtra	18.8483	79.9638	7427	Sironcha Ry.
1466038	Alamadi	Tamil Nadu	13.2092	80.1097	7424	Alamathi
11664491	Airavadanallur	Tamil Nadu	9.9057	78.1552	7423	Iravadanallur
13494575	Gotamara	Odisha	20.8583	85.2027	7420	
1266008	Kot Fatah	Punjab	30.1132	75.0867	7412	Kot Fateh|Kot Fatta
1269470	Jakhal	Haryana	29.7963	75.8239	7411	Jakhal Mandi
12522825	Lathikata	Odisha	22.1307	84.8901	7405	
13494738	Narsingarh	Tripura	23.9097	91.2508	7404	
11185518	Kandanvilai	Tamil Nadu	8.2068	77.3281	7401	Athivilai
1260314	Parichha	Uttar Pradesh	25.5079	78.7595	7399	
11185520	Kannamangalam	Tamil Nadu	12.7521	79.1478	7399	
1254092	Tumgaon	Chhattisgarh	21.1912	82.1230	7394	
13156920	Saidpura	Bihar	25.5768	85.0454	7392	
13494534	Sikhong Sekmai	Manipur	24.6380	94.0934	7390	
11729562	Maheshlundi	Jharkhand	24.1760	86.2662	7389	Mahesh Mundi
1261142	Numaligarh	Assam	26.6225	93.7223	7386	
13645541	Ant	Uttar Pradesh	27.4431	80.4686	7385	
9408052	Nongumlong	Meghalaya	25.5644	91.8312	7381	Umlyngka
12522583	Palakurthy	Telangana	18.7165	79.3815	7380	
1269288	Jamunamukh	Assam	26.1015	92.7426	7377	
13156981	Kotla Mahigiran	Delhi	28.5367	77.2807	7376	
1266813	Khed	Maharashtra	18.3381	73.8468	7370	
1253898	Ukwa	Madhya Pradesh	21.9710	80.4663	7369	
13353363	Nagam	Jammu and Kashmir	33.9264	74.7919	7365	
13353467	Manavalassery	Kerala	10.3613	76.1724	7364	
1265761	Kukkudakhandi	Odisha	19.3936	84.7550	7361	Kukkudakhandy
13156861	Kanisail Pt I	Assam	24.8551	92.3700	7358	
1259863	Perumanallur	Tamil Nadu	11.2050	77.3589	7356	
13156860	Asudubi	Assam	26.0232	90.6658	7356	
1274172	Chinchinim	Goa	15.2145	73.9755	7355	
1270233	Hat	Haryana	29.3318	76.6150	7354	
13353362	Rehambal	Jammu and Kashmir	32.8976	75.0683	7351	
11185507	Kainoor	Kerala	10.4991	76.2794	7344	
11875582	Jiribam	Manipur	24.8043	93.1215	7343	
13353645	Vadghar	Maharashtra	18.9834	73.1040	7341	
10432960	Amargarh	Punjab	30.4621	76.0144	7339	
1272864	Dharchula	Uttarakhand	29.8471	80.5195	7331	
8223965	Vembadithalam	Tamil Nadu	11.5674	78.0109	7331	
1348581	Haripur	West Bengal	22.9361	88.2319	7327	
1265577	Kunnattur	Tamil Nadu	12.3478	78.5105	7326	Kunnatur
1348742	Krishnapur	West Bengal	22.6703	88.2694	7325	
1258715	Ramban	Jammu and Kashmir	33.2428	75.2351	7317	
1269592	Jagannathpur	Jharkhand	22.2212	85.6392	7310	
10165760	Desula	Rajasthan	27.5320	76.6793	7306	Desoola
10304277	Chuhal	Punjab	31.5950	75.9684	7304	Chohal
13353414	Panchet	Jharkhand	23.6881	86.7574	7296	
1256090	Sardarpur	Madhya Pradesh	22.6655	74.9774	7293	Sirdarpore
10469664	Silewara	Maharashtra	21.2912	79.1240	7290	Sillewada
1255283	Swamimalai	Tamil Nadu	10.9575	79.3293	7289	Cuvaimalai
11664552	Karadipatti	Tamil Nadu	9.9181	78.0239	7289	
10524202	Kismatpur	Telangana	17.3341	78.3925	7288	
1271078	Gohand	Uttar Pradesh	25.6987	79.5457	7286	
11679792	Uppalavadi	Tamil Nadu	11.7652	79.7764	7281	Gunduuppalavadi
1279357	Adbhar	Chhattisgarh	21.9535	83.0247	7272	
8432847	Dih	Uttar Pradesh	26.1426	81.4086	7267	
1274055	Chittarkonda	Odisha	18.1253	82.1089	7260	Chitrakonda
1276315	Bhadson	Punjab	30.5067	76.2471	7260	
1254609	Thenzawl	Mizoram	23.3167	92.7500	7259	
11557714	Pandamangalam	Tamil Nadu	11.1033	77.9670	7259	
13353602	Swroop Nagar	Madhya Pradesh	23.8273	77.9419	7258	
13494641	Ariyur	Tamil Nadu	12.8756	79.1034	7251	
11686583	Kadma	Jharkhand	23.9873	85.3453	7239	Kadma No-II
13156944	Dornapal	Chhattisgarh	18.1551	81.5086	7238	
10846189	Talipadi	Karnataka	13.0665	74.8543	7237	
13353644	Khapar	Maharashtra	21.5330	73.9312	7235	
8446735	Jarhi	Chhattisgarh	23.3592	83.0447	7228	
1255811	Somvarpet	Karnataka	12.5970	75.8496	7227	Somwarpett
1253186	Vijayapuri	Tamil Nadu	11.2453	77.5007	7222	
13353643	Morewadi	Maharashtra	16.6624	74.2544	7222	
1270961	Gopalpur	Odisha	19.2586	84.9052	7221	Gopalpur-on-Sea
1279063	Alandurai	Tamil Nadu	10.9532	76.7900	7221	Alanthurai
1443382	Khaira	Delhi	28.5942	76.9701	7220	Khera
1257279	Saragaon	Chhattisgarh	21.9865	82.7558	7216	
1266873	Kharsawan	Jharkhand	22.7909	85.8310	7216	Kharsawangarh
1257043	Sathamba	Gujarat	23.1705	73.3283	7213	
13353642	Kudus	Maharashtra	19.5336	73.1010	7204	
1254684	Talera	Rajasthan	25.3158	75.7328	7203	Thalera
11657174	Perungulam	Tamil Nadu	8.6413	77.9985	7203	
10894224	Nurpur	Bihar	25.4241	86.0435	7202	
1269190	Jarod	Gujarat	22.4393	73.3347	7200	
12523346	Hnahthial	Mizoram	22.9661	92.9297	7187	
10885799	Bekobar	Jharkhand	24.4192	85.5888	7184	
11729058	Sirsia	Jharkhand	24.2120	86.3131	7181	
11463027	Kaiparamba	Kerala	10.6083	76.1390	7179	
6980999	Gandhisagar Colony	Madhya Pradesh	24.6905	75.5668	7178	Gandhi Sagar Hydel Col
1439894	Birpur	Jammu and Kashmir	32.6617	74.9518	7177	
13156859	Mairabari Town	Assam	26.4536	92.4227	7177	
1264331	Mahur	Assam	25.1831	93.1134	7176	
1261476	Neykuppai	Tamil Nadu	10.2214	78.5360	7165	
8432239	Oinam	Manipur	24.6890	93.8129	7161	
1270212	Hathwa	Bihar	26.3554	84.2976	7156	Hathua
1278051	Babugarh	Uttar Pradesh	28.7235	77.8468	7156	Babugarkh
1270914	Goregaon	Maharashtra	18.1548	73.2915	7155	
11018526	Kumarpur	Jharkhand	24.6813	87.8411	7153	
11522256	Pettampalaiyam	Tamil Nadu	11.3499	77.5706	7152	Pethampalayam
1255236	Taipi Duidam	Arunachal Pradesh	27.2912	96.0437	7151	Jairampur
13353466	Manakkody	Kerala	10.4857	76.1697	7150	
10789082	Mulaguntapadu	Andhra Pradesh	15.2640	80.0196	7145	
1270304	Harnai	Maharashtra	17.8134	73.0967	7144	Herni
1261330	Neemrana	Rajasthan	27.9919	76.3854	7143	Nimrana
1257908	Sabroom	Tripura	23.0015	91.7243	7142	Sabrum
1262873	Mohpa	Maharashtra	21.3101	78.8297	7140	Mokhpa
7117985	Banbasa	Uttar Pradesh	28.9913	80.0761	7138	
1262787	Moranha	Assam	27.1873	94.9156	7136	Moran|Moranhat
11186262	Vanavasi	Tamil Nadu	11.7500	77.8801	7130	
11664492	Viraganur	Tamil Nadu	9.9036	78.1552	7121	
1271374	Ghansor	Madhya Pradesh	22.6598	79.9501	7120	Ghansaur
9915841	Akaira	Haryana	28.2310	76.8508	7110	Aakera
13494574	Bhakarsahi	Odisha	20.1855	86.0103	7110	
13157074	Mirjhapar	Gujarat	23.2190	69.6336	7109	
13157073	Karachiya	Gujarat	22.3786	73.1328	7103	
11463538	Kallettumkara	Kerala	10.3439	76.2681	7097	
13156858	Upar Hali	Assam	26.1031	91.5088	7095	
13494640	Sankarnagar	Tamil Nadu	8.7969	77.7340	7095	
1274278	Chhuikhadan	Chhattisgarh	21.5232	80.9979	7093	
1277344	Bonaigarh	Odisha	21.8219	84.9520	7080	Banaigarh|Banei|Bonai
13494573	Lalsingi	Odisha	19.9474	84.5711	7078	
13157072	Ambaliyasan	Gujarat	23.4499	72.4233	7072	
10704841	Koni	Chhattisgarh	22.1217	82.1336	7065	
10896932	Kurgahalli	Karnataka	12.3546	76.5767	7065	Koorgalli
13156754	Chennamukkapalle	Andhra Pradesh	14.0595	78.7698	7065	
10846439	Badagal Ulipadi	Karnataka	12.9521	74.9582	7062	Badagaulipady
10210432	Palachaurai	Madhya Pradesh	22.2003	78.6592	7061	
13353451	Kodiyal	Karnataka	14.5167	75.7896	7061	
1270774	Guirim	Goa	15.5755	73.8072	7057	
13353413	Mera	Jharkhand	23.7556	86.7944	7051	
1442251	Kabri	Haryana	29.4278	76.9397	7049	
13494592	Sarai Khas	Punjab	31.4090	75.5112	7044	
1260807	Pal	Maharashtra	21.3618	75.9013	7041	
10878496	Kuvettu	Karnataka	12.9809	75.2535	7041	
13494737	Briddhanagar	Tripura	23.8445	91.3514	7041	
1266167	Konta	Telangana	17.8049	81.3867	7038	
10846475	Adyar	Karnataka	12.8703	74.9226	7034	
13353601	Nagri	Madhya Pradesh	23.8477	75.1443	7034	
11680426	Kujjanur	Tamil Nadu	9.8743	77.3747	7024	Kuchanur
10333211	Kherliganj	Rajasthan	24.8808	76.6682	7022	
1264841	Lohara	Chhattisgarh	21.8500	81.1333	7017	Sahaspur-Lohara
1431227	Watargam	Jammu and Kashmir	34.3194	74.3736	7015	Jagir|Watra Gam
13156857	Batarashi	Assam	24.8694	92.3349	7001	
9977596	Inda Chhoi	Haryana	29.6404	75.7904	7000	
1267083	Khamharia	Chhattisgarh	20.9760	82.2512	6998	
1273469	Daringbarhi	Odisha	19.9070	84.1241	6995	Daringabadi|Daringbadi
13156980	Khan Pur Dhani	Delhi	28.7100	77.2830	6994	
1279148	Akalgarh	Punjab	29.8207	75.8908	6993	
11463008	Chittilapilli	Kerala	10.5657	76.1527	6988	Chittilappilly
11532784	Ayyanur Teppakkuttai	Tamil Nadu	11.5960	77.9839	6986	Thappakuttai
1271386	Ghanaur	Punjab	30.3309	76.6120	6985	
1276974	Barhagarh	Odisha	19.6450	84.4079	6982	Badagada
8199408	Panaikulam	Tamil Nadu	9.3757	78.9540	6980	
1258293	Ray	Jharkhand	23.6843	85.0546	6977	
13156856	Tarapur VII	Assam	24.8131	92.7822	6977	
13157071	Umbergaon INA	Gujarat	20.1691	72.7750	6976	
1264033	Malpur	Gujarat	23.3604	73.4660	6971	
11727011	Tilodih	Jharkhand	24.2118	86.2474	6970	Telodih
1261911	Nanguneri	Tamil Nadu	8.4933	77.6581	6969	
1275252	Borio	Jharkhand	25.0344	87.5925	6964	
13156855	Uttar Krishnapur Part-I	Assam	24.7906	92.7934	6960	
1275238	Borlai Panchaitan	Maharashtra	18.1700	73.0044	6952	Borlai Panchaitar|Borlai-Panchatan
1279332	Adri	Gujarat	20.9659	70.2886	6952	
13494639	Chatrapatti	Tamil Nadu	9.3448	77.9206	6948	
10261443	Badh Malak	Haryana	28.9198	77.0958	6938	
13353412	Hariharpur	Jharkhand	23.8888	86.1307	6938	
13157070	Antaliya	Gujarat	20.7653	72.9907	6936	
1270818	Gudari	Odisha	19.3476	83.7813	6931	
13353361	Khore	Jammu and Kashmir	32.8226	74.5113	6931	
13353360	Sunderbani	Jammu and Kashmir	33.0484	74.4885	6930	
13353450	Venkatapura	Karnataka	14.0321	74.5333	6928	
1257172	Saria	Chhattisgarh	21.6401	83.3631	6927	Sariya
10700310	Risama	Maharashtra	21.3645	80.3711	6925	
1275689	Bijepur	Odisha	21.1893	83.4606	6922	
1255872	Sohela	Odisha	21.3015	83.3980	6917	
11184445	Sarthebari	Assam	26.3629	91.2231	6913	
11444905	Kilpuduppakkam	Tamil Nadu	12.6798	79.5452	6912	
1271771	Galiakot	Rajasthan	23.5200	74.0203	6906	
1273415	Daspalla	Odisha	20.3396	84.8472	6906	Kunjaban|Kunjabangarh
9914991	Ladrawan	Haryana	28.7866	76.9365	6905	
1263621	Mansar	Maharashtra	21.3960	79.2635	6901	
13494572	Balipatapur	Odisha	19.9356	85.4968	6898	
11442597	Anantapuram	Tamil Nadu	12.1186	79.3822	6892	
11682152	Kondamanayakkanpatti	Tamil Nadu	11.7103	78.1770	6892	Kondappanaickenpatti
8453448	Semarwara	Rajasthan	23.5668	73.7427	6891	Seemalwara
1349263	Gopalpur	West Bengal	22.6184	88.7512	6890	
11678855	Mel Pattambakkam	Tamil Nadu	11.7882	79.6284	6887	
1277477	Bambolim	Goa	15.4636	73.8531	6885	
10684803	Ghoh	Punjab	32.3299	75.6748	6883	
10846248	Sanuru	Karnataka	13.1747	74.9917	6881	Sanoor
11682427	Chinnamanali	Tamil Nadu	11.3943	78.0841	6878	Periyamanali
10263048	Gheora	Delhi	28.6941	77.0016	6876	
8018163	Padmabil	Assam	26.4363	89.9634	6874	
10697139	Asan Khurd	Haryana	29.4045	76.8732	6873	
10756350	Khaliapali	Odisha	21.3640	83.6164	6865	
10820096	Hat Saraiya	Bihar	26.7946	84.4853	6863	
1267449	Katra	Uttar Pradesh	27.5087	82.0264	6853	
1259094	Queula	Goa	15.3901	73.9856	6852	Quela
13353411	Gunghasa	Jharkhand	23.8618	86.1777	6845	
13353410	Charhi	Jharkhand	23.8538	85.4453	6842	
1445585	Anwaram	Telangana	17.6330	78.3795	6840	
11185822	Manjalumoodu	Tamil Nadu	8.3745	77.2222	6840	
13156933	Khuda Alisher	Chandigarh	30.7747	76.8118	6831	
10256415	Baddowal	Punjab	30.8611	75.7469	6825	
13157069	Bhat	Gujarat	23.1029	72.6360	6823	
13156854	Bahbari Gaon	Assam	27.4806	95.3263	6821	
13353600	Pipri	Madhya Pradesh	22.0633	75.4009	6821	
1255909	Soanpeta	Telangana	18.9700	78.3563	6820	
13156919	Majhauli Khetal	Bihar	26.1102	85.3664	6820	
13494638	Paloor	Tamil Nadu	8.2427	77.2365	6818	
10818104	Todi	Rajasthan	25.1123	74.2605	6816	
1272074	Elayirampannai	Tamil Nadu	9.2703	77.8249	6814	
10846381	Harekala	Karnataka	12.8425	74.9153	6814	
11269055	Moragudi	Andhra Pradesh	14.8626	78.3788	6812	
13156753	Murakambattu	Andhra Pradesh	13.2463	79.1187	6812	
10845957	Varamballi	Karnataka	13.3640	74.7626	6809	
11572154	Rudravati	Tamil Nadu	10.8743	77.4103	6807	
13494637	Choozhal	Tamil Nadu	8.3101	77.1280	6807	
1269631	Jabera	Madhya Pradesh	23.5582	79.6780	6806	Jabhera
1266022	Kotba	Chhattisgarh	22.4394	83.7400	6805	
11604014	Cholapuram	Tamil Nadu	11.0542	79.4126	6803	
13353641	Vilholi	Maharashtra	19.9233	73.7173	6798	
10699503	Khamari	Maharashtra	21.4268	80.2345	6794	
1261506	Nerinjippettai	Tamil Nadu	11.6543	77.7586	6791	Nerinjipettai
13157068	Kevadiya	Gujarat	21.8856	73.7023	6788	
1277992	Badhni Kalan	Punjab	30.6813	75.2909	6786	
13156979	Chandan Hola	Delhi	28.4685	77.1831	6780	
1278530	Antagarh	Chhattisgarh	20.0926	81.1586	6777	
13353409	Sahnidih	Jharkhand	23.7819	86.2506	6777	
13353408	Dumra	Jharkhand	23.7960	86.2136	6772	
13353599	Rosera	Madhya Pradesh	22.9421	79.2148	6770	
1266348	Koira	Odisha	21.9049	85.2421	6763	Koida
1268513	Kaladhungi	Uttarakhand	29.2835	79.3510	6763	
13494725	Osmania University	Telangana	17.4129	78.5263	6762	
1262768	Morjim	Goa	15.6310	73.7390	6760	Mordzhim
1264850	Lohaghat	Uttarakhand	29.4036	80.0897	6758	
10458110	Mandai	Madhya Pradesh	23.2191	79.9855	6743	Madai
10593072	Surankot	Jammu and Kashmir	33.6271	74.2747	6743	
12261433	Pedda bhogili	Andhra Pradesh	18.6612	83.3784	6733	
11463049	Eyyal	Kerala	10.6555	76.1174	6727	
11463057	Kottapuram	Kerala	10.6801	76.1939	6727	
1269652	Itaunja	Uttar Pradesh	27.0835	80.8967	6726	
13157067	Selamba	Gujarat	21.5179	73.8215	6717	
1257294	Sapotra	Rajasthan	26.2928	76.7522	6716	
1253024	Waghai	Gujarat	20.7705	73.5007	6715	
13156752	Kantabamsuguda	Andhra Pradesh	18.3226	82.8826	6714	
11269032	Veparala	Andhra Pradesh	14.8572	78.3481	6712	
1266589	Kiadgira	Telangana	17.2525	77.4334	6711	Navandgi
1256450	Shivrajpur	Gujarat	22.4232	73.6086	6705	
10509681	Anwari	Bihar	25.1532	83.6230	6702	
1273755	Dabolim	Goa	15.3991	73.8559	6700	
1257919	Sabathu	Himachal Pradesh	30.9749	76.9914	6691	Subathu
1266829	Khaur	Jammu and Kashmir	32.6027	74.8092	6690	Khour
1263820	Mandavla	Rajasthan	25.4262	72.5190	6683	Mandwala
1258503	Rangapahar	Assam	25.8557	93.7052	6673	
1272099	Ekangar Sarai	Bihar	25.2234	85.2298	6672	
13353449	Donimalai Township	Karnataka	15.0604	76.5922	6672	
13494571	Kandasar	Odisha	20.8416	85.1425	6668	
11682115	Selattanpatti	Tamil Nadu	11.6628	78.0946	6659	Selathampatti
1275996	Bheraghat	Madhya Pradesh	23.1317	79.8011	6657	
9031033	Sheragada	Odisha	19.5130	84.6041	6653	
1278753	Ammapattinam	Tamil Nadu	10.0153	79.2314	6652	Ammapatam|Ammapatnam
12523868	Deomali	Arunachal Pradesh	27.1931	95.4672	6648	
10612618	Narsapuram	Telangana	18.1004	78.8802	6647	Narsapur
13353632	Kambe	Maharashtra	19.3124	73.0364	6642	
1276847	Barsur	Chhattisgarh	19.1356	81.3839	6636	
1260931	Padghe	Maharashtra	19.3669	73.1758	6633	Padagha|Padgha
1253230	Verna	Goa	15.3548	73.9245	6632	
1275931	Bhim Tal	Uttarakhand	29.3445	79.5634	6625	
10880113	Bhuindhara	Bihar	25.8525	85.7605	6614	
11268958	Ramapuram	Andhra Pradesh	15.1382	78.1160	6614	
1277399	Banda	Maharashtra	15.8118	73.8612	6611	
13156853	Takhlibilar Pathar	Assam	26.5004	90.9352	6611	
13353407	Pondarkanali	Jharkhand	23.7702	86.3516	6611	
1445616	Bontapalli	Telangana	17.6624	78.3640	6608	Bonthapalle
1279045	Aldona	Goa	15.5934	73.8748	6606	
1278953	Alur	Karnataka	12.9780	75.9909	6604	
1270057	Hiramandalam	Andhra Pradesh	18.6709	83.9505	6603	
1463377	Naoghar	Maharashtra	18.8917	72.9857	6603	
10253601	Kumbhkot	Rajasthan	24.6183	76.0008	6602	
1257203	Lawa Sardargarh	Rajasthan	25.2392	73.9891	6600	Sardargarh
13156943	Aamadi	Chhattisgarh	20.7710	81.4899	6600	
10752572	Got	Uttar Pradesh	28.8511	78.8363	6599	
1263487	Maro	Chhattisgarh	21.8666	81.8589	6596	
1276275	Bhagwantnagar	Uttar Pradesh	26.2238	80.7575	6596	
11462936	Tayikkad	Kerala	10.5916	76.0611	6594	Thaikkad
1278142	Auras	Uttar Pradesh	26.9141	80.5079	6591	
13353640	Purne	Maharashtra	19.2586	73.0269	6588	
10854447	Kadiganahalli	Karnataka	13.1687	77.6282	6587	
11520104	Chengappalli	Tamil Nadu	11.1989	77.4231	6587	
11422157	Vanganur	Tamil Nadu	13.1829	79.4553	6584	
1443379	Jafarpur Kalan	Delhi	28.5900	76.9205	6573	Jaffar Pur Kalan
1274809	Chanari	Bihar	24.9156	83.7968	6569	
12261414	S. Rayavaram	Andhra Pradesh	17.4546	82.8062	6568	
13157020	Corlim	Goa	15.4961	73.9339	6568	
13156942	Shivnandanpur	Chhattisgarh	23.1902	82.9532	6567	
1255348	Surgana	Maharashtra	20.5596	73.6375	6566	
13494570	Anjira	Odisha	20.8264	86.0335	6561	
1274006	Cholapuram	Tamil Nadu	9.3519	77.5684	6557	
11627342	Seota	Jharkhand	23.6680	85.5205	6554	
11185623	Kokernag	Jammu and Kashmir	33.5785	75.3181	6553	Kokarnag|Kukarnag|Kukernag
9782260	Yingkiong	Arunachal Pradesh	28.6104	95.0475	6540	
10689598	Sater	Madhya Pradesh	22.5705	75.7791	6540	Santer
13494736	Matarbari	Tripura	23.5068	91.4968	6530	
10551662	Naurhiya	Madhya Pradesh	24.2069	82.5655	6529	Naudhia
13156852	Sarpara	Assam	26.0955	91.5184	6529	
1279192	Aish Maqam	Jammu and Kashmir	33.8650	75.2837	6519	Aish Mugam|Aishmuquam
1253930	Ugu	Uttar Pradesh	26.7968	80.3209	6518	
1272714	Dhorimanna	Rajasthan	25.2037	71.4369	6513	Dhorimana
1443377	Mitraon	Delhi	28.6062	76.9460	6512	
10578714	Khandbara	Maharashtra	21.3061	74.0441	6511	
13157019	Aquem	Goa	15.2584	73.9857	6511	
11462887	Porkolam	Kerala	10.6768	76.0694	6503	
1261798	Narharpur	Chhattisgarh	20.4489	81.6200	6500	
13353639	Sangramnagar	Maharashtra	17.8920	75.0062	6499	
13353637	Ambivali T. Tungartan	Maharashtra	18.8977	73.1729	6497	
13353638	Kuwarbav	Maharashtra	16.9945	73.3559	6497	
10684787	Manwal	Punjab	32.3026	75.6757	6496	
1261037	Oran	Uttar Pradesh	25.3688	80.7423	6495	
1273033	Dhali	Tamil Nadu	10.5105	77.1881	6494	
1266512	Kiranur	Tamil Nadu	10.5939	77.5032	6487	
1256428	Sravana Belgola	Karnataka	12.8574	76.4889	6485	Shravan Belgola|Shravanabelagola
12519444	Chadoora	Jammu and Kashmir	33.9454	74.7971	6482	Chadura
1265646	Kumsi	Karnataka	14.0546	75.3999	6468	
13156851	Jalah	Assam	26.2379	91.7198	6468	
11439176	Perumbakkam	Tamil Nadu	13.0395	79.8133	6462	
10846365	Belma	Karnataka	12.8138	74.9054	6452	
10821816	Tola Mansaraut	Bihar	26.8013	84.5391	6451	
1266144	Koradacheri	Tamil Nadu	10.7702	79.4916	6450	Koradachcheri
1261750	Narsingi	Telangana	18.0447	78.4252	6445	
1263257	Mayakonda	Karnataka	14.2889	76.0831	6445	
1257399	Sanguem	Goa	15.2290	74.1515	6444	
1264434	Maharajganj	Uttar Pradesh	26.3813	81.2744	6442	
10699494	Katangi	Maharashtra	21.4848	80.2035	6440	Katangi Kala
10694035	Khairi	Madhya Pradesh	22.5983	80.3924	6438	
13494569	Bhapur	Odisha	20.1742	86.0061	6438	
1268705	Kadakola	Karnataka	12.1918	76.6657	6436	
11664576	Silaiman	Tamil Nadu	9.8731	78.1906	6436	
11601671	Gangaikondan	Tamil Nadu	11.5389	79.4765	6434	
1269366	Jam	Telangana	19.1934	78.2795	6426	
13494568	Saranga	Odisha	20.9255	85.2640	6426	
13494636	Kilampadi	Tamil Nadu	11.2040	77.8427	6422	
1259072	Radhakund	Uttar Pradesh	27.5243	77.4910	6420	Radha Kund
13494567	Agastinuagan	Odisha	19.3700	85.0343	6411	
1275722	Bighapur Khurd	Uttar Pradesh	26.3473	80.6570	6409	Bighapur
11625947	Dari	Jharkhand	23.7219	85.3843	6405	
1258708	Ram Das	Punjab	31.9674	74.9087	6398	Ramdas
10767343	Satrampadu	Andhra Pradesh	16.7059	81.0738	6393	
13353406	Karmatanr	Jharkhand	23.8226	86.5241	6392	
1256122	Sini	Jharkhand	22.7933	85.9454	6382	
13353405	Mahlidih	Jharkhand	23.8081	86.3542	6381	
1259795	Phariha	Uttar Pradesh	27.3217	78.4727	6380	
13157018	Salvador do Mundo	Goa	15.5304	73.8363	6373	
11679300	Pallippadai	Tamil Nadu	11.4096	79.7074	6369	
13156751	Chidiga	Andhra Pradesh	16.9629	82.2124	6365	
13353359	Rathian	Jammu and Kashmir	32.8953	75.1308	6365	
11463055	Kariyannur	Kerala	10.6808	76.1628	6363	
12518850	Khatiguda	Odisha	19.2375	82.7881	6361	
13494635	Puliyoorsalai	Tamil Nadu	8.4197	77.1972	6361	
13353358	Bhore	Jammu and Kashmir	32.6668	74.8292	6360	
13353404	Muraidih	Jharkhand	23.8098	86.2387	6360	
13156850	Bali Koria	Assam	26.4393	91.4225	6359	
1273236	Deokar	Chhattisgarh	21.5667	81.3167	6358	Devkar
1259047	Raghunathpur	Bihar	25.6449	87.9176	6355	
1260130	Patharia	Chhattisgarh	22.0185	81.8351	6349	Pathariya
9985574	Buna Hir	Jammu and Kashmir	34.5243	74.2030	6348	Heri
11691505	Rengali	Odisha	21.2544	85.0330	6345	Rengali Dam Project Township
13494606	Baral	Rajasthan	25.9185	74.6294	6344	
1270587	Guhala	Rajasthan	27.6908	75.6361	6343	Gwala
13494634	Karugampattur	Tamil Nadu	12.9262	79.1055	6343	
10529889	Jainur	Telangana	19.3735	78.9083	6342	Jainoor
10569311	Dhanal	Maharashtra	21.1514	79.5424	6339	Thana
1278308	Asarganj	Bihar	25.1505	86.6864	6327	
1266141	Koradi	Maharashtra	21.2476	79.1058	6321	Koradih
11729536	Akdoni Khurd	Jharkhand	24.1579	86.2797	6321	
10483704	Mamnur	Telangana	17.9092	79.5926	6319	Mamnoor
1254148	Tseminyu	Nagaland	25.9247	94.2161	6315	Themoketsa
10697827	Hirapur	Madhya Pradesh	21.8419	80.2400	6315	
13156849	Chota Haibor	Assam	26.3314	92.6943	6315	
13156848	Silchar Part-X	Assam	24.8173	92.8136	6313	
10261406	Daryapur Kalan	Delhi	28.8140	77.0111	6310	Darya Pur Kalan
1260372	Parasgaon	Chhattisgarh	19.8622	81.6404	6306	Farasgaon
10845981	Alevur	Karnataka	13.3101	74.7886	6302	Alevoor
13156918	Dumari urf Damodarpur Shahjahan	Bihar	26.1048	85.3577	6301	
1255450	Sunakhala	Odisha	20.1668	85.3323	6299	Rajasunakhala|Sunakhalla
13494724	Garimellapadu	Telangana	17.5389	80.6225	6296	
1270118	Hesla	Jharkhand	24.0631	85.8791	6286	
1276970	Badamba	Odisha	20.4191	85.3446	6284	Baramba|Barambagarh|Barhamba
10210430	Ambara	Madhya Pradesh	22.1902	78.6708	6282	Ambada
1257611	Saligao	Goa	15.5536	73.7904	6280	
1264511	Magarlor	Chhattisgarh	20.7494	81.8515	6280	Magarlod
13156847	Pub - Dhaniram Pather	Assam	26.0138	92.8717	6280	
13156750	Vaddeswaram	Andhra Pradesh	16.4473	80.6127	6275	
1269607	Jagadapatnam	Tamil Nadu	9.9680	79.1901	6274	Keelamanjakudi
13494566	Dungamal	Odisha	19.6803	85.1821	6271	
1265256	Lakhanpur	Chhattisgarh	22.9879	83.0356	6270	Lakshmanpur
10855447	Kawlet	Karnataka	14.5223	75.7746	6265	Kawalettu
10713706	Apra	Punjab	31.0863	75.8791	6258	
13157066	Parabada	Gujarat	23.5977	72.9490	6255	
10692175	Bhagal Jagana	Gujarat	24.1261	72.3862	6250	Bhagal
10481199	Sivunipalli	Telangana	17.8441	79.3822	6242	Shivunipalle
11655648	Tadikarakonam	Tamil Nadu	8.3302	77.4149	6241	Thadikarankonam
1274228	Chikjajur	Karnataka	14.1267	76.1408	6236	Chikkajajur
11186352	Changlang	Arunachal Pradesh	27.1318	95.7349	6236	
13494633	Kila Ambur	Tamil Nadu	8.7610	77.4009	6233	
10846478	Tumbe	Karnataka	12.8680	74.9885	6230	Thumbe
1256645	Shankrampet	Telangana	18.0493	77.9142	6227	Shankarampet A
11607250	Chakkarappalli	Tamil Nadu	10.8996	79.1987	6227	
1264718	Loisinga	Odisha	20.8667	83.5167	6220	Loisingha|Luisinga
13156846	Kanakpur I	Assam	24.7950	92.8061	6219	
1264536	Madkai	Goa	15.4142	73.9398	6215	Marcaim
11520355	Manikkapuram	Tamil Nadu	11.0247	77.2754	6215	
1258596	Rampur	Himachal Pradesh	31.4494	77.6309	6206	Rampur Bushahr
1270898	Gorur	Karnataka	12.8230	76.0646	6192	
10979599	Tenkanidiyur	Karnataka	13.3691	74.7097	6188	Tenkanidyoor
11627339	Sanri	Jharkhand	23.6829	85.5058	6186	
11018519	Sangrampur	Jharkhand	24.6739	87.8468	6184	Sagarmpur
12523252	Mawpat	Meghalaya	25.5990	91.9250	6184	
11677704	Minakshinayakkanpatti	Tamil Nadu	10.3759	77.9570	6182	Kurumbapatti
13156845	Katirail T.E.	Assam	24.9087	92.5803	6182	
11463359	Vellanikkara	Kerala	10.5475	76.2583	6167	
13353636	Anantpur	Maharashtra	19.9329	75.0123	6166	
10435845	Mulanpur	Punjab	30.8000	76.7436	6165	Mullanpur Garib Dass
13157065	Digvijaygram	Gujarat	22.4319	69.8327	6161	
10444783	Chikhlakasa	Chhattisgarh	20.6000	81.0778	6160	Chikhalakasa
10708105	Rahud	Chhattisgarh	21.8126	82.5063	6160	Rahaud
13494565	Mukhiguda	Odisha	19.4402	82.8505	6155	
11621019	Peralam	Tamil Nadu	10.9628	79.6608	6149	
10214278	Wardhamna	Maharashtra	21.1270	78.9503	6148	Waddhamana
11664437	Arumbanur	Tamil Nadu	9.9944	78.1924	6148	
10832437	Arak	Bihar	25.6116	84.2216	6147	
11184819	Cherlopalle	Andhra Pradesh	13.6137	79.3652	6143	Cherlopalli
1266496	Kirnapur	Madhya Pradesh	21.6259	80.3314	6137	
13157064	Amboli	Gujarat	21.2885	72.9506	6137	
11680399	Markkayankottai	Tamil Nadu	9.8526	77.3603	6135	
1256126	Singtam	Sikkim	27.2347	88.5017	6133	Singtam Bazar|Singtom
1273304	Dehu	Maharashtra	18.7185	73.7664	6133	Dekhu
1264792	Londa	Karnataka	15.4691	74.5191	6131	Landa
13156844	Forest Village Lakhipathar	Assam	27.4533	95.5813	6129	
13494564	Budhapanka	Odisha	20.8583	85.2420	6129	
1262162	Nagrota	Himachal Pradesh	32.0571	76.0914	6125	
10837742	Tar	Bihar	25.3959	84.3433	6123	
13156749	Tada Khandrika	Andhra Pradesh	13.5885	80.0337	6123	
11185844	Minalur	Kerala	10.6250	76.2215	6120	
1259412	Ponnampet	Karnataka	12.1447	75.9451	6117	
13494632	Sirukalathur	Tamil Nadu	12.9823	80.0549	6117	
13494533	Heingang	Manipur	24.8568	93.9468	6115	
13494631	Gandipuram	Tamil Nadu	8.1796	77.4449	6106	
1272202	Dungarpur	Gujarat	21.2878	71.7556	6105	
1266481	Kishanpur	Uttar Pradesh	25.6423	81.0227	6104	
1274277	Chhura	Chhattisgarh	20.8112	82.2091	6095	
10688240	Varphalia	Maharashtra	21.8277	74.2191	6093	Vadfalya
1270523	Hajipur	Punjab	31.9771	75.7544	6091	Hajjipur|Khadzhipur
13156843	Uttar Athiabari	Assam	26.5233	90.9619	6091	
11655778	Peruvila	Tamil Nadu	8.1855	77.3961	6090	
1254231	Topchanchi	Jharkhand	23.9038	86.1979	6082	
1253190	Vijayanagar	Gujarat	23.9975	73.2855	6078	Vijaynagar
1466027	Vellanur	Tamil Nadu	13.1580	80.1063	6078	
13156917	Tola Chain	Bihar	24.7408	86.4065	6072	
13494563	Pathar	Odisha	19.6421	85.1674	6072	
1270048	Hirapur Hamesha	Maharashtra	21.5555	79.7858	6069	Hirapur
11692800	Jhompra	Odisha	21.8255	85.5684	6064	Jampura|Jhumpura
1260067	Patrapur	Andhra Pradesh	19.1320	84.5704	6059	
1261158	Nua	Rajasthan	28.0439	75.2719	6049	Nooan
8446740	Wadrupnagar	Chhattisgarh	23.7664	83.2064	6048	Garia|Wadrafnagar|Wadrupragar
10641483	Sivar	Maharashtra	20.6917	77.0510	6047	Shivar
13156941	Daundi Lohara	Chhattisgarh	20.7911	81.0556	6045	
1260691	Palle	Goa	15.4667	74.0833	6043	Pale
10313824	Mayar	Haryana	29.1046	75.8639	6039	Mayyer
10436804	Nanhera	Haryana	30.3192	76.8480	6035	
11676053	Virapandiyanpattanam	Tamil Nadu	8.5190	78.1183	6015	Veerapandianpattinam Town
1276520	Beliator	West Bengal	23.3205	87.2208	6014	Beliatore
9915907	Khori Kalan	Haryana	28.2152	76.8815	6007	
13157151	Ghatal Mahaniawas	Haryana	28.2212	76.8405	6005	
12524102	Naryanpur	Assam	26.9501	93.8577	6001	Narayanpur
13645562	Mota Natava	Gujarat	23.1744	74.0446	6001	
1265896	Kovalam	Kerala	8.3667	76.9967	6000	Kovilam
8199556	Artist Village	Maharashtra	19.0323	73.0428	6000	
10801336	Bar	Gujarat	23.1628	73.4227	6000	
11686579	Masratu	Jharkhand	23.9825	85.3238	5996	
11463056	Nelluvayi	Kerala	10.6807	76.1820	5994	Nelluwaya
11185839	Meghahatuburu	Jharkhand	22.0724	85.2692	5992	Meghahatuburu Forest Village
12519535	Vikramgad	Maharashtra	19.7972	73.0948	5991	
11520218	Sarkar Periyapalaiyam	Tamil Nadu	11.1315	77.4045	5986	Sircar Periapalayam
11656625	Terku Kallikulam	Tamil Nadu	8.3528	77.6637	5980	
1256486	Shirgaon	Maharashtra	19.6959	72.7153	5971	Siri
11664429	Narasingam	Tamil Nadu	9.9658	78.1833	5971	
6989988	Mirpur	Punjab	30.6119	76.8533	5967	
13494562	Godiputamatiapara	Odisha	20.1392	85.7029	5967	
1258724	Ramapuram	Andhra Pradesh	15.2875	77.8672	5961	
13494591	Dhin	Punjab	31.2659	75.6092	5961	
13156748	Kanapaka	Andhra Pradesh	18.1146	83.3743	5960	
10506290	Dhodra Mohar	Madhya Pradesh	22.2737	77.8855	5956	Dhodaramohar
9913495	Rampura	Haryana	28.1903	76.6015	5954	
10210757	Dighawani	Madhya Pradesh	22.2061	78.8135	5953	
1257743	Sairang	Mizoram	23.8103	92.6523	5950	
12501202	Poladpur	Maharashtra	17.9842	73.4644	5944	
1259003	Raighar	Chhattisgarh	19.8878	82.0718	5936	
6989964	Dappar	Punjab	30.5207	76.8161	5936	Daper
11463084	Chittanda	Kerala	10.6771	76.2105	5936	
13494605	Bay	Rajasthan	27.3139	75.2959	5936	
10980659	Lau	Bihar	24.9464	84.8756	5933	
1271902	Fatehpur Chaurasi	Uttar Pradesh	26.7892	80.2655	5931	Fatehpur
13156842	Niz - Mankata	Assam	27.4642	94.9213	5924	
10784527	Chintalavalasa	Andhra Pradesh	18.0670	83.4091	5921	
1261153	Nuahata	Odisha	20.8359	85.2341	5920	
1261704	Nattarasankottai	Tamil Nadu	9.8690	78.5530	5920	Nattarasankotal
10569308	Bela	Maharashtra	21.1557	79.6177	5914	
1274445	Chelur	Karnataka	13.7076	78.0992	5911	
1266855	Nagrota Bagwan	Himachal Pradesh	32.1072	76.3766	5900	Khas Nagrota|Nagrota|Nagrota Khas
1276419	Beswan	Uttar Pradesh	27.6379	77.8802	5897	
11441897	Sattiyavijayanagaram	Tamil Nadu	12.6759	79.3181	5894	
13156940	Durena	Chhattisgarh	22.3817	82.5863	5892	
10883718	Mathadahatti	Karnataka	14.2393	76.3793	5884	Matadakurubarahatti
13353403	Phulwartanr	Jharkhand	23.7730	86.2321	5884	
1258174	Rhenok	Sikkim	27.1782	88.6467	5883	Rhenak|Rhenock
13157063	Ghanteshvar	Gujarat	22.3364	70.7530	5874	
1277321	Bangaon	Assam	26.4167	91.3333	5873	
13157062	Amardad	Gujarat	21.6971	69.7206	5872	
13353402	Karma Tanr	Jharkhand	23.9186	86.7183	5868	
1275659	Bikkatti	Tamil Nadu	11.2772	76.6257	5864	
10938241	Onda	Goa	15.5564	74.0585	5863	
13157061	Arsodiya	Gujarat	23.2490	72.5212	5859	
10846461	Bondantila	Karnataka	12.9036	74.9253	5858	Bondathila
13156916	Tola Pairamatihana	Bihar	24.6759	86.3474	5858	
11682081	Dasinayakkanpatti	Tamil Nadu	11.6089	78.1438	5857	Dasanaickenpatti
1257138	Sarna	Punjab	32.2631	75.5831	5847	
11463051	Akathiyur	Kerala	10.6809	76.0942	5847	Akathiyoor
13353447	Sajipanadu	Karnataka	12.8540	74.9957	5847	
1263073	Miao	Arunachal Pradesh	27.4933	96.1812	5841	
1269946	Hosanagara	Karnataka	13.9139	75.0650	5839	Khosanagara
1259690	Pilerne	Goa	15.5335	73.7953	5827	
1269410	Jalgaon	Maharashtra	17.7403	73.1909	5822	
13156915	Mohanpur	Bihar	26.6053	85.5179	5815	
11625972	Orla	Jharkhand	23.7226	85.4886	5809	
1259893	Peranamallur	Tamil Nadu	12.5705	79.4333	5801	
11520215	Morattuppalaiyam	Tamil Nadu	11.1606	77.4091	5798	
10846524	Bangramanjeshvara	Kerala	12.7089	74.8947	5791	Bangra Manjeshwar
10846498	Kairangala	Karnataka	12.7967	74.9470	5788	
13156841	Parlli Part	Assam	26.0995	91.5403	5788	
13157060	Saktasanala	Gujarat	22.7874	70.8033	5786	
11662451	Nagamangalam	Tamil Nadu	10.7061	78.6190	5785	
13353634	Sansari	Maharashtra	19.9058	73.8401	5780	
13353635	Borivali Tarf Rahur	Maharashtra	19.3755	73.1792	5780	
13156806	Digaru Gaon	Assam	26.1557	91.9870	5771	Sonapur Gaon
10014879	Kauranwali	Punjab	30.3845	74.0640	5770	Korianwali
1276625	Bedla	Rajasthan	24.6345	73.6946	5766	Bedia
1257549	Samattur	Tamil Nadu	10.6027	77.0141	5762	
13156747	Jarjapupeta	Andhra Pradesh	18.1807	83.4403	5761	
1277311	Bangomunda	Odisha	20.3430	82.9114	5759	
10885747	Karma	Jharkhand	24.4536	85.5508	5753	
1260696	Pal Lahara	Odisha	21.4335	85.1918	5749	Pal-Lahare|Palalahada
13157059	Sherpura	Gujarat	21.7143	72.9717	5748	
11184816	Chegunta	Telangana	17.9713	78.4592	5747	
13157058	Karvad	Gujarat	20.3563	72.9549	5746	
13156840	Chalantapara Pt IV	Assam	26.2618	90.5849	5744	
1255109	Talni	Maharashtra	19.8818	76.4732	5743	
1275674	Bijrauni	Madhya Pradesh	24.9330	77.6435	5743	Bijroni
1275803	Bhuma	Rajasthan	27.7833	74.9333	5743	
1466080	Melpedu	Tamil Nadu	13.1564	80.0414	5743	Nemilicheri
10688880	Pimpalgaon	Maharashtra	20.1452	74.2408	5741	Pimpalgaon Najik
11662078	Talakkudi	Tamil Nadu	10.8737	78.7181	5740	Thalakudi
12524333	Campbell Bay	Andaman and Nicobar	7.0083	93.8942	5736	
13157057	Bhurivel	Gujarat	21.2259	73.5847	5730	
1271098	Goyali	Rajasthan	24.8995	72.8304	5728	Goelli|Goyli
13494604	Jhagarwas	Rajasthan	26.9148	74.3141	5728	
1266402	Kodigenahalli	Karnataka	13.7214	77.3863	5727	Kodiganballi|Kodigenakhali
13157150	Salamba	Haryana	28.1147	77.0464	5727	
1273848	Colovale	Goa	15.6352	73.8243	5723	Colvale
10703579	Behjoga	Punjab	31.9385	75.8149	5722	Rakri
11463005	Adatt	Kerala	10.5440	76.1423	5721	Adat
11676587	Arakandanallur	Tamil Nadu	11.9720	79.2228	5713	
1466057	Tolur	Tamil Nadu	13.1308	79.9580	5698	Thozhur
1261001	Ovari Paravarnattam	Tamil Nadu	8.2774	77.8915	5694	Overi
1275241	Borla	Chhattisgarh	22.1640	81.2185	5689	Bodla
1271791	Gajapatinagaram	Andhra Pradesh	18.2794	83.3365	5687	
13156839	Niz Katigorah Pt III	Assam	24.8773	92.5700	5687	
13353446	Muduperar	Karnataka	12.9733	74.9378	5686	
1275826	Bhowali	Uttarakhand	29.3898	79.5048	5685	
13353401	Matigara	Jharkhand	23.7811	86.1776	5685	
13353598	Khor	Madhya Pradesh	24.5924	74.8147	5683	
13157056	Bharthana Kosad	Gujarat	21.2666	72.8709	5679	
13353633	Mahapoli	Maharashtra	19.4056	73.0863	5666	
10436837	Tundla	Haryana	30.3804	76.8566	5658	
13156978	Tukhmir Pur	Delhi	28.7193	77.2601	5658	
1271146	Goa Velha	Goa	15.4438	73.8857	5656	Antiga Goa|Gamle Goa|Goa Vieja|Khrami i monastiri Goa|O-Goa|Old Goa|Oud Goa|Senoji Goa|Stara Goa|Stare Goa|Velha Goa
13353400	Kharkhari	Jharkhand	23.7776	86.2392	5656	
1270789	Gudur	Telangana	17.4917	78.8230	5647	
1265721	Kullada	Odisha	19.9694	84.6329	5645	
10713165	Shankar	Punjab	31.1481	75.5323	5639	
13156838	Mohmaiki	Assam	26.6357	93.6294	5639	
12519268	Chinnachintakunta	Telangana	16.4466	77.8063	5637	
1260235	Partabpur	Chhattisgarh	23.4851	83.2101	5635	Pratappur
10967892	Navkawada	Maharashtra	19.9199	79.1077	5634	Nakoda
13353357	Nowangabra	Jammu and Kashmir	34.3621	73.8453	5634	
1261900	Nanpur	Madhya Pradesh	22.2702	74.5271	5632	
13156837	No.2 Goreswar	Assam	26.5306	91.7251	5631	
11488318	Karaivalimadappur	Tamil Nadu	11.0675	77.1593	5626	K.Madapur
10501230	Mahragaon	Madhya Pradesh	22.6061	77.7563	5625	Meharagaon
13156836	Thekashu Pt.-II	Assam	25.9817	90.7876	5625	
1258670	Ramgarh	Jammu and Kashmir	32.5084	74.9645	5612	
13494735	Chandigarh	Tripura	23.5021	91.3371	5607	
1263324	Mattur	Tamil Nadu	11.3215	79.2024	5605	
13494630	Perumagalur	Tamil Nadu	10.1978	79.1917	5604	
13157149	Bhuran	Haryana	29.3531	76.5080	5603	
1277088	Baramkela	Chhattisgarh	21.5649	83.2611	5600	
13494561	Majhihara	Odisha	20.1754	86.0001	5598	
1262909	Mohanpur	Uttar Pradesh	28.2526	80.2450	5596	
1445648	Chitkul	Telangana	17.5587	78.2226	5596	
10846421	Kolambe	Karnataka	12.9647	74.9086	5592	
1279056	Alappakkam	Tamil Nadu	11.5990	79.7189	5585	Alapakam
1266943	Khardi	Maharashtra	19.5876	73.3820	5579	
13494603	Chenar Village	Rajasthan	27.2020	73.7599	5579	
1272156	Dusi	Tamil Nadu	12.7757	79.6789	5577	
11463041	Peringandur	Kerala	10.6246	76.1988	5577	Peringandoor
11655856	Puderiyur	Tamil Nadu	8.2152	77.4336	5576	Putheri
1274974	Carapur	Goa	15.5659	73.9871	5575	
10313770	Satraud Khurd	Haryana	29.1309	75.7878	5568	Satrod Khurd
13546250	Tasti Tea Garden	West Bengal	26.6482	89.1465	5568	
13156835	Tegheria	Assam	26.1286	92.2194	5567	
13353356	Ashmuji Khalsa	Jammu and Kashmir	33.6713	75.0727	5567	
1274719	Chandpur	Odisha	19.9431	85.4072	5565	Chandapur
13157055	Hajira INA	Gujarat	21.1130	72.6502	5562	
11683523	Pugalur Agraharam	Tamil Nadu	11.0883	78.0065	5556	TNPL Pugalur
1259869	Pernem	Goa	15.7230	73.7951	5555	Cassabe-de-Pernem
13527012	Farward Kahuta	Jammu and Kashmir	33.8824	74.1071	5555	
13156833	Kharijapikon	Assam	26.0328	90.6671	5550	
13156834	Kakaya	Assam	26.3644	91.3433	5550	
1275649	Bilaigarh	Chhattisgarh	21.6381	82.7235	5544	
10767998	Dwaraka Tirumala	Andhra Pradesh	16.9543	81.2558	5543	
12382162	Anjani Budruk	Maharashtra	20.1722	76.6478	5543	
10697739	Garra	Madhya Pradesh	21.8092	80.1411	5533	
13353465	Venginissery	Kerala	10.4681	76.2006	5533	
10555107	Ladpur	Delhi	28.7381	76.9953	5529	Lad Pur
11205158	Valathoor	Tamil Nadu	12.8867	78.8465	5529	Valathur
13494560	Belagachhia	Odisha	20.4233	85.8523	5516	
1260719	Pali	Chhattisgarh	22.3775	82.3259	5514	
11719751	Kandragadia	Odisha	21.0072	85.7374	5505	Kalarangiata
10846474	Niramargar	Karnataka	12.8857	74.9151	5503	Neermarga
1257546	Samayapuram	Tamil Nadu	10.9239	78.7435	5502	Kannanur
1254647	Thanna Mandi	Jammu and Kashmir	33.5420	74.3810	5490	Thanamandi
13157054	Salvav	Gujarat	20.4086	72.9218	5486	
13494590	Khambra on Nakodar Road	Punjab	31.2737	75.5575	5483	
10699499	Fulchur	Maharashtra	21.4370	80.2045	5480	
13156832	Dokmoka	Assam	26.2103	93.0517	5478	
13494629	Vellakkalpatty	Tamil Nadu	11.7032	78.1034	5475	
11680687	Dalavaypuram	Tamil Nadu	9.3918	77.4977	5474	Dhalavoipuram
1264513	Magam	Jammu and Kashmir	34.0926	74.5902	5470	
1268806	Jua	Goa	15.5307	73.9505	5470	
13494532	Torban	Manipur	24.7676	93.9469	5459	
10456479	Bansatarkheda	Madhya Pradesh	23.7919	79.3390	5458	
13157053	Pardi Parnera	Gujarat	20.5709	72.9506	5454	
12523366	Patsoi	Manipur	24.7860	93.8802	5451	Langjing
13353399	Sialgudri	Jharkhand	23.7605	86.3516	5450	
13353445	Mulur	Karnataka	12.9398	74.9276	5445	
13156831	Barua Bari Gaon	Assam	26.1180	91.9656	5444	
13156830	Howraghat	Assam	26.1091	93.0333	5443	
10756353	Bardol	Odisha	21.3819	83.5939	5441	
11463021	Chulissheri	Kerala	10.5908	76.1899	5441	Choolissery
1253401	Varca	Goa	15.2324	73.9431	5439	
13157052	Kharach	Gujarat	21.4544	72.9158	5436	
13353355	Bashohli	Jammu and Kashmir	32.4997	75.8156	5433	
10459443	Saidapur	Karnataka	16.5644	77.2649	5432	
10682086	Bahrampur	Punjab	32.1315	75.3956	5432	Behrampur
13494559	Badmal	Odisha	20.3805	83.2864	5431	
1268708	Kadaiyam	Tamil Nadu	8.8204	77.3729	5430	Kadayam
10846455	Adduru	Karnataka	12.9205	74.9566	5426	Addur
13157051	Orvad	Gujarat	20.4527	72.9202	5420	
1273944	Chuganwan	Punjab	31.7057	74.6633	5416	Chogawan
10746539	Baghaula	Haryana	28.2088	77.3079	5413	Baghola
10689363	Golkhera	Madhya Pradesh	22.4382	75.6600	5409	Gujarkheda
13353444	Bobruwada	Karnataka	14.6530	74.2936	5409	
10261380	Bayanpur	Haryana	28.9633	77.0081	5406	Bayyanpur
10684880	Kot	Punjab	32.4004	75.7217	5406	
12382222	Kadmat	Lakshadweep	11.2247	72.7748	5404	
11184613	Odagaon	Odisha	20.0162	84.9872	5401	
1442246	Kachrauli	Haryana	29.4584	76.9486	5400	
13156914	Tola Baliadih	Bihar	24.7372	86.4334	5400	
13353398	Narra	Jharkhand	23.7817	86.1007	5390	
1273366	Davrapada	Maharashtra	18.7961	73.0778	5389	Dadar
11655810	Puttantura	Tamil Nadu	8.1027	77.4188	5386	Pallanthurai
13353597	Sangvi	Madhya Pradesh	21.8079	75.6129	5383	
13494628	Kullursandai	Tamil Nadu	9.5431	77.9806	5383	
1271896	Fatikrai	Tripura	24.1832	92.0180	5371	Fatikroy
1261768	Naroda	Gujarat	23.0704	72.6570	5366	Narora
8224226	Navoor	Karnataka	12.8910	75.0848	5365	
1269119	Jawala Mukhi	Himachal Pradesh	31.8746	76.3201	5361	Jawalanukhi|Jwalamukhi
1274490	Chauparan	Jharkhand	24.3870	85.2532	5361	Choparan
13494627	Chathirareddipatti	Tamil Nadu	9.6254	77.9667	5360	
10880794	Mansur Chak	Bihar	25.6231	85.9208	5359	
1274647	Changsari	Assam	26.2643	91.6839	5354	
13157017	Candola	Goa	15.5205	73.9642	5354	
11038581	Umarkhanguda	Telangana	17.2655	78.6728	5349	Omerkhan Daira
13156829	Lakhi Nepali	Assam	27.8330	95.2239	5348	
11626022	Jainagar	Jharkhand	23.6569	85.3199	5347	Jai Nagar
13157050	Sanjali	Gujarat	21.5483	72.9903	5344	
10899481	Gargeswari	Karnataka	12.2392	76.8945	5343	
10261491	Bankoli	Delhi	28.8120	77.1412	5339	Bankauli
10846414	Kenjaru	Karnataka	12.9628	74.8593	5338	Kenjar
13494626	Chennagiri	Tamil Nadu	11.5360	78.0680	5338	
1254435	Tinpahar	Jharkhand	24.9833	87.7333	5336	
13494531	Kiyamgei	Manipur	24.7447	93.9382	5336	
1268849	Jogindarnagar	Himachal Pradesh	31.9873	76.7891	5335	Joginder Nagar
11441188	Vanapadi	Tamil Nadu	12.9622	79.3284	5334	
13156939	Nai-Ledri	Chhattisgarh	23.1771	82.1992	5334	
10880064	Bhagirathpur	Bihar	25.8937	85.7763	5323	
11532610	Toramangalam	Tamil Nadu	11.6930	77.9031	5322	Doramangalam
11348784	Kilvayattanankuppam	Tamil Nadu	12.9555	78.9869	5321	Kilvaithinankuppam
10566406	Bhardua	Bihar	24.9200	83.7948	5317	
1273145	Desur	Tamil Nadu	12.4373	79.4814	5312	
11627340	Marar	Jharkhand	23.6712	85.5084	5298	
13156913	Singhesar Asthan	Bihar	25.9825	86.7945	5298	
11729544	Patrodih	Jharkhand	24.1584	86.3171	5293	Pertodih
10880081	Dharampur	Bihar	25.8755	85.7686	5291	
1263370	Matheran	Maharashtra	18.9828	73.2652	5287	
13156828	Digheli	Assam	26.4401	91.4563	5285	
13353397	Cherra	Jharkhand	24.0124	85.7500	5279	
10846567	Shiriya	Kerala	12.6334	74.9308	5277	
1268197	Kanadukattan	Tamil Nadu	10.1721	78.7793	5275	Kanadukathan|Kanatu|Kanatukattan
10873279	Padoli	Maharashtra	19.9997	79.2623	5275	
13353464	Kizhuppillikkara	Kerala	10.3967	76.1407	5275	
13494734	Lebachhara	Tripura	23.3957	91.7338	5273	
13353396	Sinduria	Jharkhand	24.3900	83.6037	5262	
1257733	Saja	Chhattisgarh	21.6667	81.3167	5257	
1275096	Bungal	Punjab	32.3139	75.7491	5257	
1270944	Gopinathpur	Jharkhand	22.6630	86.0750	5255	
11345747	Damalerimuttur	Tamil Nadu	12.5361	78.5666	5250	
13353631	Kharbav	Maharashtra	19.2970	72.9963	5250	
1264568	Madhogarh	Madhya Pradesh	24.5640	80.9113	5249	Madhagarh|Madhawgdha
13156827	Borgolai Grant No.11	Assam	27.2870	95.7155	5241	
1254209	Toto	Jharkhand	23.1334	84.5280	5237	
11627336	Bongabar	Jharkhand	23.7009	85.5239	5236	
10784526	Malicherla	Andhra Pradesh	18.0710	83.4002	5229	
1439870	Ratnu Chak	Jammu and Kashmir	32.6667	74.9267	5228	Chak Ratnu
13353630	Tamgaon	Maharashtra	16.6484	74.2991	5223	
1262677	Mubarikpur	Punjab	30.6146	76.8559	5217	Mubarakpur
1267605	Kasauli	Himachal Pradesh	30.8986	76.9659	5215	Ambala|Kosauli
11626327	Irba	Jharkhand	23.4553	85.4404	5210	
1258942	Raiwala Bara	Uttarakhand	30.0186	78.2293	5198	Raiwala
1262926	Mohana	Odisha	19.4427	84.2613	5197	
13353395	Mahuda	Jharkhand	23.7253	86.2769	5196	
1348671	Ramnagar	West Bengal	22.7778	88.2464	5195	
13156826	Uttar Krishnapur Pt III	Assam	24.7759	92.7924	5187	
8439091	Bara	Bihar	24.8058	84.7899	5185	
13156825	Niz-Bahjani	Assam	26.3806	91.4159	5183	
10585952	Gunpuram	Telangana	18.6109	78.1941	5182	Ghanpur
1271555	Garhi	Rajasthan	23.5901	74.1482	5180	
10846527	Hesabettu	Kerala	12.7191	74.8872	5179	Hosabettu
1278433	Aruvankad	Tamil Nadu	11.3631	76.7579	5175	Aravandadu|Aravanghat|Aravankadu|Aruvankadu
11416577	Mangampeta	Andhra Pradesh	14.0158	79.3137	5175	
13494625	Mettamalai	Tamil Nadu	9.3955	77.8946	5175	
13353394	Bhim Kanari	Jharkhand	23.7978	86.1949	5170	
1272587	Diguvametta	Andhra Pradesh	15.3951	78.8293	5166	
1276433	Berla	Chhattisgarh	21.5258	81.4784	5165	
11583633	Chinna Kalaiyamputtur	Tamil Nadu	10.4714	77.4657	5162	Chinnakalayamputhur
1274250	Chikhaldara	Maharashtra	21.4004	77.3187	5158	Chikalda
13353629	Samangaon	Maharashtra	19.9683	73.8756	5156	
10531442	Bhainsa	Madhya Pradesh	23.8648	78.7300	5144	
1270030	Hirmi	Chhattisgarh	21.5386	81.9403	5139	
13494558	Badakodanda	Odisha	19.9374	84.5506	5137	
1267567	Kasipet	Telangana	19.0270	79.4381	5133	
1256420	Shuganu	Manipur	24.2955	93.8737	5132	Sugnu
10655762	Prisal	Jammu and Kashmir	33.7558	75.0421	5132	Frisal
13645558	Survepalle Bit ? II	Andhra Pradesh	14.2694	79.9620	5129	
13353354	Talwara	Jammu and Kashmir	33.1048	74.7928	5125	
1266155	Koppa	Karnataka	13.5304	75.3633	5124	
1265399	Kuttankuli	Tamil Nadu	8.2174	77.7811	5118	Kuthankuzhi
1268505	Kalaigaon	Assam	26.5741	91.9761	5112	
1269157	Jaswantpura	Rajasthan	24.8036	72.4600	5111	
10815300	Barla	Rajasthan	26.4299	74.7271	5111	Badlya
13353393	Termi	Jharkhand	23.7700	86.0623	5111	
13156824	Chandrapur Baghicha	Assam	26.2377	91.9291	5106	
1257316	Sanvordem	Goa	15.2627	74.1196	5103	Sanvarden
1269178	Joshipur	Odisha	21.9627	86.0751	5101	Jashipur
10444140	Rawan	Chhattisgarh	21.6840	82.0874	5100	
13156823	Charingia Gaon	Assam	26.7334	94.1459	5094	
13156822	Lido Tikok	Assam	27.2880	95.7358	5091	
13156821	Mosli Pt I	Assam	24.8595	92.4775	5087	
1265267	Lakema	Nagaland	25.5674	93.7606	5084	Peren
9034984	Dudpatil I	Assam	24.9109	92.7904	5083	Dudhpatil PT I
10684809	Tharial	Punjab	32.3544	75.6067	5081	
11686719	Taping	Jharkhand	23.8368	85.4945	5080	
1348737	Bhandardaha	West Bengal	22.6148	88.1919	5079	
11683699	Nallippalaiyam	Tamil Nadu	11.2388	78.1495	5078	Nallipalayam
10846473	Arkula	Karnataka	12.8743	74.9434	5077	
13156746	Arempudi	Andhra Pradesh	17.2696	82.3751	5073	
1255594	Subulia	Odisha	20.8959	84.1693	5072	Subalaya
1263975	Manethi	Haryana	28.1582	76.3890	5070	Manahti
11519979	Vellarivalli	Tamil Nadu	11.2672	77.4553	5070	
13494602	Budhpura	Rajasthan	25.1127	75.4584	5070	
13353628	Dhatau	Maharashtra	18.4280	73.1514	5066	
8432237	Sengmai	Manipur	24.9456	93.8814	5065	Sekmai Bazar
10689551	Sihasa	Madhya Pradesh	22.7025	75.7788	5050	Sinhasa
10713597	Khotran	Punjab	31.2013	75.8015	5046	
13494624	Kalparapatti	Tamil Nadu	11.5846	78.0272	5046	
11422054	Rangapuram	Tamil Nadu	13.1448	79.3977	5044	Srikalikapuram
1261500	Nerul	Goa	15.5103	73.7809	5042	
13494623	Manjakollai	Tamil Nadu	10.7555	79.8204	5040	
13157049	Dungarpur	Gujarat	21.4454	70.4938	5039	
11532576	Kurukkuppatti	Tamil Nadu	11.6937	77.9809	5037	
13157048	Vithal Udyognagar INA	Gujarat	22.5340	72.9254	5035	
13353627	Ambepur	Maharashtra	18.6883	72.9855	5035	
1430152	Majhiari	Jammu and Kashmir	33.5969	74.2253	5033	Naka Majiari
1268418	Kaliapani	Odisha	21.0517	85.7772	5028	
11625967	Topa	Jharkhand	23.7362	85.4729	5028	
11655968	Chembagaramanpudur	Tamil Nadu	8.2461	77.4907	5028	Chenbagaramanputhur
11563023	Kovilpalaiyam	Tamil Nadu	10.7384	77.0346	5025	Koilpalayam
10269873	Sikhera	Uttar Pradesh	28.8617	77.5708	5024	Mukarramatpur
10436748	Kanwala	Haryana	30.3478	76.7945	5024	Kanwla
1260640	Paluru	Odisha	19.4667	85.1333	5019	Palurgada
10979628	Mudabettu	Karnataka	13.2678	74.7481	5018	Moodabettu
13156820	Naubaisa Goan	Assam	26.7955	94.2159	5015	
13494557	Dadhapatna	Odisha	20.4113	85.8270	5005	
10845988	Manipura	Karnataka	13.2962	74.7926	5001	
13156745	Bowluvada	Andhra Pradesh	17.7455	82.9886	5001	
1265969	Kotla	Himachal Pradesh	32.2500	76.0333	5000	
7283587	Avanoor	Kerala	10.6083	76.1762	5000	
11348249	Pallippattu	Tamil Nadu	12.4785	78.5460	4998	SuPallipattu
13157047	Nava Bhildi	Gujarat	24.1907	72.0059	4994	
13494622	Soolakkarai	Tamil Nadu	9.5360	77.9506	4990	
13494556	Makundapur	Odisha	19.6095	84.6752	4983	
11463567	Muringur Vadakummuri	Kerala	10.2890	76.3385	4981	
13156819	Rupiabathan	Assam	26.4054	91.3432	4981	
1265032	Lasur	Maharashtra	19.9408	74.9849	4979	Harsul|Lassur
1275628	Bilaur	Jammu and Kashmir	32.6138	75.6049	4978	Billawar
13157016	Mercurim	Goa	15.4270	73.8996	4970	
13353392	Sarauni	Jharkhand	24.8179	87.3140	4970	
12523544	Satakha	Nagaland	25.9248	94.4365	4964	Satakha Hq.
13494621	Devasthanam	Tamil Nadu	12.6683	78.5822	4963	
11441812	Mullippattu	Tamil Nadu	12.6701	79.2588	4956	
10705653	Piriapara	Chhattisgarh	22.9706	82.7004	4954	Premnagar
11626003	Urimari	Jharkhand	23.7052	85.3033	4948	
1258669	Ramgarh	Jammu and Kashmir	33.4038	74.2239	4945	
10873311	Doptala	Maharashtra	19.8018	79.3423	4945	Dhopatala
10845979	Korangarapadi	Karnataka	13.3097	74.7615	4944	Korangrapady
11638946	Alaudia	Jharkhand	23.6856	84.7329	4943	
13157148	Bir Ghaghar	Haryana	30.7090	76.8886	4943	
1255271	Tadali	Maharashtra	20.0306	79.1944	4942	
13494620	Vadi	Tamil Nadu	9.4718	77.8762	4937	
1258671	Ramgarh	Haryana	30.6487	76.8890	4934	Ram Garh
11657200	Tentirupperai	Tamil Nadu	8.6041	77.9884	4934	Thenthiruperai
1262584	Mukmelpur	Delhi	28.7918	77.1630	4931	Mukhmel Pur|Mukhmerpur
13157046	Tarsali	Gujarat	22.2563	73.2167	4929	
1260769	Palasbari	Assam	26.1239	91.5397	4925	Mirza Pahar
13156818	Damara Patpara	Assam	25.9388	90.7866	4922	
13156912	Paria	Bihar	25.2812	86.5806	4922	
13156911	Yehiapur	Bihar	26.1489	85.3964	4919	
13157015	Cumbarjua	Goa	15.5160	73.9468	4917	
11348244	Periyagaram	Tamil Nadu	12.4894	78.5181	4916	
10788551	Tummikapalle	Andhra Pradesh	17.9135	83.1790	4911	
11344138	Hale Dharmapuri	Tamil Nadu	12.1588	78.1636	4902	Hale-Dharmapuri
1271387	Ghanaula	Punjab	31.0247	76.6027	4894	Ghanauli
10303836	Bhisiyana	Punjab	30.2809	74.7721	4890	
13494619	Mancad	Tamil Nadu	8.2978	77.1697	4889	
1439779	Dhinde	Jammu and Kashmir	32.6269	74.7833	4887	Dhinde Kalan
10152486	Majra	Haryana	30.4509	77.0373	4884	
10967943	Avarpuri	Maharashtra	19.7932	79.1292	4882	Awalpur
13494618	Highways	Tamil Nadu	9.6475	77.3600	4882	
13353626	Nadgaon Tarf Birwadi	Maharashtra	18.1008	73.4563	4871	
13353625	Kurul	Maharashtra	18.6422	72.8948	4869	
1276062	Bhatli	Odisha	21.4582	83.5359	4865	
8740192	Salakati	Assam	26.4442	90.3641	4863	
10722311	Piparia	Chhattisgarh	22.0024	81.3260	4859	Pipariya
1265619	Kundam	Madhya Pradesh	23.2192	80.3500	4856	
10555217	Ojwah	Delhi	28.5694	76.9084	4856	Ujwa
13494555	Borigam	Odisha	19.3585	84.8061	4855	
1258752	Ramagiri Udayagiri	Odisha	19.1604	84.1427	4851	R. Udayagiri
1278400	Arjunda	Chhattisgarh	20.9460	81.2020	4851	
10842081	Dariapur	Bihar	25.3852	85.9640	4851	
11563177	Pulankinar	Tamil Nadu	10.5915	77.1972	4849	Poolankinar
1275460	Bishungarh	Jharkhand	24.0151	85.7554	4847	Bishnugarh
1430684	Asham	Jammu and Kashmir	34.2517	74.6259	4841	
1274743	Chandil	Jharkhand	22.9575	86.0533	4839	
1262300	Nadaun	Himachal Pradesh	31.7830	76.3431	4838	
1275478	Bisambharpur	Chhattisgarh	23.3349	83.4088	4838	Rajpur
1265691	Kumardubhi	West Bengal	23.7420	86.7788	4832	Kumardhubi|Kumhardubhi|Kumhardubi|Panchmahali
8430502	Murhari	Tripura	24.1787	91.8233	4827	Kalachhari|Murbari
1254024	Tushara	Odisha	20.4896	83.4840	4823	
13353391	Bhamal	Jharkhand	23.7809	86.7350	4818	
1273172	Dera Gopipur	Himachal Pradesh	31.8792	76.2187	4816	Dera-Gepipur
1273378	Daulatpur	Himachal Pradesh	31.7887	75.9915	4810	
11184330	Tirumalpur	Tamil Nadu	12.9535	79.6774	4803	Thirumalpur
13353596	Badra	Madhya Pradesh	23.1917	81.9292	4785	
11348246	Kasinayakkampatti	Tamil Nadu	12.4827	78.5336	4779	
10979613	Herur	Karnataka	13.4191	74.7446	4778	
8985697	Majirgaon	Assam	26.1349	91.5681	4774	
13157045	Malanka	Gujarat	21.7249	72.1749	4765	
10718600	Evri	Rajasthan	25.0319	73.9175	4758	Emri
13353353	Chhatha	Jammu and Kashmir	32.6807	74.8282	4758	
1259639	Pindrai	Madhya Pradesh	22.5205	80.0381	4755	
13353624	Urjanagar	Maharashtra	19.9937	79.3033	4748	
1259151	Pusaur	Chhattisgarh	21.7539	83.3823	4744	
1261806	Narendranagar	Uttarakhand	30.1617	78.2871	4734	
10688646	Audhan	Maharashtra	20.8481	74.7661	4732	Awadhan
11682018	Majaragollappatti	Tamil Nadu	11.6681	78.0739	4727	
13156817	Majarkuri	Assam	26.2727	91.4958	4727	
1268311	Kalu Chak	Jammu and Kashmir	32.6572	74.9017	4725	Chak Kalu
1257156	Sarka Ghat	Himachal Pradesh	31.6989	76.7353	4715	
10435648	Kotla Nihang	Punjab	30.9532	76.5382	4715	
9035736	Ketakipatana	Odisha	19.8927	85.8158	4708	Birapratappur
13156816	Dhekorgorha	Assam	26.7878	94.1660	4708	
13353390	Suranga	Jharkhand	23.7090	86.4607	4708	
13494617	Amathur	Tamil Nadu	9.5629	77.8589	4708	
13494616	Kannapalayam	Tamil Nadu	13.0909	80.0997	4704	
10846448	Kariyangala	Karnataka	12.9357	74.9618	4698	
1260038	Patuli	West Bengal	23.5529	88.2647	4694	
13353623	Wadi Ratnagiri	Maharashtra	16.8012	74.1798	4693	
10878438	Mariyat	Kerala	12.1764	75.1680	4683	
1263224	Medha	Maharashtra	17.7941	73.8287	4678	
1274824	Champawat	Uttarakhand	29.3350	80.0778	4668	
10676952	Mahura	Madhya Pradesh	23.3571	80.9187	4664	
1268285	Kalyansingapuram	Odisha	19.5063	83.3092	4660	Kalyanasingpur
13494589	Sansarpur	Punjab	31.2692	75.6200	4657	
13494554	Indipur	Odisha	20.6607	85.5247	4656	
10135908	Jakhri	Himachal Pradesh	31.4899	77.6968	4655	Jhakhri
10855438	Haralapura	Karnataka	14.5331	75.8093	4655	
13353389	Aralgoria	Jharkhand	23.7519	86.3643	4647	
1264168	Malakpur	Punjab	32.2750	75.5877	4645	
1263776	Mangan	Sikkim	27.5097	88.5221	4644	Mangan Bazar|Mangang|Mangen|Mongon
11184322	Udiana	Assam	26.4609	91.6060	4644	
13156815	Tupkhana Pt I	Assam	24.8558	92.7612	4640	
13353388	Marma	Jharkhand	23.7646	86.7341	4640	
13353387	Harina	Jharkhand	23.8078	86.2074	4637	
13353386	Amlabad	Jharkhand	23.6870	86.3766	4636	
13156744	Upper Sileru Project Site Camp	Andhra Pradesh	18.0585	82.0325	4632	
13353352	Gorah Salathian	Jammu and Kashmir	32.6052	75.0424	4629	
1260213	Parxem	Goa	15.6751	73.7799	4627	Parcem
1256889	Semari	Rajasthan	24.0554	73.8569	4612	
13494553	Kanheipur	Odisha	20.5795	85.9798	4611	
13353385	Alagdiha	Jharkhand	23.7333	86.4527	4609	
13353383	Danguwapasi	Jharkhand	22.1688	85.5877	4606	
13353384	Bhandra	Jharkhand	23.8787	86.1036	4606	
13494601	Utarlai	Rajasthan	25.8141	71.4661	4603	
13157014	Orgao	Goa	15.5140	73.9594	4602	
12523372	Sawombung	Manipur	24.8736	94.0136	4601	Lamlai
11184336	Tihu	Assam	26.4758	91.2669	4599	
13157044	Kaliawadi	Gujarat	20.9514	72.9458	4591	
10698045	Khilchian	Punjab	31.5521	75.1724	4588	
11463042	Thanganellur	Kerala	10.6243	76.1860	4587	Thangalur
13353382	Sansikhara	Jharkhand	23.7455	86.3439	4570	
10501331	Ranipur	Madhya Pradesh	22.5761	77.9767	4561	
10303668	Tlabung	Mizoram	22.9120	92.4980	4554	
13156938	Katkona	Chhattisgarh	23.3571	82.6749	4552	
13353381	Jhinghipahari	Jharkhand	23.8147	86.3027	4550	
13494552	Ramgarh	Odisha	20.5626	85.9911	4545	
11068921	Vativellupalli	Telangana	16.2479	78.7976	4544	Vatwarlapalle
10686949	Indpur	Himachal Pradesh	32.1528	75.7269	4534	Indora
12523230	Pipalibari	Assam	26.3765	91.3357	4534	
13156814	Sanpara	Assam	26.0390	91.5127	4534	
1254735	Tenu	Jharkhand	23.7257	85.8461	4533	Tenughat
13156743	Mulakuddu	Andhra Pradesh	17.9161	83.4488	4513	
1268606	Kaipadar	Odisha	20.1348	85.5534	4512	
1268693	Kadambur	Tamil Nadu	8.9974	77.8619	4512	
10703291	Chhuria Kalan	Chhattisgarh	21.0053	80.6304	4509	Chhuriya
11654848	Ramalingapuram	Tamil Nadu	9.4028	77.5773	4505	
10834734	Telkap	Bihar	24.7048	84.0093	4504	
1263865	Mandholi Kalan	Haryana	28.7085	75.6830	4500	Mandholi|Mandholi Sheoran ki|Mandholi badi
1257829	Sagbara	Gujarat	21.5445	73.7917	4496	
10729228	Saloh	Punjab	31.1058	76.1318	4481	
11664569	Samanattam	Tamil Nadu	9.8682	78.1463	4477	
10888562	Haralahalli	Karnataka	13.0413	76.1060	4476	
9645432	Bhuntar	Himachal Pradesh	31.8600	77.1500	4475	
1254991	Tangi	Odisha	19.9333	85.4000	4471	
10282670	Tensa	Odisha	21.8728	85.1713	4469	
10880377	Bansdih	Bihar	25.9788	85.9246	4464	Bans Dih
13156813	Jonai Bazar	Assam	27.8290	95.2194	4459	
1259497	Pittal	Odisha	19.5322	84.7298	4458	Pitala|Pithal
11875614	Balrampur	Chhattisgarh	23.6122	83.6111	4456	
11626078	Hesla	Jharkhand	23.6208	85.2799	4451	
13353463	Eravu	Kerala	10.4897	76.1349	4447	
1275838	Bhopalpatnam	Chhattisgarh	18.8635	80.3850	4445	Bhopalpattanam
1257390	Sanivarsante	Karnataka	12.7282	75.8867	4432	
1273283	Delwara	Rajasthan	24.7757	73.7463	4429	
13494551	Jorada	Odisha	20.9174	85.1227	4428	
13353380	Nandkharki	Jharkhand	23.7823	86.1922	4427	
1256676	Sham Churasi	Punjab	31.5003	75.7492	4426	
1261497	Neturhat	Jharkhand	23.4746	84.2678	4424	Netarhat
11621222	Puravachcheri	Tamil Nadu	10.7569	79.8223	4422	Poravacheri
11185516	Kalpeni	Lakshadweep	10.0826	73.6432	4419	
13494540	Tsudikong	Nagaland	26.6798	94.6436	4416	
1443384	Paprawat	Delhi	28.5882	76.9788	4412	
11071427	Yelagiri	Tamil Nadu	12.5797	78.6401	4409	
12519151	Bahadurpur	Bihar	26.1152	85.9024	4406	
10976794	Kadvad	Karnataka	14.8342	74.1765	4403	Kadwad
13494550	Venkatraipur	Odisha	19.2593	84.8880	4401	
13156812	Garal	Assam	26.1386	91.6069	4400	
13156937	Govindpur	Chhattisgarh	23.2448	82.9689	4392	
13353351	Marhi	Jammu and Kashmir	33.1099	74.8415	4392	
13156811	Thekashu Pt-I	Assam	25.9836	90.7790	4384	
13353622	Karle	Maharashtra	16.9775	73.3079	4382	
13353379	Sijhua	Jharkhand	23.7690	86.1691	4376	
13353595	Sabo	Madhya Pradesh	23.2148	81.5666	4366	
13353621	Isasani	Maharashtra	21.0979	79.0041	4366	
10531041	Naubasta	Madhya Pradesh	24.5640	81.1850	4358	Nowbasata
1254608	Theog	Himachal Pradesh	31.1215	77.3584	4353	Tkheog
10514940	Chikhla	Maharashtra	21.5528	79.7622	4352	
1260537	Pandoh	Himachal Pradesh	31.6690	77.0536	4351	
1271059	Gokul	Uttar Pradesh	27.4393	77.7202	4351	
1269055	Jhab	Rajasthan	25.0236	71.8339	4349	
10707711	Pal	Maharashtra	20.1380	75.4553	4339	
8740779	Dobbaspet	Karnataka	13.2276	77.2430	4336	
1439769	Maralia	Jammu and Kashmir	32.6391	74.8214	4327	
8431469	Bhairabi	Assam	24.1954	92.5454	4320	Bairabi
10873312	Sasti	Maharashtra	19.8183	79.3301	4320	
13353378	Madhuban	Jharkhand	23.7606	86.2125	4316	
1276697	Batoti	Jammu and Kashmir	33.1183	75.3089	4315	Batote
13156810	Nowsolia Gaon	Assam	26.7308	94.1860	4312	
10713592	Chachoke	Punjab	31.1974	75.7747	4307	
10757202	Bundia	Odisha	21.7806	83.9139	4304	
1256718	Shahpur	Madhya Pradesh	22.1953	77.9068	4302	
1262864	Moira	Goa	15.6026	73.8390	4299	
10809594	Bichri	Rajasthan	24.5876	73.8341	4295	Bichhri
11463651	Madattumpadi	Kerala	10.1988	76.2702	4294	Madathumpady
10265893	Pyala	Haryana	28.2663	77.3124	4291	Piala
1278117	Aversa	Karnataka	14.7333	74.3000	4286	Abersa
1276788	Basar	Arunachal Pradesh	27.9901	94.6945	4284	
1253081	Vovale	Maharashtra	18.9757	73.0634	4275	Owle
1255633	Sringeri	Karnataka	13.4170	75.2527	4271	Shringeri
1265996	Kothapet	Telangana	19.3518	79.4832	4266	Kagaznagar
13494549	Kulad	Odisha	20.8425	85.1667	4256	
13494548	Mundamarai	Odisha	19.6393	84.6013	4253	
1274460	Chawand	Rajasthan	24.1882	73.8111	4252	
10789902	Madarpakkam	Tamil Nadu	13.4467	80.0054	4250	Madaharpakkam
12523851	Longding	Arunachal Pradesh	26.8841	95.3195	4234	
13156809	Sepon	Assam	27.1107	94.8495	4234	
10467925	Tisauli	Uttar Pradesh	27.3436	79.0301	4230	
10684765	Dhaki	Punjab	32.2569	75.6260	4203	
13353377	Bardubhi	Jharkhand	23.7315	86.3467	4185	
1273673	Daitari	Odisha	21.1000	85.7500	4146	
13494547	Danara	Odisha	20.9457	85.0969	4144	
13645738	Joka	West Bengal	22.4865	87.9688	4137	
1260784	Palampur	Himachal Pradesh	32.1145	76.5568	4131	Patampar
11682020	Tirumalagiri	Tamil Nadu	11.6554	78.0760	4107	
1260600	Panara	Madhya Pradesh	22.2057	78.5509	4096	
11655922	Manakkudi Mukkuvartura	Tamil Nadu	8.0901	77.4814	4083	Manakudi
11463358	Kurichikara	Kerala	10.5717	76.2559	4081	Kurichikkara
13494546	Kabatabandha	Odisha	20.8757	86.0250	4080	
1443376	Kair	Delhi	28.6244	76.9176	4074	
13353376	Bursera	Jharkhand	23.7345	86.1448	4070	
7645180	Aur	Punjab	31.0684	76.0024	4063	
1268408	Kalikapur	Jharkhand	22.6166	86.2881	4061	
1259494	Pituk	Ladakh	34.1391	77.5360	4047	Pitok|Spitok|Spituk
1257785	Sahur	Maharashtra	21.3079	78.2153	4043	
1439622	Gho Brahmanan de	Jammu and Kashmir	32.5559	74.9539	4040	Gho Brahmanan|Gho Manhasan
13494545	Charibatia	Odisha	20.5589	85.9388	4016	
1270577	Gyalshing	Sikkim	27.2895	88.2576	4013	Geyzing|Gezing|Gyalzing
1263152	Melukote	Karnataka	12.6626	76.6486	4011	Melkote
1445938	Raghunathpuram	Telangana	17.6771	78.9623	4008	Raghunathpur
1255440	Sundarapandiyanpattanam	Tamil Nadu	9.8414	79.0984	4007	Sundarapandianpatnam
1278486	Apta	Maharashtra	18.8541	73.1296	4007	Apte
1263486	Maroa	Assam	26.3511	91.4509	4004	Marowa
10697324	Shakar	Punjab	31.9720	75.0638	4001	Shikar
10002779	Solakut	Jammu and Kashmir	34.5391	74.2553	3973	Sool Koot
1273463	Darlawn	Mizoram	24.0134	92.9244	3962	
10251584	Balria	Rajasthan	24.3544	73.7350	3962	Bhalariya
1431732	Jaurian	Jammu and Kashmir	32.8325	74.5761	3952	
12382223	Kiltan	Lakshadweep	11.4858	73.0038	3946	
1274098	Chiria	Jharkhand	22.3109	85.2760	3945	
13353350	Ghomanhasan	Jammu and Kashmir	32.7218	74.7350	3944	
1264907	Limkheda	Gujarat	22.8346	73.9921	3924	Limkhera|Linkheda
13494588	Raipur Rasulpur	Punjab	31.4016	75.5943	3916	
11626021	Balkudra	Jharkhand	23.6473	85.3160	3915	
13157043	Baliyasan	Gujarat	23.4606	72.3882	3915	
1277297	Banihal	Jammu and Kashmir	33.4365	75.1968	3900	
6995745	Santokhpur Unwan	Uttar Pradesh	26.9493	79.1139	3900	Santoshpur Unwa
13353375	Barora	Jharkhand	23.7920	86.2287	3890	
10926753	Muhdal	Punjab	31.6864	74.9512	3882	Mudal
11522239	Nallampatti	Tamil Nadu	11.3429	77.5372	3874	
13157147	HMT Pinjore	Haryana	30.7848	76.9092	3873	
1439787	Nihalpur Simba	Jammu and Kashmir	32.6236	74.7819	3869	
13156910	Shahjangi	Bihar	25.2314	86.9543	3866	
1271813	Gagret	Himachal Pradesh	31.6585	76.0614	3847	
10261593	Jodhan	Punjab	30.7962	75.7558	3845	
10873318	Nandgaon	Maharashtra	19.9007	79.3063	3836	Nandgaon Pode
10837759	Ear	Bihar	25.4266	84.3371	3821	
1257976	Rupa	Arunachal Pradesh	27.2048	92.4008	3812	Dukpen
13156808	Nakhula Grant	Assam	26.1215	92.2105	3806	
11439368	Mevalurkuppam	Tamil Nadu	13.0320	79.9995	3805	
1279195	Air Khas	Uttar Pradesh	25.9324	79.5146	3798	
1270610	Gurur	Chhattisgarh	20.6812	81.4009	3775	
1267253	Keran	Jammu and Kashmir	34.6537	73.9531	3770	
1273954	Chuari Khas	Himachal Pradesh	32.4306	76.0143	3770	
1271288	Ghoga	Bihar	25.2174	87.1571	3766	Gkhoga
1272518	Dirang	Arunachal Pradesh	27.3333	92.2667	3750	Dirang Dzong
1260266	Parpori	Chhattisgarh	21.5869	81.2078	3741	Parpodi
12523320	Zawlnuam	Mizoram	24.1347	92.3319	3733	
13494587	Chomon	Punjab	31.4272	75.7360	3704	
10505244	Pay	Madhya Pradesh	24.8998	79.8885	3698	
10261375	Fazilpur	Haryana	28.9884	77.0527	3692	Fazalpur
13353346	Sabathu Cantonment	Himachal Pradesh	30.9754	76.9921	3685	
13157042	Limla	Gujarat	21.1855	72.7030	3683	
10848748	Tattihalli	Karnataka	14.9845	75.0129	3670	Tattilli
11557378	Pasur	Tamil Nadu	11.2304	77.8607	3670	
1272625	Digha	West Bengal	21.6278	87.5196	3667	
11628349	Lalpania	Jharkhand	23.7388	85.7503	3659	
1260488	Panhala	Maharashtra	16.8121	74.1101	3634	
13494600	Sumerganj Mandi	Rajasthan	25.7298	76.2314	3633	
10511855	Bat	Uttar Pradesh	24.8556	83.0716	3621	
10281811	Chainpal	Odisha	20.8856	85.2192	3613	Talcher Thermal Power Station Township
1261173	North Vanlaiphai	Mizoram	23.1323	93.0653	3602	N. Vanlaiphai|Vanlaiphai|Vanlaiphai do Norte
1273377	Daulatpur	Himachal Pradesh	32.0562	76.2610	3591	
11184125	Ambikanagar	Karnataka	15.1272	74.6570	3556	
13156909	Pataliputra Housing Colony	Bihar	25.6268	85.1071	3531	
8441071	Mandoli	Rajasthan	25.0437	72.5731	3523	
10682041	Bariyar	Punjab	32.0635	75.4352	3520	Baryar
1255405	Suntikoppa	Karnataka	12.4559	75.8297	3500	
9863201	Bhagirathpur	Bihar	26.2695	86.0635	3500	
13157040	Atul	Gujarat	20.5436	72.9411	3486	
10684827	Lakhanpur	Jammu and Kashmir	32.3852	75.5975	3461	
13494528	Luwangsangbam	Manipur	24.8696	93.9222	3458	
10453057	Asara	Maharashtra	20.0590	78.0126	3449	
1442037	Borkhera	Rajasthan	25.5211	75.6403	3440	
1270779	Guhagar	Maharashtra	17.4841	73.1929	3425	
13157039	Jawaharnagar	Gujarat	22.3583	73.1342	3417	
1252783	Yarada	Andhra Pradesh	17.6587	83.2742	3406	
13353620	Zotirpada	Maharashtra	18.5855	73.0966	3389	
1273358	Dayal Bagh	Uttar Pradesh	27.2212	78.0109	3367	
1274886	Chakrata	Uttarakhand	30.7037	77.8639	3348	
13645585	Sad	Madhya Pradesh	25.6127	78.2452	3340	
13157038	Bharuch INA	Gujarat	21.7340	73.0106	3332	
1270952	Gopalur	Telangana	16.6122	77.8073	3324	Gopalour
1257111	Sarubera	Jharkhand	23.8181	85.9963	3310	
1278389	Arki	Himachal Pradesh	31.1520	76.9668	3293	
8629438	Lengpui	Mizoram	23.8318	92.6262	3282	
10269851	Amrala	Uttar Pradesh	28.7800	77.6087	3263	
1274701	Chandrai	Rajasthan	25.4281	72.9405	3249	
10152491	Kakar Majra	Haryana	30.4829	77.0251	3246	
13156807	Kachujan Gaon	Assam	27.4978	95.3639	3246	
1268504	Kalaikunda	West Bengal	22.3393	87.2264	3232	
1266135	Korampallam	Tamil Nadu	8.7751	78.0916	3228	
10371470	Adh	Uttar Pradesh	28.8672	77.7924	3215	
1262632	Mugma	Jharkhand	23.7702	86.7275	3195	
10833573	Men	Bihar	25.0295	84.8919	3174	
10972899	Ratnapuram	Telangana	18.6283	79.5517	3154	Ratnapur
13645557	Lebur Bit ? I	Andhra Pradesh	14.5041	80.0826	3148	
11675963	Kanam	Tamil Nadu	8.5425	78.0574	3134	
10210777	Setiya	Madhya Pradesh	22.2171	78.8448	3113	Sethiya
13645564	Jar	Uttar Pradesh	27.7363	80.5968	3088	
1258867	Rajgarh	Himachal Pradesh	30.8514	77.3007	3083	
1273473	Dariba	Rajasthan	24.9487	74.1342	3076	
1258133	Rid	Rajasthan	26.7012	74.5386	3064	
1257352	Sankhwali	Rajasthan	25.4660	72.8816	3059	Sankwali
13645587	Sap	Maharashtra	17.5829	74.2329	3048	
1269822	Idaiseval	Tamil Nadu	9.0884	77.8090	3024	
10503977	Anjani Khurd	Maharashtra	20.0669	76.4785	3021	
6941535	Chowari	Himachal Pradesh	32.4319	76.0120	3000	Chuari Khas
8015351	Nangilickondan	Tamil Nadu	12.2554	79.4751	3000	
8436374	Govindapuram	Andhra Pradesh	16.1548	80.1028	3000	
1273712	Dagshai	Himachal Pradesh	30.8843	77.0523	2994	Dagahai|Simla
11691917	Tipo	Odisha	21.0681	85.1328	2981	
12519356	Boleng	Arunachal Pradesh	28.3341	94.9623	2979	
13494530	Heirok	Manipur	24.5856	94.0667	2974	
11184448	Saputara	Gujarat	20.5784	73.7507	2968	
1260688	Pallevada	Andhra Pradesh	16.5779	81.2946	2955	
10371471	Kahol	Uttar Pradesh	28.8588	77.7961	2937	Kaul
13589598	Shitlu	Jammu and Kashmir	34.2368	74.3510	2926	
13156805	Barbari (AMC Area)	Assam	27.4914	94.9325	2884	
1274547	Chatakonda	Telangana	17.5530	80.6477	2816	
8442929	Mop	Maharashtra	19.9517	76.6555	2781	
1272453	Dugadda	Uttarakhand	29.8067	78.6111	2780	Dogadda|Garhwal
10249493	Sangat Kalan	Punjab	30.0834	74.8413	2744	Sangat
13156740	Bakultala	Andaman and Nicobar	12.5040	92.8617	2741	
13156804	Hindustan Paper Corporation Ltd. Township	Assam	24.8605	92.6008	2732	Hindustan Paper Corporation|Hindustan Paper Corporation Ltd.|Hindustan Paper Corporation Township
1266392	Kodlipet	Karnataka	12.8009	75.8866	2686	
13157037	Sachin INA	Gujarat	21.0917	72.8591	2680	
13353349	Khonmoh	Jammu and Kashmir	34.0579	74.9499	2664	
1274464	Chavutapalem	Andhra Pradesh	14.3080	79.8922	2650	
13157035	Palaj	Gujarat	23.2211	72.7013	2634	
10594874	Khan Sahib	Jammu and Kashmir	33.9328	74.6567	2630	
10855441	Amaravati	Karnataka	14.5159	75.8193	2628	Amaravathi
13353443	Adityapatna	Karnataka	13.2689	76.7149	2623	
1274164	Chineni	Jammu and Kashmir	33.0360	75.2836	2620	Chenani
1269945	Hosangadi	Karnataka	13.6976	74.9543	2609	
1256825	Seoni	Himachal Pradesh	31.2370	77.1190	2591	
1258003	Rudraprayag	Uttarakhand	30.2847	78.9835	2571	
10214279	Nagalwari	Maharashtra	21.1215	78.9601	2562	
10371472	Gobindpur	Uttar Pradesh	28.8562	77.7715	2556	
13645559	Epuru Bit - I - B	Andhra Pradesh	14.2694	80.0577	2544	
1266821	Khawhai	Mizoram	23.3781	93.1280	2537	
13494599	Newa Talai	Rajasthan	24.3522	73.7480	2525	
13645568	May	Gujarat	23.4304	70.3948	2523	
13645554	Mar?S?	Mizoram	23.2612	92.4011	2511	Marpara South
13645739	Jonka	West Bengal	22.6897	87.9885	2509	Joka
13156803	Laharijan Natun Bosti	Assam	25.9122	93.6913	2508	
12402261	Naigaon Dattapur	Maharashtra	20.2440	76.5748	2505	
7303915	pedda nakkalapalem	Andhra Pradesh	15.8668	80.1620	2500	
11557604	Unjalur	Tamil Nadu	11.1278	77.8696	2482	
10812156	Bansdih	Bihar	25.8783	84.8731	2473	Bans Dih
1268754	Jutogh	Himachal Pradesh	31.1000	77.1167	2467	Jutogh Cantonment|Simla
12402198	Wadgaon Tejan	Maharashtra	20.0521	76.5107	2457	
1272145	Dwarahat	Uttarakhand	29.7779	79.4273	2443	
1265403	Kuttalam	Tamil Nadu	8.9303	77.2695	2440	Courtalam|Courtallam|Kurralam
1268851	Jogighopa	Assam	26.2265	90.5725	2415	
1275069	Burhai	Jharkhand	24.3566	86.5462	2410	
13494544	O.C.L. Industrial Township	Odisha	22.2056	84.5916	2397	
12519333	Anini	Arunachal Pradesh	28.7979	95.9023	2384	
1274663	Changar Talai	Himachal Pradesh	31.4530	76.5231	2372	Talai
12382224	Chetlat	Lakshadweep	11.6883	72.7096	2347	
8431490	Koloriang	Arunachal Pradesh	27.9100	93.3550	2345	
10548118	Dikshitpur	Uttar Pradesh	25.1572	82.9665	2338	Dixitpur
13645542	Ant	Uttar Pradesh	26.4625	80.1058	2326	
1258440	Raniwara	Rajasthan	24.7490	72.2051	2324	
12261431	Reddivaripalle	Andhra Pradesh	13.6031	79.0466	2324	
13156802	Numaligarh Refinery Township	Assam	26.5885	93.7443	2318	
1253905	Ukhimath	Uttarakhand	30.5157	79.0918	2296	
13494529	Hill Town	Manipur	24.3402	93.6914	2293	
9072809	Biate	Mizoram	23.2487	93.1214	2277	
13157034	GSFC Complex INA	Gujarat	22.3726	73.1547	2242	
13353442	Kudremukh	Karnataka	13.2233	75.2527	2241	
12172723	Madhavkampa	Gujarat	23.1915	73.2276	2200	Madhavkampo
1260806	Pal	Gujarat	22.2117	70.7591	2170	
11028608	Kurwa	Bihar	25.3972	85.3474	2163	
11645204	Tetra	Jharkhand	22.8714	84.7589	2154	
10604810	Dubai	Uttar Pradesh	27.0843	82.9318	2139	
13645543	4 Arm (Kharwali)	Rajasthan	28.7487	73.0670	2139	
1273119	Devaprayag	Uttarakhand	30.1460	78.6027	2130	
13645555	Marpara North	Mizoram	23.2699	92.4043	2129	
13546244	Jeti	Uttar Pradesh	26.3440	80.8739	2108	
13645572	Met	Maharashtra	19.6147	77.8491	2107	
10468261	Nadrala	Uttar Pradesh	27.4179	79.1521	2101	Nadraala
10692150	Hoda	Gujarat	24.1346	72.3306	2098	
1271630	Ganguvada	Andhra Pradesh	18.6667	84.1167	2065	
13156801	Anand Nagar	Assam	26.2240	90.2266	2050	
13546246	Thegur	Karnataka	13.2937	75.7705	2024	
10435099	Dunai	Uttar Pradesh	27.8918	77.9523	2021	
12402293	Shivani Pisa	Maharashtra	20.0955	76.4530	2021	
1259617	Pipalkoti	Uttarakhand	30.4255	79.4307	2000	
1262252	Nagar	Himachal Pradesh	32.1381	77.1739	2000	Magar|Naggar
6620455	Auroville	Tamil Nadu	12.0055	79.8089	2000	Aurorurbo|Aurovil|Aurovil'|Aurovilis|Orvil
7283585	Edakkulam	Kerala	10.6102	76.1835	2000	
7284334	Baga	Goa	15.5652	73.7552	2000	
7290413	Pitampura	Delhi	28.6896	77.1313	2000	Pitam Pura
8604602	Paikpara	West Bengal	24.7712	87.9225	2000	
11496831	Sector	Uttar Pradesh	28.5708	77.3261	2000	
12402199	Walhur	Maharashtra	20.0559	76.4832	1991	
10790914	Bad	Bihar	25.1130	84.2930	1979	
10553763	Dubai	Uttar Pradesh	26.3120	80.7517	1969	
1270743	Gulmarg	Jammu and Kashmir	34.0536	74.3819	1965	Gul'marg
13546432	Manu Bans Grunt	Uttarakhand	29.9904	77.9351	1962	
13157033	Petro-Chemical Complex INA	Gujarat	22.3755	73.1181	1951	
1260506	Pangala	Karnataka	13.2500	74.7500	1948	
1266307	Kolanukonda	Andhra Pradesh	16.4539	80.6105	1947	
10531441	Kapuria	Madhya Pradesh	23.8810	78.7452	1902	
10980905	Paharpur	Bihar	24.7590	84.9681	1894	
1430861	Kunzar	Jammu and Kashmir	34.0952	74.4999	1890	Kunzer
1264906	Limodra	Gujarat	21.3554	73.0065	1869	Limodara
1259593	Pipavav Bandar	Gujarat	20.9727	71.5582	1858	Kathiwadar Bandar|Piparav
1274491	Chaupal	Himachal Pradesh	30.9465	77.5884	1851	
1270167	Hayuliang	Arunachal Pradesh	28.0730	96.5430	1834	Hayutang
10732391	Rawalsar	Himachal Pradesh	31.6314	76.8346	1821	
13645582	Pat	Madhya Pradesh	23.5409	75.9169	1815	
1277681	Bakloh	Punjab	32.4794	75.9187	1805	Bakloh Cantonment|Bukloh
11442065	Septankulam	Tamil Nadu	12.5314	79.4518	1785	
1430637	Hamre	Jammu and Kashmir	34.2107	74.5110	1772	
10854422	Adde Vishwanathapura	Karnataka	13.2058	77.5473	1762	
1277675	Bakreswar	West Bengal	23.8832	87.3726	1739	Bakresvare
1266877	Kharpada	Maharashtra	18.8361	73.0941	1701	
10672202	Kurhatitra	Uttar Pradesh	26.0834	83.9314	1679	Kurha Tetra
1268802	Jubbal	Himachal Pradesh	31.1092	77.6509	1640	Deorha|Jubbl
13645583	Red	Maharashtra	16.9988	74.1515	1634	
6990515	Par	Madhya Pradesh	24.2073	78.1505	1630	
1163626	Thang	Ladakh	34.9274	76.7934	1622	
1278574	Anjanvel	Maharashtra	17.5510	73.1457	1621	Mouje Anjanvel
10839490	Arya	Madhya Pradesh	22.9214	76.9429	1603	Ariya
10713187	Sharakpur	Punjab	31.1406	75.5076	1587	
10550763	Hui	Haryana	28.5396	75.9805	1566	Huee
1265815	Kud	Jammu and Kashmir	33.0725	75.2873	1565	
10701889	Tut	Punjab	31.1636	75.4467	1549	
13546233	Parva I	Mizoram	22.0856	92.6466	1516	
1267706	Karnala	Maharashtra	18.8553	73.0902	1506	
10770254	Akasahebpet	Andhra Pradesh	17.5045	82.5660	1500	
12129177	Harina Pashdal Bar	West Bengal	21.9021	87.7062	1500	
1257277	Sarahan	Himachal Pradesh	31.5099	77.7939	1495	
10513917	Arak	Maharashtra	20.3016	77.2761	1490	
10710563	Adha Chat	Uttar Pradesh	27.9065	80.7632	1480	
13546223	Joka	Odisha	22.0843	86.4720	1479	
13353345	Bhota	Himachal Pradesh	31.6082	76.5638	1453	
10704031	Lad	Chhattisgarh	22.8430	82.4906	1440	
10831377	Baldeopur	Uttar Pradesh	28.6557	79.8574	1437	Chant Dang
6698412	Abhaneri	Rajasthan	27.0074	76.6076	1424	
1277294	Banjar	Himachal Pradesh	31.6390	77.3405	1414	
12503657	7LC	Rajasthan	29.4030	73.6026	1400	
13645584	Rib	Gujarat	22.1207	70.7461	1392	
11247929	Mop	Maharashtra	19.8284	77.3810	1391	
10432656	Mav Patoda	Maharashtra	19.4601	76.1916	1359	
13494543	Fertilizer Corporation of India Township	Odisha	20.9074	85.1719	1359	
13645561	Dug	Punjab	31.7864	74.5741	1345	
1277737	Baisi	Bihar	25.8630	87.7449	1319	
12524303	Sagalee	Arunachal Pradesh	27.2338	93.4965	1315	
10555212	Pasaur	Haryana	28.5729	76.7759	1309	Faizabad
13645552	Sangau ?E?	Mizoram	22.7407	93.0572	1272	Sangau East
1265972	Kotkhai	Himachal Pradesh	31.1173	77.5394	1253	Kot Khai|Kotkkhai
8986098	Tungidighi	West Bengal	25.7836	87.9327	1250	
10255167	Era	Rajasthan	25.0229	74.5824	1246	
10265582	Khorajpur	Uttar Pradesh	28.8190	77.4365	1240	
10470457	Beg	Uttar Pradesh	27.4330	79.4404	1237	
8986227	Nayabazar	Sikkim	27.1467	88.2798	1235	
8740296	Naina Devi	Himachal Pradesh	31.3060	76.5364	1204	
7287889	Palackattumala	Kerala	9.7436	76.6294	1200	
12402219	Ajani Khurd	Maharashtra	18.6199	76.9412	1178	
13156977	Shakar Pur Baramad	Delhi	28.6208	77.2794	1178	
13546225	Budhikhamari	Odisha	22.0921	86.4934	1170	
13157032	Valsad INA	Gujarat	20.6228	72.9710	1162	
1441972	Net	Rajasthan	25.5852	75.5709	1159	
13645566	Lit	Punjab	31.4966	75.4835	1151	
11689331	Patpat	Jharkhand	22.8407	85.8099	1150	Pat Pat
10807126	Mad	Rajasthan	25.3427	73.9727	1149	
12402201	Koyali	Maharashtra	20.0295	76.4907	1148	
12402202	Pimpalkhuta	Maharashtra	20.0145	76.4999	1144	
10673154	Mubarakpur Net	Uttar Pradesh	25.7107	83.6980	1140	
12402294	Wadgaon Sarhad	Maharashtra	19.9035	76.4823	1136	
10703286	Job	Chhattisgarh	21.0034	80.5269	1088	
13589599	Pariswani	Jammu and Kashmir	34.0602	74.4860	1088	
10802328	Dad	Rajasthan	23.3691	73.8942	1086	
1253488	Valia	Gujarat	21.5708	73.1602	1084	
10564658	Dubai	Uttar Pradesh	27.0836	81.7513	1081	
12523348	West Bunghmun	Mizoram	23.1802	92.4870	1081	W.Bunghmun
13645550	Kawlchaw ?E?	Mizoram	22.4018	92.9524	1071	Kawlchaw East
1261588	Naya Bazar	Sikkim	27.1308	88.2397	1035	
10521268	Doha	Uttar Pradesh	25.4823	80.4782	1033	
11280421	Garha Brahman	Madhya Pradesh	23.8687	77.3573	1013	
1267393	Kavalur	Karnataka	15.2883	75.9433	1010	
13546251	Aar	Rajasthan	24.5077	73.5769	1007	
11169179	Hawai	Arunachal Pradesh	27.8868	96.8017	982	
1255531	Sukma	Chhattisgarh	18.3901	81.6594	0	Sunkon
1271422	George Town	Tamil Nadu	13.0926	80.2801	0	
1445978	Shahmirpet	Telangana	17.5946	78.5749	0	
8690167	Kalimpong, Kruketi	West Bengal	27.0562	88.4621	0	
8993350	Neemuch	Rajasthan	24.4764	74.8624	0	Nimach
9199850	Dasarahalli	Karnataka	13.0990	77.8320	0	
9782274	Mushalpur	Assam	26.5792	91.4261	0	
10263259	Defence Colony	Delhi	28.5714	77.2327	0	
11185376	Hatsingimari	Assam	25.7099	89.9008	0	
11875588	Kamjong	Manipur	24.8585	94.5155	0	
11875591	Pherzawl	Manipur	24.2623	93.1887	0	
11875592	Chandel	Manipur	24.3299	94.0038	0	
11875594	Tengnoupal	Manipur	24.3855	94.1472	0	
11875605	Garamur	Assam	26.9489	94.1720	0	
11875607	Bishramganj	Tripura	23.6058	91.3435	0	
11875610	Ampati	Meghalaya	25.4623	89.9333	0	
11875611	Khliehriat	Meghalaya	25.3578	92.3664	0	
11875612	Shahdara	Delhi	28.6031	77.1399	0	
11875615	Hamren	Assam	25.9335	92.6166	0	
11875616	Sonari	Assam	27.0734	95.0275	0	
11875617	Pangin	Arunachal Pradesh	28.2102	94.9887	0	
12165954	Lemmi	Arunachal Pradesh	27.1467	93.2464	0	
12165957	Hnahthial	Mizoram	22.9100	92.7600	0	
12465603	Amaravati	Andhra Pradesh	16.5417	80.5153	0	
12501199	Haveli	Maharashtra	18.4297	73.8822	0	
12501200	Jaoli	Maharashtra	17.9482	73.6217	0	
12503488	Nautan	Bihar	26.7203	84.4754	0	
12503492	Khanpur	Gujarat	23.2835	73.6815	0	
12519375	Tato	Arunachal Pradesh	28.5275	94.3725	0	
12524289	Raga	Arunachal Pradesh	27.7993	94.0743	0	
13607664	Harsiddhi Society, Ram Talavadi, Mission Road, Nadiad	Gujarat	22.7048	72.8429	0	
